sample_id,split,lat,lon,label,label_name,category,spatial_block_id,tile_id,sequence_id,mapillary_id,objectid,captured_at_utc,original_split
000000,train,26.430324970710444,-82.08015561103821,0,0_MinorDamage,0_MinorDamage,grid_0.005_23286_19583,grid_0.005_23286_19583,8isur9JBeVPXWMDpmQNSqw,1000505234720283,1000505234720283,2022-10-20T15:57:30Z,train
000001,train,26.5274006134689,-81.93253219127655,0,0_MinorDamage,0_MinorDamage,grid_0.005_23305_19613,grid_0.005_23305_19613,0dpIPURQ5m1EHrfXvBolaS,1000964141089948,1000964141089948,2022-09-30T16:01:45Z,train
000002,train,26.42885022254549,-82.10343182086945,0,0_MinorDamage,0_MinorDamage,grid_0.005_23285_19579,grid_0.005_23285_19579,0M2YgdFsf6GZmIwQJy5APK,1001869667654149,1001869667654149,2022-10-22T18:17:09Z,train
000003,test,26.44355842980403,-82.06153571605681,0,0_MinorDamage,0_MinorDamage,grid_0.005_23288_19587,grid_0.005_23288_19587,wsuK3zob9RL5EY1FcZThlt,1002059407580158,1002059407580158,2022-10-22T17:04:19Z,train
000004,train,26.439912775503444,-82.06417500972748,0,0_MinorDamage,0_MinorDamage,grid_0.005_23287_19587,grid_0.005_23287_19587,lAtIQeO0Rwg2YVoC6Pa93F,1002227294550675,1002227294550675,2022-10-22T19:31:20Z,train
000005,train,26.43408621366217,-82.09964454174042,0,0_MinorDamage,0_MinorDamage,grid_0.005_23286_19580,grid_0.005_23286_19580,0M2YgdFsf6GZmIwQJy5APK,1002478297575507,1002478297575507,2022-10-22T18:20:36Z,train
000006,test,26.44705987848036,-82.0394504070282,0,0_MinorDamage,0_MinorDamage,grid_0.005_23289_19592,grid_0.005_23289_19592,n8NHRsX3PiA1YpCSMoy20F,1002630847381932,1002630847381932,2022-10-21T18:52:28Z,train
000007,train,26.64524356401208,-82.05580651760101,0,0_MinorDamage,0_MinorDamage,grid_0.005_23329_19588,grid_0.005_23329_19588,hpNV8qm2UeKswaICARQF7n,1003500521014459,1003500521014459,2022-10-01T18:42:33Z,train
000008,train,26.441709199285995,-82.10511088371277,0,0_MinorDamage,0_MinorDamage,grid_0.005_23288_19578,grid_0.005_23288_19578,eXyup5h9qxj1LgGNY3DQiP,1003901977276237,1003901977276237,2022-10-22T17:36:49Z,train
000009,train,26.43938921356844,-82.0818293094635,0,0_MinorDamage,0_MinorDamage,grid_0.005_23287_19583,grid_0.005_23287_19583,eGaqwKdfoI8yJ7kgjAtD3F,1005556460601983,1005556460601983,2022-10-22T17:33:42Z,train
000010,test,26.4409454824375,-82.06057012081146,0,0_MinorDamage,0_MinorDamage,grid_0.005_23288_19587,grid_0.005_23288_19587,GFA5Eq24e1SxuJVjWM0kyt,1007623667350894,1007623667350894,2022-10-20T16:02:12Z,train
000011,train,26.59665314283416,-81.89002454280853,0,0_MinorDamage,0_MinorDamage,grid_0.005_23319_19621,grid_0.005_23319_19621,GsUfeMbK7JEiHPl9ApZI1O,1009063900464554,1009063900464554,2022-10-01T18:04:51Z,train
000012,train,26.44135856261937,-82.0384955406189,0,0_MinorDamage,0_MinorDamage,grid_0.005_23288_19592,grid_0.005_23288_19592,oAbgmNBZR9JTjufiX5eCxP,1009702610400401,1009702610400401,2022-10-20T17:03:08Z,train
000013,train,26.516696879843938,-81.94108307361603,0,0_MinorDamage,0_MinorDamage,grid_0.005_23303_19611,grid_0.005_23303_19611,yncdCTLtEA1KWF8xI7hjbm,1011195976888268,1011195976888268,2022-10-02T18:02:24Z,train
000014,train,26.643407171906546,-82.04629004001617,0,0_MinorDamage,0_MinorDamage,grid_0.005_23328_19590,grid_0.005_23328_19590,ZlwAMhydcTg7IXmteuPW65,1011237339644693,1011237339644693,2022-10-02T12:41:57.333000Z,train
000015,train,26.45134888798414,-82.13072597980499,0,0_MinorDamage,0_MinorDamage,grid_0.005_23290_19573,grid_0.005_23290_19573,2Paqk0DWtz8RdQbBmMsEnO,1011431913369103,1011431913369103,2022-10-20T14:22:15Z,train
000016,train,26.43203027486966,-82.10363030433655,0,0_MinorDamage,0_MinorDamage,grid_0.005_23286_19579,grid_0.005_23286_19579,5ZrTVbvnpkBCqAUuj4foc1,1012578786815481,1012578786815481,2022-10-22T18:28:11Z,train
000017,test,26.44740569479677,-82.03837215900421,0,0_MinorDamage,0_MinorDamage,grid_0.005_23289_19592,grid_0.005_23289_19592,vJTbXQK6BOxPeaoVgcHlrM,1016647819515580,1016647819515580,2022-10-22T19:49:13Z,train
000018,test,26.447444118767848,-82.03834533691406,0,0_MinorDamage,0_MinorDamage,grid_0.005_23289_19592,grid_0.005_23289_19592,vJTbXQK6BOxPeaoVgcHlrM,1017534726269649,1017534726269649,2022-10-22T19:49:14Z,train
000019,train,26.593976520898067,-82.03568458557129,0,0_MinorDamage,0_MinorDamage,grid_0.005_23318_19592,grid_0.005_23318_19592,GUTHyQZaqr5AKCSzi3wuc8,1019013942603259,1019013942603259,2022-10-01T18:52:01Z,train
000020,train,26.602567391871403,-81.87166213989258,0,0_MinorDamage,0_MinorDamage,grid_0.005_23320_19625,grid_0.005_23320_19625,3b7Seq5IvynogcVhRjwrHT,1020868502405795,1020868502405795,2022-10-04T17:17:54Z,train
000021,train,26.66058563359504,-82.05581724643707,0,0_MinorDamage,0_MinorDamage,grid_0.005_23332_19588,grid_0.005_23332_19588,fUL31KX9eukHREaZDYrxBi,1022943172398711,1022943172398711,2022-10-06T18:26:33Z,train
000022,train,26.44583510400969,-82.05838143825531,0,0_MinorDamage,0_MinorDamage,grid_0.005_23289_19588,grid_0.005_23289_19588,vItnjg2h4oOkUXx819qbfM,1023553799033968,1023553799033968,2022-10-21T20:16:22Z,train
000023,train,26.666649976739265,-81.82972311973572,0,0_MinorDamage,0_MinorDamage,grid_0.005_23333_19634,grid_0.005_23333_19634,WZvDsgIM57EqnltP1Oxrdy,1025027341838476,1025027341838476,2022-10-04T17:50:27Z,train
000024,train,26.4305219226203,-82.06773161888123,0,0_MinorDamage,0_MinorDamage,grid_0.005_23286_19586,grid_0.005_23286_19586,njtp7LVIeUbyEwXSkgYzCT,1026806525358300,1026806525358300,2022-10-20T13:41:54Z,train
000026,train,26.58799466819434,-81.88466012477875,0,0_MinorDamage,0_MinorDamage,grid_0.005_23317_19623,grid_0.005_23317_19623,LAfaqUIhtYyXgkoBSlTnVQ,1028730401471791,1028730401471791,2022-09-30T15:24:35Z,train
000027,test,26.449389315552807,-82.037792801857,0,0_MinorDamage,0_MinorDamage,grid_0.005_23289_19592,grid_0.005_23289_19592,vJTbXQK6BOxPeaoVgcHlrM,1031469054951735,1031469054951735,2022-10-22T19:49:35Z,train
000028,train,26.526291887396425,-81.93385183811188,0,0_MinorDamage,0_MinorDamage,grid_0.005_23305_19613,grid_0.005_23305_19613,0dpIPURQ5m1EHrfXvBolaS,1032355964796987,1032355964796987,2022-09-30T16:01:55Z,train
000029,train,26.42923932731381,-82.10452616214752,0,0_MinorDamage,0_MinorDamage,grid_0.005_23285_19579,grid_0.005_23285_19579,mlt8kfA0uSC5rYi7VQhg2P,1034080204416987,1034080204416987,2022-10-20T15:49:57Z,test
000030,train,26.60715276302928,-82.02698886394501,0,0_MinorDamage,0_MinorDamage,grid_0.005_23321_19594,grid_0.005_23321_19594,odESNfzg9IKCl41Vkcmr7X,1035408454111416,1035408454111416,2022-10-01T18:49:11Z,train
000031,train,26.53939432901703,-82.19463229179382,0,0_MinorDamage,0_MinorDamage,grid_0.005_23307_19561,grid_0.005_23307_19561,6o40Ksad9vEmtgTrx7VLPR,1036487207760358,1036487207760358,2022-10-20T14:56:17Z,train
000032,train,26.69578309153343,-82.05558657646179,0,0_MinorDamage,0_MinorDamage,grid_0.005_23339_19588,grid_0.005_23339_19588,sd2tRl8cCQY59mo7ZzjiGp,1038810830821034,1038810830821034,2022-10-06T18:33:37Z,train
000033,val,26.4541921298693,-82.0362800359726,0,0_MinorDamage,0_MinorDamage,grid_0.005_23290_19592,grid_0.005_23290_19592,vJTbXQK6BOxPeaoVgcHlrM,1039908580323783,1039908580323783,2022-10-22T19:50:22Z,train
000034,train,26.450205808117857,-82.02007412910461,0,0_MinorDamage,0_MinorDamage,grid_0.005_23290_19595,grid_0.005_23290_19595,DtjgKvhZzkac5eR0ICSP47,104078525924854,104078525924854,2022-10-21T17:47:03Z,train
000035,train,26.4402249902039,-82.10037410259247,0,0_MinorDamage,0_MinorDamage,grid_0.005_23288_19579,grid_0.005_23288_19579,eXyup5h9qxj1LgGNY3DQiP,1041136517045132,1041136517045132,2022-10-22T17:36:14Z,train
000036,val,26.562749438805863,-81.97188556194305,0,0_MinorDamage,0_MinorDamage,grid_0.005_23312_19605,grid_0.005_23312_19605,7bhZ5InU1C36A0pYTlgVRS,1043962920318112,1043962920318112,2022-10-01T19:14:23Z,train
000037,train,26.42977254282616,-82.10628569126129,0,0_MinorDamage,0_MinorDamage,grid_0.005_23285_19578,grid_0.005_23285_19578,0M2YgdFsf6GZmIwQJy5APK,1046582689642933,1046582689642933,2022-10-22T18:16:38Z,train
000038,train,26.45077734946922,-82.02024042606354,0,0_MinorDamage,0_MinorDamage,grid_0.005_23290_19595,grid_0.005_23290_19595,DtjgKvhZzkac5eR0ICSP47,1046907673378220,1046907673378220,2022-10-21T17:47:47Z,train
000039,train,26.42621292227554,-82.08012342453003,0,0_MinorDamage,0_MinorDamage,grid_0.005_23285_19583,grid_0.005_23285_19583,8isur9JBeVPXWMDpmQNSqw,1047479979968968,1047479979968968,2022-10-20T15:56:53Z,train
000040,train,26.4541104836996,-82.04023897647858,0,0_MinorDamage,0_MinorDamage,grid_0.005_23290_19591,grid_0.005_23290_19591,0YIfZrHA3aCDs75ngd9Kcx,1049084359387911,1049084359387911,2022-10-20T16:33:59Z,train
000041,train,26.439816709271582,-82.05840289592743,0,0_MinorDamage,0_MinorDamage,grid_0.005_23287_19588,grid_0.005_23287_19588,X52NQsIPtuAZHEwoBkDhqv,1051576372468170,1051576372468170,2022-10-21T16:57:03Z,train
000042,train,26.58147519609294,-82.02409744262695,0,0_MinorDamage,0_MinorDamage,grid_0.005_23316_19595,grid_0.005_23316_19595,5wczXGIBWDLksvTdh2g8JS,1052586999059379,1052586999059379,2022-10-01T18:55:02Z,train
000043,test,26.463331332176907,-82.03180074691772,0,0_MinorDamage,0_MinorDamage,grid_0.005_23292_19593,grid_0.005_23292_19593,V5ucivCID0wpRWN2z19Gsg,1055853758715613,1055853758715613,2022-10-22T19:51:53Z,test
000044,train,26.558416602422326,-82.03160226345062,0,0_MinorDamage,0_MinorDamage,grid_0.005_23311_19593,grid_0.005_23311_19593,AlyPK485vh9iLZarzDO1Vw,1059620291679410,1059620291679410,2022-10-01T19:05:10Z,test
000045,train,26.445542116813925,-82.04346835613251,0,0_MinorDamage,0_MinorDamage,grid_0.005_23289_19591,grid_0.005_23289_19591,vJTbXQK6BOxPeaoVgcHlrM,1060758674896926,1060758674896926,2022-10-22T19:48:03Z,train
000046,train,26.4289511016856,-82.06382632255554,0,0_MinorDamage,0_MinorDamage,grid_0.005_23285_19587,grid_0.005_23285_19587,d9OWh4IQeMXLPraFD8HZpy,106442599019360,106442599019360,2022-10-21T17:05:52Z,train
000047,val,26.44361126452553,-82.05926656723022,0,0_MinorDamage,0_MinorDamage,grid_0.005_23288_19588,grid_0.005_23288_19588,wsuK3zob9RL5EY1FcZThlt,1064446728054651,1064446728054651,2022-10-22T17:05:48Z,train
000048,train,26.450969463572235,-82.0210075378418,0,0_MinorDamage,0_MinorDamage,grid_0.005_23290_19595,grid_0.005_23290_19595,DtjgKvhZzkac5eR0ICSP47,106637198945992,106637198945992,2022-10-21T17:48:03Z,train
000049,train,26.529843612773448,-81.92972660064697,0,0_MinorDamage,0_MinorDamage,grid_0.005_23305_19614,grid_0.005_23305_19614,0dpIPURQ5m1EHrfXvBolaS,1067886670854227,1067886670854227,2022-09-30T16:01:27Z,test
000050,train,26.548742702295115,-81.95684909820557,0,0_MinorDamage,0_MinorDamage,grid_0.005_23309_19608,grid_0.005_23309_19608,Ji8ThzOkeWg6AvlIbStQjm,1071123703849897,1071123703849897,2022-10-01T19:19:11Z,train
000051,train,26.430377811499795,-82.09857702255249,0,0_MinorDamage,0_MinorDamage,grid_0.005_23286_19580,grid_0.005_23286_19580,5ZrTVbvnpkBCqAUuj4foc1,1075990400454617,1075990400454617,2022-10-22T18:24:40Z,test
000052,train,26.43507093771061,-82.0551735162735,0,0_MinorDamage,0_MinorDamage,grid_0.005_23287_19588,grid_0.005_23287_19588,NyYzSUec6DpPEo8ZrBnL17,107904698871161,107904698871161,2022-10-21T19:22:24Z,train
000053,train,26.50770593258701,-81.97067320346832,0,0_MinorDamage,0_MinorDamage,grid_0.005_23301_19605,grid_0.005_23301_19605,UiTVbHcRCdI730PgBtJYFL,1082302266063855,1082302266063855,2022-10-02T16:10:59Z,train
000054,train,26.450407528918703,-82.05611765384674,0,0_MinorDamage,0_MinorDamage,grid_0.005_23290_19588,grid_0.005_23290_19588,6Enx3OZopQHazvV5Aye4tg,1083115139749635,1083115139749635,2022-10-21T19:37:45Z,train
000055,train,26.504840010245616,-81.97801172733307,0,0_MinorDamage,0_MinorDamage,grid_0.005_23300_19604,grid_0.005_23300_19604,gGiay1PDJMqSpoxQ67F2fE,1090940798532400,1090940798532400,2022-10-02T15:44:44Z,train
000056,val,26.440114514329693,-82.05841362476349,0,0_MinorDamage,0_MinorDamage,grid_0.005_23288_19588,grid_0.005_23288_19588,X52NQsIPtuAZHEwoBkDhqv,1091227205610784,1091227205610784,2022-10-21T16:57:00Z,train
000057,train,26.517234490266105,-81.94114208221436,0,0_MinorDamage,0_MinorDamage,grid_0.005_23303_19611,grid_0.005_23303_19611,yncdCTLtEA1KWF8xI7hjbm,1096227245123079,1096227245123079,2022-10-02T18:02:12Z,train
000058,train,26.587294286488856,-81.894611120224,0,0_MinorDamage,0_MinorDamage,grid_0.005_23317_19621,grid_0.005_23317_19621,8A7LHDQn1ygtXENFlMw6hP,109841905474203,109841905474203,2022-09-30T15:51:50Z,train
000059,train,26.63761970649165,-82.03916072845459,0,0_MinorDamage,0_MinorDamage,grid_0.005_23327_19592,grid_0.005_23327_19592,U68fF4V9iwhXobvN7Du1SP,1101127770585414,1101127770585414,2022-10-02T12:34:39Z,train
000060,train,26.442991655812875,-82.03991711139679,0,0_MinorDamage,0_MinorDamage,grid_0.005_23288_19592,grid_0.005_23288_19592,5bS0CBxDknPTVWIs6OLvru,1108102679861795,1108102679861795,2022-10-21T17:15:19Z,train
000061,train,26.52873491029985,-82.19196617603302,0,0_MinorDamage,0_MinorDamage,grid_0.005_23305_19561,grid_0.005_23305_19561,UrYR9Pj1lqNfZIh4g76Ozp,111044358706332,111044358706332,2022-10-20T14:47:01Z,train
000062,train,26.55656442084008,-81.90187454223634,0,0_MinorDamage,0_MinorDamage,grid_0.005_23311_19619,grid_0.005_23311_19619,x5dDWwRLGpSfraO7AbKz16,1111093186366222,1111093186366222,2022-09-29T19:19:45Z,train
000063,train,26.643239353922965,-82.04617738723755,0,0_MinorDamage,0_MinorDamage,grid_0.005_23328_19590,grid_0.005_23328_19590,ZlwAMhydcTg7IXmteuPW65,1113768959304925,1113768959304925,2022-10-02T12:41:58.714000Z,train
000064,train,26.644749706897134,-82.04999148845673,0,0_MinorDamage,0_MinorDamage,grid_0.005_23328_19590,grid_0.005_23328_19590,XefzjmUaV32kJsGZDPnY6B,1116847812275427,1116847812275427,2022-10-02T12:41:27.333000Z,train
000065,train,26.53871284696153,-82.19433724880219,0,0_MinorDamage,0_MinorDamage,grid_0.005_23307_19561,grid_0.005_23307_19561,UrYR9Pj1lqNfZIh4g76Ozp,111922135284672,111922135284672,2022-10-20T14:49:21Z,test
000066,val,26.444740000514383,-82.05611228942871,0,0_MinorDamage,0_MinorDamage,grid_0.005_23288_19588,grid_0.005_23288_19588,6Enx3OZopQHazvV5Aye4tg,1120078975355055,1120078975355055,2022-10-21T19:36:51Z,train
000067,train,26.428970316749925,-82.06220090389252,0,0_MinorDamage,0_MinorDamage,grid_0.005_23285_19587,grid_0.005_23285_19587,d9OWh4IQeMXLPraFD8HZpy,112357101753521,112357101753521,2022-10-21T17:06:10Z,test
000068,train,26.60228439746244,-81.87164068222046,0,0_MinorDamage,0_MinorDamage,grid_0.005_23320_19625,grid_0.005_23320_19625,3b7Seq5IvynogcVhRjwrHT,1124238921633484,1124238921633484,2022-10-04T17:17:50Z,train
000069,train,26.727443365405747,-82.06331133842468,0,0_MinorDamage,0_MinorDamage,grid_0.005_23345_19587,grid_0.005_23345_19587,lNF4GEDycBA6ZfXdQtuV10,1125787828823873,1125787828823873,2022-10-06T18:44:36Z,train
000070,val,26.439485280156745,-82.06568777561188,0,0_MinorDamage,0_MinorDamage,grid_0.005_23287_19586,grid_0.005_23287_19586,ojkNER9alymT7XHIBhWvS2,1126167118074192,1126167118074192,2022-10-21T16:44:49Z,test
000071,train,26.458000619213507,-82.04392433166504,0,0_MinorDamage,0_MinorDamage,grid_0.005_23291_19591,grid_0.005_23291_19591,0YIfZrHA3aCDs75ngd9Kcx,1127553184869388,1127553184869388,2022-10-20T16:30:14Z,train
000072,train,26.455200695426385,-82.04134941101074,0,0_MinorDamage,0_MinorDamage,grid_0.005_23291_19591,grid_0.005_23291_19591,cjXdAN6SYHtunWF5TIOlCq,1130281657669330,1130281657669330,2022-10-21T18:54:37Z,train
000073,test,26.46109342328425,-82.03288972377777,0,0_MinorDamage,0_MinorDamage,grid_0.005_23292_19593,grid_0.005_23292_19593,vJTbXQK6BOxPeaoVgcHlrM,113035445172035,113035445172035,2022-10-22T19:51:30Z,train
000074,test,26.462284418840667,-82.03231036663055,0,0_MinorDamage,0_MinorDamage,grid_0.005_23292_19593,grid_0.005_23292_19593,vJTbXQK6BOxPeaoVgcHlrM,1130947317887079,1130947317887079,2022-10-22T19:51:42Z,train
000075,train,26.43459538909869,-82.0583438873291,0,0_MinorDamage,0_MinorDamage,grid_0.005_23286_19588,grid_0.005_23286_19588,X52NQsIPtuAZHEwoBkDhqv,1131534374211168,1131534374211168,2022-10-21T16:59:36Z,train
000076,train,26.43556569832498,-82.0510482788086,0,0_MinorDamage,0_MinorDamage,grid_0.005_23287_19589,grid_0.005_23287_19589,cK9RIBTNm6s1M7DYd2raCk,1138827936826067,1138827936826067,2022-10-21T19:27:08Z,test
000077,train,26.43944205020192,-82.07607865333557,0,0_MinorDamage,0_MinorDamage,grid_0.005_23287_19584,grid_0.005_23287_19584,eGaqwKdfoI8yJ7kgjAtD3F,1144659913603894,1144659913603894,2022-10-22T17:31:38Z,train
000078,train,26.45523911679672,-82.04141914844513,0,0_MinorDamage,0_MinorDamage,grid_0.005_23291_19591,grid_0.005_23291_19591,tTMujQinkPSmUalNr8ODYC,115518164767270,115518164767270,2022-10-21T19:01:52Z,test
000079,train,26.43086778857444,-82.06685721874237,0,0_MinorDamage,0_MinorDamage,grid_0.005_23286_19586,grid_0.005_23286_19586,njtp7LVIeUbyEwXSkgYzCT,1156912431932967,1156912431932967,2022-10-20T13:41:46Z,train
000080,train,26.45640135719009,-82.042475938797,0,0_MinorDamage,0_MinorDamage,grid_0.005_23291_19591,grid_0.005_23291_19591,tTMujQinkPSmUalNr8ODYC,116234374694787,116234374694787,2022-10-21T19:01:32Z,train
000081,train,26.62136816367732,-81.862011551857,0,0_MinorDamage,0_MinorDamage,grid_0.005_23324_19627,grid_0.005_23324_19627,0n7hGLKEry3cxT9IVFBND1,1164455918279749,1164455918279749,2022-09-30T20:11:34Z,train
000082,train,26.455700172240924,-82.04181075096129,0,0_MinorDamage,0_MinorDamage,grid_0.005_23291_19591,grid_0.005_23291_19591,cjXdAN6SYHtunWF5TIOlCq,1168946517123316,1168946517123316,2022-10-21T18:54:43Z,train
000083,train,26.588695045614827,-81.9419252872467,0,0_MinorDamage,0_MinorDamage,grid_0.005_23317_19611,grid_0.005_23317_19611,RzaBZgGVuFHNtYlpPnj9wq,1172273600372672,1172273600372672,2022-10-02T11:25:36Z,train
000084,val,26.44127690735202,-82.05947577953339,0,0_MinorDamage,0_MinorDamage,grid_0.005_23288_19588,grid_0.005_23288_19588,X52NQsIPtuAZHEwoBkDhqv,1172346280138781,1172346280138781,2022-10-21T16:56:32Z,train
000085,train,26.459450981779213,-82.03371584415436,0,0_MinorDamage,0_MinorDamage,grid_0.005_23291_19593,grid_0.005_23291_19593,hVtUpWFmwBTMDKgo9CRPIS,1173723079942859,1173723079942859,2022-10-21T21:24:11Z,train
000086,train,26.56048947481638,-81.95787370204924,0,0_MinorDamage,0_MinorDamage,grid_0.005_23312_19608,grid_0.005_23312_19608,tIAfNHcP8OTlo2Xp1krhSu,1176502396299647,1176502396299647,2022-10-02T11:57:35Z,train
000087,train,26.46047390862697,-82.04791009426117,0,0_MinorDamage,0_MinorDamage,grid_0.005_23292_19590,grid_0.005_23292_19590,0YIfZrHA3aCDs75ngd9Kcx,117944744673883,117944744673883,2022-10-20T16:29:23Z,train
000088,train,26.55649244426776,-81.95826530456543,0,0_MinorDamage,0_MinorDamage,grid_0.005_23311_19608,grid_0.005_23311_19608,ZPlHNo3BhFseuWtwfCJd26,1179506302688252,1179506302688252,2022-10-02T11:48:04Z,train
000089,val,26.56275423698348,-81.97051227092743,0,0_MinorDamage,0_MinorDamage,grid_0.005_23312_19605,grid_0.005_23312_19605,7bhZ5InU1C36A0pYTlgVRS,1180295782666417,1180295782666417,2022-10-01T19:14:32Z,train
000090,train,26.457261023321223,-82.03478872776031,0,0_MinorDamage,0_MinorDamage,grid_0.005_23291_19593,grid_0.005_23291_19593,hVtUpWFmwBTMDKgo9CRPIS,118437730986225,118437730986225,2022-10-21T21:23:48Z,train
000091,train,26.578068996078983,-81.94302499294281,0,0_MinorDamage,0_MinorDamage,grid_0.005_23315_19611,grid_0.005_23315_19611,9uzlTMKG3m8k6wjEaQiXNZ,1184538805480560,1184538805480560,2022-10-02T11:33:22Z,train
000092,train,26.57338170734405,-82.03468680381775,0,0_MinorDamage,0_MinorDamage,grid_0.005_23314_19593,grid_0.005_23314_19593,IbPKsX6RDFErtiJYACNo9z,1187844111910876,1187844111910876,2022-10-01T18:58:45Z,train
000093,train,26.46035384726117,-82.047700881958,0,0_MinorDamage,0_MinorDamage,grid_0.005_23292_19590,grid_0.005_23292_19590,cjXdAN6SYHtunWF5TIOlCq,1193280791281562,1193280791281562,2022-10-21T18:56:10Z,train
000094,val,26.443947484912755,-82.0585960149765,0,0_MinorDamage,0_MinorDamage,grid_0.005_23288_19588,grid_0.005_23288_19588,mOxFlgIhNsDMV6H72nawdZ,1195521571113998,1195521571113998,2022-10-22T16:50:58Z,train
000095,train,26.43940842689252,-82.04370975494383,0,0_MinorDamage,0_MinorDamage,grid_0.005_23287_19591,grid_0.005_23287_19591,PioLgY63BXl1ItahOyTeME,1195607351378827,1195607351378827,2022-10-21T17:11:06Z,train
000096,train,26.430800536942428,-82.06395506858826,0,0_MinorDamage,0_MinorDamage,grid_0.005_23286_19587,grid_0.005_23286_19587,d9OWh4IQeMXLPraFD8HZpy,1196079777945684,1196079777945684,2022-10-21T17:05:33Z,train
000097,train,26.452376689605103,-82.02121675014496,0,0_MinorDamage,0_MinorDamage,grid_0.005_23290_19595,grid_0.005_23290_19595,DtjgKvhZzkac5eR0ICSP47,1196649131219699,1196649131219699,2022-10-21T17:43:02Z,train
000098,train,26.614332624523485,-81.86081528663635,0,0_MinorDamage,0_MinorDamage,grid_0.005_23322_19627,grid_0.005_23322_19627,0n7hGLKEry3cxT9IVFBND1,1199524968111909,1199524968111909,2022-09-30T20:09:56Z,train
000099,train,26.44418283859996,-82.11184322834015,0,0_MinorDamage,0_MinorDamage,grid_0.005_23288_19577,grid_0.005_23288_19577,2Paqk0DWtz8RdQbBmMsEnO,120262707748138,120262707748138,2022-10-20T14:19:47Z,train
000100,train,26.561516300497047,-81.95787906646729,0,0_MinorDamage,0_MinorDamage,grid_0.005_23312_19608,grid_0.005_23312_19608,tIAfNHcP8OTlo2Xp1krhSu,1203202857207305,1203202857207305,2022-10-02T11:57:43Z,train
000101,train,26.578755041694293,-81.88064217567444,0,0_MinorDamage,0_MinorDamage,grid_0.005_23315_19623,grid_0.005_23315_19623,eCyYuSTjx2BgQfoV1Nt6JH,1203568740317939,1203568740317939,2022-10-04T16:37:53Z,test
000102,train,26.4397494628616,-82.07933485507965,0,0_MinorDamage,0_MinorDamage,grid_0.005_23287_19584,grid_0.005_23287_19584,eGaqwKdfoI8yJ7kgjAtD3F,1204805143527632,1204805143527632,2022-10-22T17:33:08Z,train
000103,train,26.445402827557857,-82.03400552272797,0,0_MinorDamage,0_MinorDamage,grid_0.005_23289_19593,grid_0.005_23289_19593,9UT5ZHyS3c7kMrjfsgzh10,1206229040071154,1206229040071154,2022-10-20T18:15:16Z,train
000104,train,26.53296808030153,-81.92597687244417,0,0_MinorDamage,0_MinorDamage,grid_0.005_23306_19614,grid_0.005_23306_19614,0dpIPURQ5m1EHrfXvBolaS,1207216583323506,1207216583323506,2022-09-30T16:01:01Z,train
000105,train,26.454696413752103,-82.04089343547821,0,0_MinorDamage,0_MinorDamage,grid_0.005_23290_19591,grid_0.005_23290_19591,cjXdAN6SYHtunWF5TIOlCq,1207473393508040,1207473393508040,2022-10-21T18:54:30Z,train
000106,train,26.57338650507645,-82.0355075597763,0,0_MinorDamage,0_MinorDamage,grid_0.005_23314_19592,grid_0.005_23314_19592,IbPKsX6RDFErtiJYACNo9z,1207592639822439,1207592639822439,2022-10-01T18:58:40Z,train
000107,test,26.443649689762296,-82.06141769886018,0,0_MinorDamage,0_MinorDamage,grid_0.005_23288_19587,grid_0.005_23288_19587,wsuK3zob9RL5EY1FcZThlt,1209521009725766,1209521009725766,2022-10-22T17:05:02Z,train
000108,train,26.44386102833549,-82.11117267608643,0,0_MinorDamage,0_MinorDamage,grid_0.005_23288_19577,grid_0.005_23288_19577,2Paqk0DWtz8RdQbBmMsEnO,1209699836440062,1209699836440062,2022-10-20T14:19:40Z,train
000109,train,26.5270118406108,-81.9329935312271,0,0_MinorDamage,0_MinorDamage,grid_0.005_23305_19613,grid_0.005_23305_19613,0dpIPURQ5m1EHrfXvBolaS,1211294609544575,1211294609544575,2022-09-30T16:01:48Z,train
000110,val,26.451757128043923,-82.03716516494751,0,0_MinorDamage,0_MinorDamage,grid_0.005_23290_19592,grid_0.005_23290_19592,hVtUpWFmwBTMDKgo9CRPIS,1212679899332502,1212679899332502,2022-10-21T21:22:48Z,train
000111,train,26.57348245968204,-82.03376948833466,0,0_MinorDamage,0_MinorDamage,grid_0.005_23314_19593,grid_0.005_23314_19593,7KzyVZCGDc9EQamML5gwsT,1212953262790409,1212953262790409,2022-10-01T18:57:57Z,train
000112,train,26.445580541406628,-82.03248739242554,0,0_MinorDamage,0_MinorDamage,grid_0.005_23289_19593,grid_0.005_23289_19593,9oftQ5hvKsIWYCqU7guZaA,1213287002899441,1213287002899441,2022-10-21T18:28:05Z,train
000113,train,26.448260625122728,-82.03063130378723,0,0_MinorDamage,0_MinorDamage,grid_0.005_23289_19593,grid_0.005_23289_19593,9oftQ5hvKsIWYCqU7guZaA,1214644822767382,1214644822767382,2022-10-21T18:33:35Z,train
000114,train,26.43632464737213,-82.04990565776825,0,0_MinorDamage,0_MinorDamage,grid_0.005_23287_19590,grid_0.005_23287_19590,cK9RIBTNm6s1M7DYd2raCk,1215041172739101,1215041172739101,2022-10-21T19:27:24Z,train
000115,test,26.44101272814943,-82.06271052360535,0,0_MinorDamage,0_MinorDamage,grid_0.005_23288_19587,grid_0.005_23288_19587,wJ8ZYp4KuVjgI6xsXOUWkA,1216028302439904,1216028302439904,2022-10-22T17:12:45Z,train
000116,train,26.434936439312324,-82.05810248851776,0,0_MinorDamage,0_MinorDamage,grid_0.005_23286_19588,grid_0.005_23286_19588,X52NQsIPtuAZHEwoBkDhqv,1221228948740586,1221228948740586,2022-10-21T16:59:31Z,train
000117,train,26.44400992573378,-82.11155891418457,0,0_MinorDamage,0_MinorDamage,grid_0.005_23288_19577,grid_0.005_23288_19577,Hdxcg6t5vyaoX8lCwfM391,1223887024980410,1223887024980410,2022-10-20T15:43:54Z,train
000118,train,26.43738620695796,-82.07935631275177,0,0_MinorDamage,0_MinorDamage,grid_0.005_23287_19584,grid_0.005_23287_19584,FDdzYnaCWL8jJN0GwxMkmV,1224878795053933,1224878795053933,2022-10-21T16:36:33Z,train
000119,train,26.56859826818504,-82.017263174057,0,0_MinorDamage,0_MinorDamage,grid_0.005_23313_19596,grid_0.005_23313_19596,xrLUbi76VDhcX0HezIAagY,1225624028033652,1225624028033652,2022-10-02T12:18:29.571000Z,train
000120,train,26.44813094508831,-82.03411281108856,0,0_MinorDamage,0_MinorDamage,grid_0.005_23289_19593,grid_0.005_23289_19593,9UT5ZHyS3c7kMrjfsgzh10,1226990664633922,1226990664633922,2022-10-20T18:13:05Z,train
000121,train,26.588896523257205,-81.94072365760803,0,0_MinorDamage,0_MinorDamage,grid_0.005_23317_19611,grid_0.005_23317_19611,wiH9IhMKLGuXlbgzVC2asf,1227024391186550,1227024391186550,2022-10-02T11:19:59Z,train
000122,train,26.43573382038032,-82.0790183544159,0,0_MinorDamage,0_MinorDamage,grid_0.005_23287_19584,grid_0.005_23287_19584,GFA5Eq24e1SxuJVjWM0kyt,1227082711314990,1227082711314990,2022-10-20T15:59:04Z,train
000124,train,26.42531939702592,-82.08010733127594,0,0_MinorDamage,0_MinorDamage,grid_0.005_23285_19583,grid_0.005_23285_19583,8isur9JBeVPXWMDpmQNSqw,1228639861186804,1228639861186804,2022-10-20T15:56:43Z,train
000125,train,26.726250334779465,-82.06151962280273,0,0_MinorDamage,0_MinorDamage,grid_0.005_23345_19587,grid_0.005_23345_19587,lNF4GEDycBA6ZfXdQtuV10,1229884037704061,1229884037704061,2022-10-06T18:44:01Z,train
000126,train,26.59538679187142,-81.92759692668915,0,0_MinorDamage,0_MinorDamage,grid_0.005_23319_19614,grid_0.005_23319_19614,0v4ndRP6xtjBy2q9OreIHz,1231804044073043,1231804044073043,2022-10-02T11:14:05.500000Z,train
000127,train,26.43907699660329,-82.04721808433533,0,0_MinorDamage,0_MinorDamage,grid_0.005_23287_19590,grid_0.005_23287_19590,CDu3ifjIyq6W2ZEgm9Jecs,1232371634137969,1232371634137969,2022-10-22T19:39:01Z,train
000128,train,26.428787773509725,-82.10328698158264,0,0_MinorDamage,0_MinorDamage,grid_0.005_23285_19579,grid_0.005_23285_19579,mlt8kfA0uSC5rYi7VQhg2P,1233954903972419,1233954903972419,2022-10-20T15:50:13Z,train
000129,train,26.456209252149264,-82.04228818416595,0,0_MinorDamage,0_MinorDamage,grid_0.005_23291_19591,grid_0.005_23291_19591,0YIfZrHA3aCDs75ngd9Kcx,1234693300572791,1234693300572791,2022-10-20T16:33:31Z,train
000130,val,26.44469196942101,-82.04686403274536,0,0_MinorDamage,0_MinorDamage,grid_0.005_23288_19590,grid_0.005_23288_19590,uGWfqep3o2ws7cldtXQBLk,1235958957342574,1235958957342574,2022-10-21T19:07:43Z,train
000131,train,26.644749706897134,-82.0495355129242,0,0_MinorDamage,0_MinorDamage,grid_0.005_23328_19590,grid_0.005_23328_19590,AYscjdF84i3BtZO0SMQmNE,1237146583673076,1237146583673076,2022-10-01T18:43:20Z,train
000132,val,26.453543761632005,-82.03659117221832,0,0_MinorDamage,0_MinorDamage,grid_0.005_23290_19592,grid_0.005_23290_19592,hVtUpWFmwBTMDKgo9CRPIS,1238332723732333,1238332723732333,2022-10-21T21:23:08Z,train
000133,val,26.441421004843576,-82.05901980400085,0,0_MinorDamage,0_MinorDamage,grid_0.005_23288_19588,grid_0.005_23288_19588,X52NQsIPtuAZHEwoBkDhqv,1240455933206784,1240455933206784,2022-10-21T16:56:36Z,train
000134,train,26.55750011216752,-82.03160226345062,0,0_MinorDamage,0_MinorDamage,grid_0.005_23311_19593,grid_0.005_23311_19593,AlyPK485vh9iLZarzDO1Vw,1242674296618918,1242674296618918,2022-10-01T19:05:02Z,train
000135,train,26.44221353782557,-82.10672020912172,0,0_MinorDamage,0_MinorDamage,grid_0.005_23288_19578,grid_0.005_23288_19578,eXyup5h9qxj1LgGNY3DQiP,1243325583220463,1243325583220463,2022-10-22T17:37:04Z,train
000136,train,26.561722624173385,-81.95787906646729,0,0_MinorDamage,0_MinorDamage,grid_0.005_23312_19608,grid_0.005_23312_19608,tIAfNHcP8OTlo2Xp1krhSu,1243849566473133,1243849566473133,2022-10-02T11:57:45Z,train
000137,train,26.4851702696664,-82.00557947158813,0,0_MinorDamage,0_MinorDamage,grid_0.005_23297_19598,grid_0.005_23297_19598,o3urlx7HenjaMLPT9hqkEs,1244435862867039,1244435862867039,2022-10-22T19:57:13Z,train
000138,train,26.588896523257205,-81.94095432758331,0,0_MinorDamage,0_MinorDamage,grid_0.005_23317_19611,grid_0.005_23317_19611,wiH9IhMKLGuXlbgzVC2asf,1244543653087491,1244543653087491,2022-10-02T11:19:56.666000Z,train
000139,train,26.431420211209726,-82.08017706871031,0,0_MinorDamage,0_MinorDamage,grid_0.005_23286_19583,grid_0.005_23286_19583,8zouvat6BbkWiE0A1VYwfq,1245037646207102,1245037646207102,2022-10-22T19:09:01Z,train
000140,train,26.57824650477916,-81.88164532184602,0,0_MinorDamage,0_MinorDamage,grid_0.005_23315_19623,grid_0.005_23315_19623,eCyYuSTjx2BgQfoV1Nt6JH,124760750647517,124760750647517,2022-10-04T16:37:38Z,train
000141,val,26.444043547700304,-82.05841362476349,0,0_MinorDamage,0_MinorDamage,grid_0.005_23288_19588,grid_0.005_23288_19588,mOxFlgIhNsDMV6H72nawdZ,1249590189031443,1249590189031443,2022-10-22T16:51:01Z,train
000142,train,26.43649757177233,-82.0580542087555,0,0_MinorDamage,0_MinorDamage,grid_0.005_23287_19588,grid_0.005_23287_19588,X52NQsIPtuAZHEwoBkDhqv,1250220332199046,1250220332199046,2022-10-21T16:57:37Z,train
000143,val,26.439086603291766,-82.06705033779144,0,0_MinorDamage,0_MinorDamage,grid_0.005_23287_19586,grid_0.005_23287_19586,ojkNER9alymT7XHIBhWvS2,1251500065717636,1251500065717636,2022-10-21T16:44:38Z,train
000144,train,26.43300540928969,-82.06109583377838,0,0_MinorDamage,0_MinorDamage,grid_0.005_23286_19587,grid_0.005_23286_19587,d9OWh4IQeMXLPraFD8HZpy,1252158012348254,1252158012348254,2022-10-21T17:00:09Z,train
000145,train,26.487964662961787,-81.9906610250473,0,0_MinorDamage,0_MinorDamage,grid_0.005_23297_19601,grid_0.005_23297_19601,5G4oivF6N8ElUMxufdBjA7,1253561901923645,1253561901923645,2022-10-21T21:32:39Z,train
000146,train,26.44277070926435,-82.05408453941345,0,0_MinorDamage,0_MinorDamage,grid_0.005_23288_19589,grid_0.005_23288_19589,CDu3ifjIyq6W2ZEgm9Jecs,1254399188552982,1254399188552982,2022-10-22T19:32:54Z,train
000147,train,26.441281710604656,-82.04373121261597,0,0_MinorDamage,0_MinorDamage,grid_0.005_23288_19591,grid_0.005_23288_19591,cK9RIBTNm6s1M7DYd2raCk,1254887895446456,1254887895446456,2022-10-21T19:31:06Z,train
000148,train,26.447953235174367,-82.03406989574432,0,0_MinorDamage,0_MinorDamage,grid_0.005_23289_19593,grid_0.005_23289_19593,Zw6rtyuVDIGF5YfAngi7bX,1255355198483432,1255355198483432,2022-10-20T18:16:09Z,train
000149,train,26.42841788237358,-82.08014488220215,0,0_MinorDamage,0_MinorDamage,grid_0.005_23285_19583,grid_0.005_23285_19583,8isur9JBeVPXWMDpmQNSqw,1258543041440806,1258543041440806,2022-10-20T15:57:14Z,train
000150,train,26.440162547331497,-82.0719051361084,0,0_MinorDamage,0_MinorDamage,grid_0.005_23288_19585,grid_0.005_23288_19585,eGaqwKdfoI8yJ7kgjAtD3F,1258804964773748,1258804964773748,2022-10-22T17:30:15Z,train
000151,test,26.42739467084044,-82.09932804107666,0,0_MinorDamage,0_MinorDamage,grid_0.005_23285_19580,grid_0.005_23285_19580,mlt8kfA0uSC5rYi7VQhg2P,1259480524694443,1259480524694443,2022-10-20T15:50:58Z,train
000152,train,26.56481743474518,-81.94388329982756,0,0_MinorDamage,0_MinorDamage,grid_0.005_23312_19611,grid_0.005_23312_19611,l90Knb873yTBCkuegs1Pfv,125991713446658,125991713446658,2022-10-02T11:41:28Z,train
000153,train,26.520066503615222,-81.94165170192719,0,0_MinorDamage,0_MinorDamage,grid_0.005_23304_19611,grid_0.005_23304_19611,0PV43Mhwl1DSCuTpoyvfFt,1263489234535309,1263489234535309,2022-09-30T16:03:33Z,train
000154,train,26.438164357546768,-82.07723736763,0,0_MinorDamage,0_MinorDamage,grid_0.005_23287_19584,grid_0.005_23287_19584,eGaqwKdfoI8yJ7kgjAtD3F,1264185647561568,1264185647561568,2022-10-22T17:32:15Z,train
000155,train,26.43050270781464,-82.06778526306152,0,0_MinorDamage,0_MinorDamage,grid_0.005_23286_19586,grid_0.005_23286_19586,njtp7LVIeUbyEwXSkgYzCT,1264233467558690,1264233467558690,2022-10-20T13:41:54Z,train
000156,train,26.64198790346927,-82.04537272453308,0,0_MinorDamage,0_MinorDamage,grid_0.005_23328_19590,grid_0.005_23328_19590,AYscjdF84i3BtZO0SMQmNE,1267316770810593,1267316770810593,2022-10-01T18:44:00Z,train
000157,train,26.44017215392944,-82.10017025470735,0,0_MinorDamage,0_MinorDamage,grid_0.005_23288_19579,grid_0.005_23288_19579,eXyup5h9qxj1LgGNY3DQiP,1269187680382643,1269187680382643,2022-10-22T17:36:12Z,train
000158,train,26.43674254756172,-82.07548320293427,0,0_MinorDamage,0_MinorDamage,grid_0.005_23287_19584,grid_0.005_23287_19584,lAtIQeO0Rwg2YVoC6Pa93F,1271324980173534,1271324980173534,2022-10-22T19:29:37Z,train
000159,train,26.553810085116552,-81.95797562599182,0,0_MinorDamage,0_MinorDamage,grid_0.005_23310_19608,grid_0.005_23310_19608,VecsRgmLhUDpGFlidWPAvx,1272042936778852,1272042936778852,2022-10-01T19:18:01Z,train
000160,test,26.44070051558359,-82.06143915653229,0,0_MinorDamage,0_MinorDamage,grid_0.005_23288_19587,grid_0.005_23288_19587,GFA5Eq24e1SxuJVjWM0kyt,1276751549880586,1276751549880586,2022-10-20T16:02:05Z,train
000161,train,26.43875997543458,-82.0758318901062,0,0_MinorDamage,0_MinorDamage,grid_0.005_23287_19584,grid_0.005_23287_19584,FDdzYnaCWL8jJN0GwxMkmV,1281301312433648,1281301312433648,2022-10-21T16:41:52Z,train
000162,train,26.45604596261255,-82.04212188720702,0,0_MinorDamage,0_MinorDamage,grid_0.005_23291_19591,grid_0.005_23291_19591,cjXdAN6SYHtunWF5TIOlCq,1282246959300163,1282246959300163,2022-10-21T18:54:48Z,train
000163,train,26.548742702295115,-81.95720314979553,0,0_MinorDamage,0_MinorDamage,grid_0.005_23309_19608,grid_0.005_23309_19608,Ji8ThzOkeWg6AvlIbStQjm,1282410645987312,1282410645987312,2022-10-01T19:19:08Z,train
000164,train,26.61432782850727,-81.85997307300568,0,0_MinorDamage,0_MinorDamage,grid_0.005_23322_19628,grid_0.005_23322_19628,0n7hGLKEry3cxT9IVFBND1,1285763958699975,1285763958699975,2022-09-30T20:09:42Z,train
000165,train,26.448611240781048,-82.05608010292053,0,0_MinorDamage,0_MinorDamage,grid_0.005_23289_19588,grid_0.005_23289_19588,6Enx3OZopQHazvV5Aye4tg,1287003685492191,1287003685492191,2022-10-21T19:37:31Z,train
000166,train,26.58683855636565,-81.89476132392883,0,0_MinorDamage,0_MinorDamage,grid_0.005_23317_19621,grid_0.005_23317_19621,DY7R8rZEsoz30wiSKtyGpd,1289790215243649,1289790215243649,2022-09-29T19:11:56Z,train
000167,train,26.455133457997405,-82.0413225889206,0,0_MinorDamage,0_MinorDamage,grid_0.005_23291_19591,grid_0.005_23291_19591,tTMujQinkPSmUalNr8ODYC,1291839348044167,1291839348044167,2022-10-21T19:01:54Z,train
000168,val,26.44165636369219,-82.04655289649963,0,0_MinorDamage,0_MinorDamage,grid_0.005_23288_19590,grid_0.005_23288_19590,uGWfqep3o2ws7cldtXQBLk,129350399788911,129350399788911,2022-10-21T19:08:41Z,train
000169,train,26.508656423706327,-81.96716487407684,0,0_MinorDamage,0_MinorDamage,grid_0.005_23301_19606,grid_0.005_23301_19606,UiTVbHcRCdI730PgBtJYFL,1293877638204217,1293877638204217,2022-10-02T16:14:18Z,train
000170,train,26.61884079078507,-81.8710345029831,0,0_MinorDamage,0_MinorDamage,grid_0.005_23323_19625,grid_0.005_23323_19625,BW1snhSTmPNKyJMAcQHvxt,1295262794440826,1295262794440826,2022-10-04T18:15:58Z,train
000171,train,26.59184189401934,-82.03474581241608,0,0_MinorDamage,0_MinorDamage,grid_0.005_23318_19593,grid_0.005_23318_19593,GUTHyQZaqr5AKCSzi3wuc8,1297377657652351,1297377657652351,2022-10-01T18:52:33Z,train
000172,train,26.604308511560987,-81.86758518218994,0,0_MinorDamage,0_MinorDamage,grid_0.005_23320_19626,grid_0.005_23320_19626,vcSl4NqPnwEhQ5OeCxbJXf,1297845504503191,1297845504503191,2022-09-30T19:22:18Z,train
000173,train,26.497365233222634,-81.97108626365663,0,0_MinorDamage,0_MinorDamage,grid_0.005_23299_19605,grid_0.005_23299_19605,RXf0eK8SQjNG3mF96dHBPA,1298620840785626,1298620840785626,2022-09-30T16:08:35Z,train
000174,train,26.445724633515194,-82.06345617771149,0,0_MinorDamage,0_MinorDamage,grid_0.005_23289_19587,grid_0.005_23289_19587,mOxFlgIhNsDMV6H72nawdZ,1300465147249563,1300465147249563,2022-10-22T16:55:30Z,train
000175,test,26.429642841982584,-82.09699451923369,0,0_MinorDamage,0_MinorDamage,grid_0.005_23285_19580,grid_0.005_23285_19580,n0eqGd6TKA3CmjSspwxEUl,1300707167543708,1300707167543708,2022-10-22T18:34:35Z,train
000176,train,26.64632716534274,-82.0560210943222,0,0_MinorDamage,0_MinorDamage,grid_0.005_23329_19588,grid_0.005_23329_19588,hpNV8qm2UeKswaICARQF7n,1301387507250997,1301387507250997,2022-10-01T18:42:24Z,train
000177,train,26.455272735485263,-82.04145133495331,0,0_MinorDamage,0_MinorDamage,grid_0.005_23291_19591,grid_0.005_23291_19591,tTMujQinkPSmUalNr8ODYC,1302067530585100,1302067530585100,2022-10-21T19:01:51Z,train
000178,train,26.438942502880646,-82.07806885242462,0,0_MinorDamage,0_MinorDamage,grid_0.005_23287_19584,grid_0.005_23287_19584,eGaqwKdfoI8yJ7kgjAtD3F,1303227033613163,1303227033613163,2022-10-22T17:32:49Z,train
000179,train,26.533184054176218,-81.92572474479675,0,0_MinorDamage,0_MinorDamage,grid_0.005_23306_19614,grid_0.005_23306_19614,0dpIPURQ5m1EHrfXvBolaS,1305006703778281,1305006703778281,2022-09-30T16:00:59Z,train
000180,train,26.63656479304645,-81.86863660812378,0,0_MinorDamage,0_MinorDamage,grid_0.005_23327_19626,grid_0.005_23327_19626,4RUmfrSNt1hFHiMsVyQAcn,1305048387101561,1305048387101561,2022-10-04T18:11:09Z,train
000181,test,26.44361126452553,-82.06139087677002,0,0_MinorDamage,0_MinorDamage,grid_0.005_23288_19587,grid_0.005_23288_19587,wsuK3zob9RL5EY1FcZThlt,1305140530414957,1305140530414957,2022-10-22T17:05:04Z,train
000182,train,26.61935873892797,-81.87010109424591,0,0_MinorDamage,0_MinorDamage,grid_0.005_23323_19625,grid_0.005_23323_19625,BW1snhSTmPNKyJMAcQHvxt,1306306683305342,1306306683305342,2022-10-04T18:15:09Z,train
000183,train,26.438731155285083,-82.08447396755219,0,0_MinorDamage,0_MinorDamage,grid_0.005_23287_19583,grid_0.005_23287_19583,eGaqwKdfoI8yJ7kgjAtD3F,1306438436623203,1306438436623203,2022-10-22T17:34:08Z,train
000184,train,26.440148137433056,-82.07199096679688,0,0_MinorDamage,0_MinorDamage,grid_0.005_23288_19585,grid_0.005_23288_19585,FDdzYnaCWL8jJN0GwxMkmV,130817169864103,130817169864103,2022-10-21T16:43:17Z,train
000185,train,26.505771322834363,-81.97803318500519,0,0_MinorDamage,0_MinorDamage,grid_0.005_23301_19604,grid_0.005_23301_19604,X5lqZsudxrJMCFcQmwtD9L,1309668263286175,1309668263286175,2022-10-02T17:16:13Z,train
000186,train,26.470731489280222,-82.02843725681305,0,0_MinorDamage,0_MinorDamage,grid_0.005_23294_19594,grid_0.005_23294_19594,V5ucivCID0wpRWN2z19Gsg,1309723926586095,1309723926586095,2022-10-22T19:53:06Z,train
000187,train,26.559126757371416,-81.95787906646729,0,0_MinorDamage,0_MinorDamage,grid_0.005_23311_19608,grid_0.005_23311_19608,tIAfNHcP8OTlo2Xp1krhSu,1310930919728672,1310930919728672,2022-10-02T11:57:25Z,train
000188,train,26.608476538919447,-82.03484237194061,0,0_MinorDamage,0_MinorDamage,grid_0.005_23321_19593,grid_0.005_23321_19593,p8LtWU9Og1cD67ial3KExC,1310983502828079,1310983502828079,2022-10-01T18:48:30Z,train
000189,train,26.655412709927404,-82.05587089061737,0,0_MinorDamage,0_MinorDamage,grid_0.005_23331_19588,grid_0.005_23331_19588,fUL31KX9eukHREaZDYrxBi,1311725626363943,1311725626363943,2022-10-06T18:26:01Z,train
000190,train,26.450172187950045,-82.02759504318237,0,0_MinorDamage,0_MinorDamage,grid_0.005_23290_19594,grid_0.005_23290_19594,oA4ekOPWvzdE6Gc3J0qSLM,1312737749296757,1312737749296757,2022-10-21T17:58:49Z,train
000191,train,26.43041143744404,-82.06800520420076,0,0_MinorDamage,0_MinorDamage,grid_0.005_23286_19586,grid_0.005_23286_19586,njtp7LVIeUbyEwXSkgYzCT,1313252285930548,1313252285930548,2022-10-20T13:41:56Z,train
000192,train,26.6075460603645,-81.9398921728134,0,0_MinorDamage,0_MinorDamage,grid_0.005_23321_19612,grid_0.005_23321_19612,F1Y8svo2KIARXjJT6xUNkD,1314979726096443,1314979726096443,2022-10-01T18:09:18Z,test
000193,train,26.430320167001128,-82.10086226463318,0,0_MinorDamage,0_MinorDamage,grid_0.005_23286_19579,grid_0.005_23286_19579,5ZrTVbvnpkBCqAUuj4foc1,1315297412734250,1315297412734250,2022-10-22T18:24:08Z,train
000194,train,26.69719210574169,-82.05558657646179,0,0_MinorDamage,0_MinorDamage,grid_0.005_23339_19588,grid_0.005_23339_19588,sd2tRl8cCQY59mo7ZzjiGp,1316882892260195,1316882892260195,2022-10-06T18:33:48Z,train
000195,train,26.4381355372483,-82.07728028297424,0,0_MinorDamage,0_MinorDamage,grid_0.005_23287_19584,grid_0.005_23287_19584,eGaqwKdfoI8yJ7kgjAtD3F,1320095408933476,1320095408933476,2022-10-22T17:32:16Z,train
000196,train,26.442607400673523,-82.03376948833466,0,0_MinorDamage,0_MinorDamage,grid_0.005_23288_19593,grid_0.005_23288_19593,5bS0CBxDknPTVWIs6OLvru,1320327855481435,1320327855481435,2022-10-21T17:18:54Z,train
000197,train,26.45756358585139,-82.03462243080139,0,0_MinorDamage,0_MinorDamage,grid_0.005_23291_19593,grid_0.005_23291_19593,vJTbXQK6BOxPeaoVgcHlrM,1320836598835137,1320836598835137,2022-10-22T19:50:55Z,train
000198,train,26.443683311833965,-82.06696450710297,0,0_MinorDamage,0_MinorDamage,grid_0.005_23288_19586,grid_0.005_23288_19586,wsuK3zob9RL5EY1FcZThlt,1322569235007787,1322569235007787,2022-10-22T16:59:18Z,test
000199,val,26.4518339730698,-82.03871011734007,0,0_MinorDamage,0_MinorDamage,grid_0.005_23290_19592,grid_0.005_23290_19592,0YIfZrHA3aCDs75ngd9Kcx,1322700495344379,1322700495344379,2022-10-20T16:35:08Z,train
000200,train,26.561497107578035,-82.01720416545866,0,0_MinorDamage,0_MinorDamage,grid_0.005_23312_19596,grid_0.005_23312_19596,TsSrYVLcjRQlIymM5oNWJ2,1323778645119829,1323778645119829,2022-10-02T12:17:18.500000Z,train
000201,train,26.4556377377576,-82.03558266162872,0,0_MinorDamage,0_MinorDamage,grid_0.005_23291_19592,grid_0.005_23291_19592,hVtUpWFmwBTMDKgo9CRPIS,1323794265130310,1323794265130310,2022-10-21T21:23:30Z,train
000202,val,26.44475440983849,-82.0561283826828,0,0_MinorDamage,0_MinorDamage,grid_0.005_23288_19588,grid_0.005_23288_19588,vItnjg2h4oOkUXx819qbfM,132444509702436,132444509702436,2022-10-21T20:14:27Z,train
000203,train,26.66158279674329,-82.05593526363373,0,0_MinorDamage,0_MinorDamage,grid_0.005_23332_19588,grid_0.005_23332_19588,EPFsKuD63QTpJI85LrjBZo,1326062834788607,1326062834788607,2022-10-01T18:40:45Z,train
000204,train,26.596638752561,-81.89095258712769,0,0_MinorDamage,0_MinorDamage,grid_0.005_23319_19621,grid_0.005_23319_19621,GsUfeMbK7JEiHPl9ApZI1O,1326655307885671,1326655307885671,2022-10-01T18:04:56Z,train
000205,train,26.4329813912996,-82.06122457981111,0,0_MinorDamage,0_MinorDamage,grid_0.005_23286_19587,grid_0.005_23286_19587,d9OWh4IQeMXLPraFD8HZpy,1327050388128283,1327050388128283,2022-10-21T17:04:41Z,train
000206,train,26.58822013262616,-81.94184482097626,0,0_MinorDamage,0_MinorDamage,grid_0.005_23317_19611,grid_0.005_23317_19611,6WcRwedpBUgz7IavylYPr0,1329787987751848,1329787987751848,2022-10-01T19:33:35Z,train
000207,train,26.657704358421952,-81.8457680940628,0,0_MinorDamage,0_MinorDamage,grid_0.005_23331_19630,grid_0.005_23331_19630,sQhXIrmbztd4325OKqMlcy,1333428750603175,1333428750603175,2022-10-04T17:48:20Z,train
000208,train,26.56828640212732,-82.01725244522095,0,0_MinorDamage,0_MinorDamage,grid_0.005_23313_19596,grid_0.005_23313_19596,TsSrYVLcjRQlIymM5oNWJ2,1335223017251206,1335223017251206,2022-10-02T12:18:27.333000Z,train
000209,train,26.43737660012773,-82.05818831920624,0,0_MinorDamage,0_MinorDamage,grid_0.005_23287_19588,grid_0.005_23287_19588,X52NQsIPtuAZHEwoBkDhqv,133560429339425,133560429339425,2022-10-21T16:57:27Z,train
000210,train,26.433471357306487,-82.05480337142944,0,0_MinorDamage,0_MinorDamage,grid_0.005_23286_19589,grid_0.005_23286_19589,NyYzSUec6DpPEo8ZrBnL17,1336747610460848,1336747610460848,2022-10-21T19:19:35Z,train
000211,train,26.48807029161682,-81.99043035507202,0,0_MinorDamage,0_MinorDamage,grid_0.005_23297_19601,grid_0.005_23297_19601,5G4oivF6N8ElUMxufdBjA7,1336817480488797,1336817480488797,2022-10-21T21:32:40Z,train
000212,train,26.57338170734405,-81.8924868106842,0,0_MinorDamage,0_MinorDamage,grid_0.005_23314_19621,grid_0.005_23314_19621,xyKLQkzWuJS432No9mBCIH,133774193036070,133774193036070,2022-10-04T16:22:02Z,train
000213,train,26.44834227543987,-82.03063666820526,0,0_MinorDamage,0_MinorDamage,grid_0.005_23289_19593,grid_0.005_23289_19593,nyw9GxcmVequiNU27Ka6LA,1338173526728385,1338173526728385,2022-10-21T18:38:51Z,train
000214,train,26.45412008913432,-82.04023361206055,0,0_MinorDamage,0_MinorDamage,grid_0.005_23290_19591,grid_0.005_23290_19591,cjXdAN6SYHtunWF5TIOlCq,1339606850173036,1339606850173036,2022-10-21T18:54:22Z,train
000215,train,26.55645885518524,-81.90802752971649,0,0_MinorDamage,0_MinorDamage,grid_0.005_23311_19618,grid_0.005_23311_19618,x5dDWwRLGpSfraO7AbKz16,1343279946535329,1343279946535329,2022-09-29T19:18:53Z,train
000216,train,26.443659296069484,-82.06562876701355,0,0_MinorDamage,0_MinorDamage,grid_0.005_23288_19586,grid_0.005_23288_19586,mOxFlgIhNsDMV6H72nawdZ,1350347709163509,1350347709163509,2022-10-22T16:49:09Z,train
000217,train,26.43821719474188,-82.0771461725235,0,0_MinorDamage,0_MinorDamage,grid_0.005_23287_19584,grid_0.005_23287_19584,eGaqwKdfoI8yJ7kgjAtD3F,1351242452484853,1351242452484853,2022-10-22T17:32:12Z,train
000218,test,26.443620870835915,-82.06366539001466,0,0_MinorDamage,0_MinorDamage,grid_0.005_23288_19587,grid_0.005_23288_19587,wsuK3zob9RL5EY1FcZThlt,1352011372332793,1352011372332793,2022-10-22T17:02:25Z,train
000219,train,26.4590667815541,-82.03388750553131,0,0_MinorDamage,0_MinorDamage,grid_0.005_23291_19593,grid_0.005_23291_19593,vJTbXQK6BOxPeaoVgcHlrM,1352525278636952,1352525278636952,2022-10-22T19:51:10Z,train
000220,train,26.45785654246425,-82.04376876354218,0,0_MinorDamage,0_MinorDamage,grid_0.005_23291_19591,grid_0.005_23291_19591,cjXdAN6SYHtunWF5TIOlCq,1355051601913431,1355051601913431,2022-10-21T18:55:12Z,train
000221,test,26.440570827038314,-82.06186830997467,0,0_MinorDamage,0_MinorDamage,grid_0.005_23288_19587,grid_0.005_23288_19587,lAtIQeO0Rwg2YVoC6Pa93F,1356082015305109,1356082015305109,2022-10-22T19:31:41Z,train
000222,train,26.435849103933663,-82.08021461963652,0,0_MinorDamage,0_MinorDamage,grid_0.005_23287_19583,grid_0.005_23287_19583,FDdzYnaCWL8jJN0GwxMkmV,1356091875203710,1356091875203710,2022-10-21T16:39:32Z,train
000223,val,26.443947484912755,-82.0497179031372,0,0_MinorDamage,0_MinorDamage,grid_0.005_23288_19590,grid_0.005_23288_19590,6Enx3OZopQHazvV5Aye4tg,1357936508078043,1357936508078043,2022-10-21T19:35:15Z,train
000224,train,26.45153139548387,-82.05613911151886,0,0_MinorDamage,0_MinorDamage,grid_0.005_23290_19588,grid_0.005_23290_19588,6Enx3OZopQHazvV5Aye4tg,1361918491230208,1361918491230208,2022-10-21T19:37:55Z,train
000225,val,26.45114716883218,-82.03490674495697,0,0_MinorDamage,0_MinorDamage,grid_0.005_23290_19593,grid_0.005_23290_19593,9UT5ZHyS3c7kMrjfsgzh10,1363002040948125,1363002040948125,2022-10-20T18:11:31Z,train
000226,train,26.563632300106107,-81.90684735774994,0,0_MinorDamage,0_MinorDamage,grid_0.005_23312_19618,grid_0.005_23312_19618,x5dDWwRLGpSfraO7AbKz16,1363808990865222,1363808990865222,2022-09-29T19:17:29Z,train
000227,train,26.45758759871656,-82.04356491565704,0,0_MinorDamage,0_MinorDamage,grid_0.005_23291_19591,grid_0.005_23291_19591,tTMujQinkPSmUalNr8ODYC,1369390390563709,1369390390563709,2022-10-21T19:01:15Z,train
000228,train,26.55798954766557,-82.03171491622925,0,0_MinorDamage,0_MinorDamage,grid_0.005_23311_19593,grid_0.005_23311_19593,hlR0Dk3AOGdzQXwW45MUnC,1370197843559754,1370197843559754,2022-10-01T19:01:22Z,train
000229,train,26.437122018834785,-82.0742279291153,0,0_MinorDamage,0_MinorDamage,grid_0.005_23287_19585,grid_0.005_23287_19585,GFA5Eq24e1SxuJVjWM0kyt,1371319003419517,1371319003419517,2022-10-20T15:59:57Z,train
000230,train,26.43738620695796,-82.07333743572235,0,0_MinorDamage,0_MinorDamage,grid_0.005_23287_19585,grid_0.005_23287_19585,GFA5Eq24e1SxuJVjWM0kyt,1371720077086177,1371720077086177,2022-10-20T16:00:07Z,train
000231,train,26.42932579486174,-82.09347009658813,0,0_MinorDamage,0_MinorDamage,grid_0.005_23285_19581,grid_0.005_23285_19581,8DuCakHvNX3A4ErGBom1lf,1372601140280767,1372601140280767,2022-10-22T18:49:22Z,test
000232,test,26.429868617430994,-82.09842145442963,0,0_MinorDamage,0_MinorDamage,grid_0.005_23285_19580,grid_0.005_23285_19580,n0eqGd6TKA3CmjSspwxEUl,1372936873565072,1372936873565072,2022-10-22T18:35:08Z,train
000233,train,26.448284639927905,-82.0560747385025,0,0_MinorDamage,0_MinorDamage,grid_0.005_23289_19588,grid_0.005_23289_19588,6Enx3OZopQHazvV5Aye4tg,137433545842697,137433545842697,2022-10-21T19:37:28Z,test
000234,train,26.56277822786859,-81.9586730003357,0,0_MinorDamage,0_MinorDamage,grid_0.005_23312_19608,grid_0.005_23312_19608,84IwNrn1PYRjEtAhZ7g3TV,137583195510477,137583195510477,2022-10-02T11:58:15.333000Z,train
000235,train,26.44908673154397,-82.03190267086029,0,0_MinorDamage,0_MinorDamage,grid_0.005_23289_19593,grid_0.005_23289_19593,9UT5ZHyS3c7kMrjfsgzh10,138474125927472,138474125927472,2022-10-20T18:07:47Z,train
000236,val,26.44216550567883,-82.0468854904175,0,0_MinorDamage,0_MinorDamage,grid_0.005_23288_19590,grid_0.005_23288_19590,CDu3ifjIyq6W2ZEgm9Jecs,1384944565409940,1384944565409940,2022-10-22T19:34:36Z,train
000237,train,26.45098387211702,-82.02102363109589,0,0_MinorDamage,0_MinorDamage,grid_0.005_23290_19595,grid_0.005_23290_19595,DtjgKvhZzkac5eR0ICSP47,1385671628925599,1385671628925599,2022-10-21T17:42:16Z,test
000238,train,26.6136851605164,-82.03767478466034,0,0_MinorDamage,0_MinorDamage,grid_0.005_23322_19592,grid_0.005_23322_19592,p8LtWU9Og1cD67ial3KExC,1388645471928594,1388645471928594,2022-10-01T18:47:58Z,train
000239,train,26.44367370552878,-82.06615447998047,0,0_MinorDamage,0_MinorDamage,grid_0.005_23288_19586,grid_0.005_23288_19586,mOxFlgIhNsDMV6H72nawdZ,1390618044820056,1390618044820056,2022-10-22T16:48:59Z,test
000240,val,26.442641023049376,-82.05605328083038,0,0_MinorDamage,0_MinorDamage,grid_0.005_23288_19588,grid_0.005_23288_19588,6Enx3OZopQHazvV5Aye4tg,139265728982158,139265728982158,2022-10-21T19:36:29Z,train
000241,train,26.60024585773226,-82.02889323234558,0,0_MinorDamage,0_MinorDamage,grid_0.005_23320_19594,grid_0.005_23320_19594,ZHJK5CzPYGdvf9RW8qkujl,1394359684747156,1394359684747156,2022-10-01T18:50:46Z,train
000242,train,26.56459672234034,-81.9438886642456,0,0_MinorDamage,0_MinorDamage,grid_0.005_23312_19611,grid_0.005_23312_19611,l90Knb873yTBCkuegs1Pfv,139480605552862,139480605552862,2022-10-02T11:41:30Z,train
000243,train,26.4301472333322,-82.06394970417023,0,0_MinorDamage,0_MinorDamage,grid_0.005_23286_19587,grid_0.005_23286_19587,d9OWh4IQeMXLPraFD8HZpy,1394817007722863,1394817007722863,2022-10-21T17:05:40Z,train
000244,train,26.65990487297934,-81.89899384975433,0,0_MinorDamage,0_MinorDamage,grid_0.005_23331_19620,grid_0.005_23331_19620,ap1HcAByI3zCZf9nvt6uTL,1395741361057672,1395741361057672,2022-10-06T17:35:20Z,train
000245,train,26.443947484912755,-82.11135506629944,0,0_MinorDamage,0_MinorDamage,grid_0.005_23288_19577,grid_0.005_23288_19577,2Paqk0DWtz8RdQbBmMsEnO,1401143217109711,1401143217109711,2022-10-20T14:19:42Z,train
000246,train,26.456247673183057,-82.04233109951019,0,0_MinorDamage,0_MinorDamage,grid_0.005_23291_19591,grid_0.005_23291_19591,tTMujQinkPSmUalNr8ODYC,1402127177259229,1402127177259229,2022-10-21T19:01:34Z,train
000247,train,26.57338170734405,-82.03329741954803,0,0_MinorDamage,0_MinorDamage,grid_0.005_23314_19593,grid_0.005_23314_19593,IbPKsX6RDFErtiJYACNo9z,1403430187169591,1403430187169591,2022-10-01T18:58:56Z,test
000248,train,26.726250334779465,-82.06174492835999,0,0_MinorDamage,0_MinorDamage,grid_0.005_23345_19587,grid_0.005_23345_19587,lNF4GEDycBA6ZfXdQtuV10,1405650940289559,1405650940289559,2022-10-06T18:44:03Z,train
000249,train,26.42747633594417,-82.08013951778412,0,0_MinorDamage,0_MinorDamage,grid_0.005_23285_19583,grid_0.005_23285_19583,yILRGFcu1KtAQg0WzVjEhZ,1406487466856255,1406487466856255,2022-10-22T19:08:27Z,train
000250,train,26.445782270308143,-82.04264223575592,0,0_MinorDamage,0_MinorDamage,grid_0.005_23289_19591,grid_0.005_23289_19591,vJTbXQK6BOxPeaoVgcHlrM,1407257266794432,1407257266794432,2022-10-22T19:48:11Z,train
000251,test,26.445580541406628,-82.03839361667633,0,0_MinorDamage,0_MinorDamage,grid_0.005_23289_19592,grid_0.005_23289_19592,n8NHRsX3PiA1YpCSMoy20F,1407263129806004,1407263129806004,2022-10-21T18:51:38Z,train
000252,train,26.509784521646708,-81.9754421710968,0,0_MinorDamage,0_MinorDamage,grid_0.005_23301_19604,grid_0.005_23301_19604,edntlwFA590gu1YVE4vSCf,1416160012478493,1416160012478493,2022-10-02T17:11:33Z,train
000253,train,26.439057783223944,-82.06303775310516,0,0_MinorDamage,0_MinorDamage,grid_0.005_23287_19587,grid_0.005_23287_19587,X52NQsIPtuAZHEwoBkDhqv,1416408345431797,1416408345431797,2022-10-21T16:55:15Z,train
000254,train,26.63758614121388,-82.03834533691406,0,0_MinorDamage,0_MinorDamage,grid_0.005_23327_19592,grid_0.005_23327_19592,U68fF4V9iwhXobvN7Du1SP,142060391952603,142060391952603,2022-10-02T12:34:25.333000Z,train
000255,test,26.44050838435335,-82.06220626831055,0,0_MinorDamage,0_MinorDamage,grid_0.005_23288_19587,grid_0.005_23288_19587,wJ8ZYp4KuVjgI6xsXOUWkA,1422041991920303,1422041991920303,2022-10-22T17:10:07Z,train
000256,train,26.67467934222468,-82.0556455850601,0,0_MinorDamage,0_MinorDamage,grid_0.005_23334_19588,grid_0.005_23334_19588,fUL31KX9eukHREaZDYrxBi,1425221141597451,1425221141597451,2022-10-06T18:28:17Z,train
000257,train,26.596643549318927,-81.89071655273438,0,0_MinorDamage,0_MinorDamage,grid_0.005_23319_19621,grid_0.005_23319_19621,GsUfeMbK7JEiHPl9ApZI1O,1425691421555537,1425691421555537,2022-10-01T18:04:55Z,train
000258,train,26.588997261945423,-81.88357651233673,0,0_MinorDamage,0_MinorDamage,grid_0.005_23317_19623,grid_0.005_23317_19623,4qwBospeLyEXaUHTk08C9j,1426124711509189,1426124711509189,2022-09-30T19:13:43Z,train
000259,val,26.59705606974714,-82.0350033044815,0,0_MinorDamage,0_MinorDamage,grid_0.005_23319_19592,grid_0.005_23319_19592,ZHJK5CzPYGdvf9RW8qkujl,1426329568124759,1426329568124759,2022-10-01T18:51:37Z,test
000260,train,26.556401273877995,-81.90722286701201,0,0_MinorDamage,0_MinorDamage,grid_0.005_23311_19618,grid_0.005_23311_19618,x5dDWwRLGpSfraO7AbKz16,1426902447853265,1426902447853265,2022-09-29T19:18:58Z,train
000261,train,26.445700618176303,-82.06202924251556,0,0_MinorDamage,0_MinorDamage,grid_0.005_23289_19587,grid_0.005_23289_19587,mOxFlgIhNsDMV6H72nawdZ,1430177894473633,1430177894473633,2022-10-22T16:54:39Z,test
000262,train,26.562749438805863,-81.98060274124146,0,0_MinorDamage,0_MinorDamage,grid_0.005_23312_19603,grid_0.005_23312_19603,D6APhLYyJ4Qn795ZzMigtk,1431778950972519,1431778950972519,2022-10-01T19:13:22Z,train
000263,train,26.602764048590828,-81.87167823314667,0,0_MinorDamage,0_MinorDamage,grid_0.005_23320_19625,grid_0.005_23320_19625,3b7Seq5IvynogcVhRjwrHT,1432043487574211,1432043487574211,2022-10-04T17:17:58Z,train
000264,train,26.4282065154772,-82.06987202167511,0,0_MinorDamage,0_MinorDamage,grid_0.005_23285_19586,grid_0.005_23285_19586,aLbXpouwqyjD4cWNZMfF2Y,1433095020774972,1433095020774972,2022-10-20T13:42:25Z,train
000265,train,26.438351689311105,-82.07047283649445,0,0_MinorDamage,0_MinorDamage,grid_0.005_23287_19585,grid_0.005_23287_19585,GIdmeE2xtHZPsDkr8qAcoB,1433305524169269,1433305524169269,2022-10-22T17:25:29Z,train
000266,train,26.433380089286587,-82.06047892570496,0,0_MinorDamage,0_MinorDamage,grid_0.005_23286_19587,grid_0.005_23286_19587,d9OWh4IQeMXLPraFD8HZpy,143798115162230,143798115162230,2022-10-21T16:59:59Z,train
000267,test,26.429849402516425,-82.09922075271606,0,0_MinorDamage,0_MinorDamage,grid_0.005_23285_19580,grid_0.005_23285_19580,n0eqGd6TKA3CmjSspwxEUl,1441861836638547,1441861836638547,2022-10-22T18:35:19Z,train
000268,train,26.43847177361523,-82.09209144115448,0,0_MinorDamage,0_MinorDamage,grid_0.005_23287_19581,grid_0.005_23287_19581,eGaqwKdfoI8yJ7kgjAtD3F,1444084933058562,1444084933058562,2022-10-22T17:35:04Z,train
000269,test,26.441055957514948,-82.06016778945923,0,0_MinorDamage,0_MinorDamage,grid_0.005_23288_19587,grid_0.005_23288_19587,X52NQsIPtuAZHEwoBkDhqv,144775148106379,144775148106379,2022-10-21T16:56:25Z,train
000270,train,26.45680477673251,-82.04283535480499,0,0_MinorDamage,0_MinorDamage,grid_0.005_23291_19591,grid_0.005_23291_19591,0YIfZrHA3aCDs75ngd9Kcx,1451712022347766,1451712022347766,2022-10-20T16:33:24Z,train
000272,train,26.441694789581007,-82.04296410083771,0,0_MinorDamage,0_MinorDamage,grid_0.005_23288_19591,grid_0.005_23288_19591,cK9RIBTNm6s1M7DYd2raCk,1452901565247312,1452901565247312,2022-10-21T19:31:34Z,train
000273,train,26.44940372429531,-82.03086733818054,0,0_MinorDamage,0_MinorDamage,grid_0.005_23289_19593,grid_0.005_23289_19593,qLOwB6Mxsdzou8VFbWP7SU,1453141325487607,1453141325487607,2022-10-20T17:27:36Z,train
000274,train,26.436699316577915,-82.07562804222107,0,0_MinorDamage,0_MinorDamage,grid_0.005_23287_19584,grid_0.005_23287_19584,lAtIQeO0Rwg2YVoC6Pa93F,1453503585460154,1453503585460154,2022-10-22T19:29:35Z,train
000275,train,26.45886987844176,-82.03398406505583,0,0_MinorDamage,0_MinorDamage,grid_0.005_23291_19593,grid_0.005_23291_19593,vJTbXQK6BOxPeaoVgcHlrM,1459089178254059,1459089178254059,2022-10-22T19:51:08Z,test
000276,train,26.59349203604293,-81.86889410018921,0,0_MinorDamage,0_MinorDamage,grid_0.005_23318_19626,grid_0.005_23318_19626,2AYe0zdjnrpBli3h8SILkF,1459850078113862,1459850078113862,2022-09-29T21:38:04Z,train
000277,train,26.579287563779346,-81.94259583950043,0,0_MinorDamage,0_MinorDamage,grid_0.005_23315_19611,grid_0.005_23315_19611,IcZe8aSwANRMb6Hi0qCz2x,1463964534435189,1463964534435189,2022-10-01T19:32:04Z,train
000278,train,26.591861081853992,-82.02731609344484,0,0_MinorDamage,0_MinorDamage,grid_0.005_23318_19594,grid_0.005_23318_19594,1g7U20mtTZlvEFOWhPqcM8,1464347117668223,1464347117668223,2022-10-01T18:53:26Z,train
000279,train,26.49718279841844,-81.971156001091,0,0_MinorDamage,0_MinorDamage,grid_0.005_23299_19605,grid_0.005_23299_19605,KyXkONJvZP3tYgjpIdABzR,1467028360712390,1467028360712390,2022-10-02T16:00:39Z,train
000280,train,26.50771073306697,-81.97094678878784,0,0_MinorDamage,0_MinorDamage,grid_0.005_23301_19605,grid_0.005_23301_19605,UiTVbHcRCdI730PgBtJYFL,1470701983748287,1470701983748287,2022-10-02T16:11:04Z,train
000281,test,26.44949017671243,-82.02984273433685,0,0_MinorDamage,0_MinorDamage,grid_0.005_23289_19594,grid_0.005_23289_19594,nyw9GxcmVequiNU27Ka6LA,1470797906780813,1470797906780813,2022-10-21T18:41:10Z,train
000282,train,26.45477325681651,-82.0409631729126,0,0_MinorDamage,0_MinorDamage,grid_0.005_23290_19591,grid_0.005_23290_19591,cjXdAN6SYHtunWF5TIOlCq,147105404841733,147105404841733,2022-10-21T18:54:31Z,train
000283,train,26.57141941794876,-81.94385647773743,0,0_MinorDamage,0_MinorDamage,grid_0.005_23314_19611,grid_0.005_23314_19611,Rtl3bIkgGFj0NUi9XHQ48v,147234608065107,147234608065107,2022-10-02T11:40:31Z,train
000284,train,26.45973913110663,-82.03357636928558,0,0_MinorDamage,0_MinorDamage,grid_0.005_23291_19593,grid_0.005_23291_19593,hVtUpWFmwBTMDKgo9CRPIS,147239554807900,147239554807900,2022-10-21T21:24:14Z,train
000285,train,26.429066392023373,-82.06205606460571,0,0_MinorDamage,0_MinorDamage,grid_0.005_23285_19587,grid_0.005_23285_19587,njtp7LVIeUbyEwXSkgYzCT,1473436060137550,1473436060137550,2022-10-20T13:40:24Z,train
000286,train,26.592220853158267,-81.86871707439423,0,0_MinorDamage,0_MinorDamage,grid_0.005_23318_19626,grid_0.005_23318_19626,2AYe0zdjnrpBli3h8SILkF,1474011480067699,1474011480067699,2022-09-29T21:38:44Z,train
000287,train,26.443664099222783,-82.06606328487396,0,0_MinorDamage,0_MinorDamage,grid_0.005_23288_19586,grid_0.005_23288_19586,wsuK3zob9RL5EY1FcZThlt,1475000393313983,1475000393313983,2022-10-22T16:59:34Z,train
000288,train,26.439538116746192,-82.07132577896118,0,0_MinorDamage,0_MinorDamage,grid_0.005_23287_19585,grid_0.005_23287_19585,eGaqwKdfoI8yJ7kgjAtD3F,1478995699538236,1478995699538236,2022-10-22T17:29:44Z,train
000289,train,26.65258404269196,-82.04697132110596,0,0_MinorDamage,0_MinorDamage,grid_0.005_23330_19590,grid_0.005_23330_19590,IOV8FkeKfqNbr4CDJx7ptQ,147972687994402,147972687994402,2022-10-02T12:38:33Z,train
000290,train,26.4265636050242,-82.0925098657608,0,0_MinorDamage,0_MinorDamage,grid_0.005_23285_19581,grid_0.005_23285_19581,yILRGFcu1KtAQg0WzVjEhZ,1479956709480458,1479956709480458,2022-10-22T18:59:49Z,train
000291,test,26.441046350990675,-82.06031799316406,0,0_MinorDamage,0_MinorDamage,grid_0.005_23288_19587,grid_0.005_23288_19587,wJ8ZYp4KuVjgI6xsXOUWkA,1483845552019976,1483845552019976,2022-10-22T17:09:50Z,train
000292,train,26.69693810106645,-82.05558121204376,0,0_MinorDamage,0_MinorDamage,grid_0.005_23339_19588,grid_0.005_23339_19588,sd2tRl8cCQY59mo7ZzjiGp,1485282728894452,1485282728894452,2022-10-06T18:33:46Z,train
000293,train,26.635327654867808,-81.86861515045166,0,0_MinorDamage,0_MinorDamage,grid_0.005_23327_19626,grid_0.005_23327_19626,4RUmfrSNt1hFHiMsVyQAcn,1488061442008379,1488061442008379,2022-10-04T18:11:22Z,train
000294,train,26.584123326661256,-82.02405452728271,0,0_MinorDamage,0_MinorDamage,grid_0.005_23316_19595,grid_0.005_23316_19595,vq7tLagm23c10F69GpHouZ,1488645188611975,1488645188611975,2022-10-01T18:54:42Z,train
000295,train,26.455047009816766,-82.04120993614197,0,0_MinorDamage,0_MinorDamage,grid_0.005_23291_19591,grid_0.005_23291_19591,cjXdAN6SYHtunWF5TIOlCq,149019884295609,149019884295609,2022-10-21T18:54:35Z,train
000296,train,26.649683387398525,-81.85381472110748,0,0_MinorDamage,0_MinorDamage,grid_0.005_23329_19629,grid_0.005_23329_19629,OxYSHNnDlusU3fieJTMwZE,1490349018167553,1490349018167553,2022-10-04T17:46:42Z,train
000297,train,26.430718874193644,-82.06723809242249,0,0_MinorDamage,0_MinorDamage,grid_0.005_23286_19586,grid_0.005_23286_19586,njtp7LVIeUbyEwXSkgYzCT,1491115544996050,1491115544996050,2022-10-20T13:41:49Z,train
000298,train,26.652660753236603,-82.03937530517578,0,0_MinorDamage,0_MinorDamage,grid_0.005_23330_19592,grid_0.005_23330_19592,4crG6kVX27QyMhtvTZqasA,1493500747836139,1493500747836139,2022-10-02T12:36:48.285000Z,train
000299,train,26.45501339106231,-82.04119920730591,0,0_MinorDamage,0_MinorDamage,grid_0.005_23291_19591,grid_0.005_23291_19591,0YIfZrHA3aCDs75ngd9Kcx,149460158098143,149460158098143,2022-10-20T16:33:45Z,train
000300,val,26.44470637875113,-82.05613374710083,0,0_MinorDamage,0_MinorDamage,grid_0.005_23288_19588,grid_0.005_23288_19588,vItnjg2h4oOkUXx819qbfM,1494970774361680,1494970774361680,2022-10-21T20:14:27Z,train
000301,train,26.652377882847887,-82.04129040241241,0,0_MinorDamage,0_MinorDamage,grid_0.005_23330_19591,grid_0.005_23330_19591,4crG6kVX27QyMhtvTZqasA,1501966876943978,1501966876943978,2022-10-02T12:37:52.333000Z,train
000302,train,26.642865358672395,-82.04594671726227,0,0_MinorDamage,0_MinorDamage,grid_0.005_23328_19590,grid_0.005_23328_19590,AYscjdF84i3BtZO0SMQmNE,1503095320496030,1503095320496030,2022-10-01T18:43:52Z,train
000303,train,26.455652145718304,-82.05039381980896,0,0_MinorDamage,0_MinorDamage,grid_0.005_23291_19589,grid_0.005_23291_19589,cy8maM4ht0X3eRY9jKSwxo,1504667246801685,1504667246801685,2022-10-20T16:44:47Z,test
000304,train,26.44533558440844,-82.04438030719757,0,0_MinorDamage,0_MinorDamage,grid_0.005_23289_19591,grid_0.005_23289_19591,uGWfqep3o2ws7cldtXQBLk,1508590356319720,1508590356319720,2022-10-21T19:07:22Z,train
000305,train,26.611685192987707,-82.0365160703659,0,0_MinorDamage,0_MinorDamage,grid_0.005_23322_19592,grid_0.005_23322_19592,p8LtWU9Og1cD67ial3KExC,1509716109836342,1509716109836342,2022-10-01T18:48:10Z,train
000307,train,26.446084862998006,-82.03401625156403,0,0_MinorDamage,0_MinorDamage,grid_0.005_23289_19593,grid_0.005_23289_19593,9UT5ZHyS3c7kMrjfsgzh10,1518154995381574,1518154995381574,2022-10-20T18:13:46Z,train
000308,test,26.46178016819394,-82.03257858753204,0,0_MinorDamage,0_MinorDamage,grid_0.005_23292_19593,grid_0.005_23292_19593,hVtUpWFmwBTMDKgo9CRPIS,1518380392001842,1518380392001842,2022-10-21T21:24:36Z,train
000309,val,26.451070323348,-82.03504085540771,0,0_MinorDamage,0_MinorDamage,grid_0.005_23290_19592,grid_0.005_23290_19592,9UT5ZHyS3c7kMrjfsgzh10,152445841181539,152445841181539,2022-10-20T18:11:34Z,test
000310,train,26.6199294383311,-81.87013328075409,0,0_MinorDamage,0_MinorDamage,grid_0.005_23323_19625,grid_0.005_23323_19625,BW1snhSTmPNKyJMAcQHvxt,152665671157178,152665671157178,2022-10-04T18:14:59Z,train
000311,train,26.42894149415227,-82.06225454807281,0,0_MinorDamage,0_MinorDamage,grid_0.005_23285_19587,grid_0.005_23285_19587,d9OWh4IQeMXLPraFD8HZpy,1528062207692244,1528062207692244,2022-10-21T17:06:10Z,train
000312,train,26.51604886393624,-81.94025695323944,0,0_MinorDamage,0_MinorDamage,grid_0.005_23303_19611,grid_0.005_23303_19611,AT0o5zNkYnJSV8gXP6b1Dq,1538783610284753,1538783610284753,2022-09-30T16:57:25Z,train
000313,test,26.42963323450688,-82.0995533466339,0,0_MinorDamage,0_MinorDamage,grid_0.005_23285_19580,grid_0.005_23285_19580,n0eqGd6TKA3CmjSspwxEUl,1539498213246389,1539498213246389,2022-10-22T18:32:08Z,train
000314,train,26.448452743423857,-82.0560747385025,0,0_MinorDamage,0_MinorDamage,grid_0.005_23289_19588,grid_0.005_23289_19588,6Enx3OZopQHazvV5Aye4tg,154415344052967,154415344052967,2022-10-21T19:37:29Z,train
000316,train,26.45066688371488,-82.05103218555452,0,0_MinorDamage,0_MinorDamage,grid_0.005_23290_19589,grid_0.005_23290_19589,6e3WJg5uL72BZAq0QDM9hj,155796724169708,155796724169708,2022-10-20T16:54:42Z,test
000317,train,26.445484479900813,-82.04370439052582,0,0_MinorDamage,0_MinorDamage,grid_0.005_23289_19591,grid_0.005_23289_19591,vJTbXQK6BOxPeaoVgcHlrM,1564177037325592,1564177037325592,2022-10-22T19:48:01Z,train
000318,train,26.44882257025138,-82.03075468540192,0,0_MinorDamage,0_MinorDamage,grid_0.005_23289_19593,grid_0.005_23289_19593,nyw9GxcmVequiNU27Ka6LA,156423003841037,156423003841037,2022-10-21T18:38:58Z,train
000319,test,26.46182819216021,-82.0325517654419,0,0_MinorDamage,0_MinorDamage,grid_0.005_23292_19593,grid_0.005_23292_19593,hVtUpWFmwBTMDKgo9CRPIS,156439547155396,156439547155396,2022-10-21T21:24:36Z,train
000320,val,26.45386554484314,-82.03645169734955,0,0_MinorDamage,0_MinorDamage,grid_0.005_23290_19592,grid_0.005_23290_19592,hVtUpWFmwBTMDKgo9CRPIS,156759850454089,156759850454089,2022-10-21T21:23:11Z,train
000321,train,26.455608921830816,-82.04175174236298,0,0_MinorDamage,0_MinorDamage,grid_0.005_23291_19591,grid_0.005_23291_19591,tTMujQinkPSmUalNr8ODYC,1575033499647257,1575033499647257,2022-10-21T19:01:45Z,train
000322,val,26.444893699878605,-82.04605400562286,0,0_MinorDamage,0_MinorDamage,grid_0.005_23288_19590,grid_0.005_23288_19590,6Enx3OZopQHazvV5Aye4tg,157770693695386,157770693695386,2022-10-21T19:34:43Z,test
000323,train,26.429258542330075,-82.09365785121918,0,0_MinorDamage,0_MinorDamage,grid_0.005_23285_19581,grid_0.005_23285_19581,8DuCakHvNX3A4ErGBom1lf,1580910705765747,1580910705765747,2022-10-22T18:44:40Z,train
000324,train,26.45701609116678,-82.04304456710815,0,0_MinorDamage,0_MinorDamage,grid_0.005_23291_19591,grid_0.005_23291_19591,tTMujQinkPSmUalNr8ODYC,158125449965768,158125449965768,2022-10-21T19:01:23Z,train
000325,train,26.567158879297835,-82.01724171638487,0,0_MinorDamage,0_MinorDamage,grid_0.005_23313_19596,grid_0.005_23313_19596,TsSrYVLcjRQlIymM5oNWJ2,1583948105396430,1583948105396430,2022-10-02T12:18:18.428000Z,train
000326,train,26.65242103261352,-82.04248130321503,0,0_MinorDamage,0_MinorDamage,grid_0.005_23330_19591,grid_0.005_23330_19591,4crG6kVX27QyMhtvTZqasA,158417343575050,158417343575050,2022-10-02T12:38:01.333000Z,train
000327,test,26.46243329241875,-82.03226208686829,0,0_MinorDamage,0_MinorDamage,grid_0.005_23292_19593,grid_0.005_23292_19593,hVtUpWFmwBTMDKgo9CRPIS,159648103497843,159648103497843,2022-10-21T21:24:43Z,train
000328,train,26.590364421091024,-82.03555047512054,0,0_MinorDamage,0_MinorDamage,grid_0.005_23318_19592,grid_0.005_23318_19592,8sZOjKht4QF2gYVJl3ecXw,1600295450415785,1600295450415785,2022-10-02T12:23:42.833000Z,train
000329,train,26.4397542661779,-82.04720735549927,0,0_MinorDamage,0_MinorDamage,grid_0.005_23287_19590,grid_0.005_23287_19590,CDu3ifjIyq6W2ZEgm9Jecs,1601988343629143,1601988343629143,2022-10-22T19:39:14Z,train
000330,train,26.64882036829252,-81.8545174598694,0,0_MinorDamage,0_MinorDamage,grid_0.005_23329_19629,grid_0.005_23329_19629,OxYSHNnDlusU3fieJTMwZE,1607962656395716,1607962656395716,2022-10-04T17:46:31Z,train
000331,train,26.430007925465773,-82.09439277648926,0,0_MinorDamage,0_MinorDamage,grid_0.005_23286_19581,grid_0.005_23286_19581,8DuCakHvNX3A4ErGBom1lf,1611501419326210,1611501419326210,2022-10-22T18:41:18Z,train
000332,train,26.597108833880696,-81.94153904914856,0,0_MinorDamage,0_MinorDamage,grid_0.005_23319_19611,grid_0.005_23319_19611,C4Jw1xS3BjmcTDEkyU0gNO,1613165292516956,1613165292516956,2022-10-01T19:35:29Z,train
000333,train,26.597890699553687,-81.94149613380432,0,0_MinorDamage,0_MinorDamage,grid_0.005_23319_19611,grid_0.005_23319_19611,fqniYu2dRJTZGjoNUAprCx,161352626854824,161352626854824,2022-10-01T19:35:36Z,train
000334,train,26.437525505906294,-82.0728600025177,0,0_MinorDamage,0_MinorDamage,grid_0.005_23287_19585,grid_0.005_23287_19585,GFA5Eq24e1SxuJVjWM0kyt,1615016082312569,1615016082312569,2022-10-20T16:00:13Z,train
000335,test,26.447578602565628,-82.03984200954437,0,0_MinorDamage,0_MinorDamage,grid_0.005_23289_19592,grid_0.005_23289_19592,ZoPOLpxfckCaEiQWqzs2Hg,1618947395255823,1618947395255823,2022-10-20T16:05:32Z,train
000336,train,26.438851239193767,-82.08394825458527,0,0_MinorDamage,0_MinorDamage,grid_0.005_23287_19583,grid_0.005_23287_19583,eGaqwKdfoI8yJ7kgjAtD3F,1623178708192386,1623178708192386,2022-10-22T17:34:03Z,train
000337,train,26.59756931983168,-81.94151222705841,0,0_MinorDamage,0_MinorDamage,grid_0.005_23319_19611,grid_0.005_23319_19611,fqniYu2dRJTZGjoNUAprCx,162577090045519,162577090045519,2022-10-01T19:35:33Z,train
000338,test,26.440556417190933,-82.06195414066315,0,0_MinorDamage,0_MinorDamage,grid_0.005_23288_19587,grid_0.005_23288_19587,GFA5Eq24e1SxuJVjWM0kyt,1626145807859283,1626145807859283,2022-10-20T16:02:00Z,train
000339,train,26.562749438805863,-81.98081731796265,0,0_MinorDamage,0_MinorDamage,grid_0.005_23312_19603,grid_0.005_23312_19603,D6APhLYyJ4Qn795ZzMigtk,1627722550973120,1627722550973120,2022-10-01T19:13:21Z,test
000340,train,26.5785247611068,-81.8810498714447,0,0_MinorDamage,0_MinorDamage,grid_0.005_23315_19623,grid_0.005_23315_19623,eCyYuSTjx2BgQfoV1Nt6JH,1633749763759556,1633749763759556,2022-10-04T16:37:46Z,train
000341,train,26.44915397250351,-82.02380239963531,0,0_MinorDamage,0_MinorDamage,grid_0.005_23289_19595,grid_0.005_23289_19595,2GE5DnWJXaevYfqkA4pId1,163424166639925,163424166639925,2022-10-20T17:08:35Z,train
000342,train,26.42980616894696,-82.09437668323517,0,0_MinorDamage,0_MinorDamage,grid_0.005_23285_19581,grid_0.005_23285_19581,8DuCakHvNX3A4ErGBom1lf,1635968040256988,1635968040256988,2022-10-22T18:44:06Z,train
000343,val,26.4412721040992,-82.0594972372055,0,0_MinorDamage,0_MinorDamage,grid_0.005_23288_19588,grid_0.005_23288_19588,GFA5Eq24e1SxuJVjWM0kyt,163708966703723,163708966703723,2022-10-20T16:02:21Z,train
000344,val,26.453899163932714,-82.03991174697875,0,0_MinorDamage,0_MinorDamage,grid_0.005_23290_19592,grid_0.005_23290_19592,0DuASRpWhNdcQmeEMBIaX8,1638125610044819,1638125610044819,2022-10-20T16:23:47Z,train
000345,train,26.56281181509929,-81.907399892807,0,0_MinorDamage,0_MinorDamage,grid_0.005_23312_19618,grid_0.005_23312_19618,5oHpaXMLceW1wvFmUQ4krN,163829756691868,163829756691868,2022-09-30T15:55:26Z,train
000346,train,26.43973024959439,-82.06293046474455,0,0_MinorDamage,0_MinorDamage,grid_0.005_23287_19587,grid_0.005_23287_19587,X52NQsIPtuAZHEwoBkDhqv,1641146309675941,1641146309675941,2022-10-21T16:55:01Z,train
000347,val,26.4414306113366,-82.05897152423859,0,0_MinorDamage,0_MinorDamage,grid_0.005_23288_19588,grid_0.005_23288_19588,lAtIQeO0Rwg2YVoC6Pa93F,1642860372855236,1642860372855236,2022-10-22T19:32:07Z,train
000348,train,26.445494086055,-82.04366683959961,0,0_MinorDamage,0_MinorDamage,grid_0.005_23289_19591,grid_0.005_23289_19591,ZoPOLpxfckCaEiQWqzs2Hg,1644082762760877,1644082762760877,2022-10-20T16:04:44Z,train
000349,train,26.562773429691973,-81.95827066898346,0,0_MinorDamage,0_MinorDamage,grid_0.005_23312_19608,grid_0.005_23312_19608,84IwNrn1PYRjEtAhZ7g3TV,1645433835859846,1645433835859846,2022-10-02T11:58:11.666000Z,train
000350,train,26.726250334779465,-82.06104755401611,0,0_MinorDamage,0_MinorDamage,grid_0.005_23345_19587,grid_0.005_23345_19587,lNF4GEDycBA6ZfXdQtuV10,1648291655637527,1648291655637527,2022-10-06T18:43:57Z,test
000351,train,26.44693980312765,-82.05605328083038,0,0_MinorDamage,0_MinorDamage,grid_0.005_23289_19588,grid_0.005_23289_19588,6Enx3OZopQHazvV5Aye4tg,1654697881599822,1654697881599822,2022-10-21T19:37:13Z,test
000352,train,26.423570757683976,-82.08219945430756,0,0_MinorDamage,0_MinorDamage,grid_0.005_23284_19583,grid_0.005_23284_19583,8isur9JBeVPXWMDpmQNSqw,1655107181659628,1655107181659628,2022-10-20T15:55:50Z,train
000353,train,26.589054826870324,-81.8844884634018,0,0_MinorDamage,0_MinorDamage,grid_0.005_23317_19623,grid_0.005_23317_19623,LAfaqUIhtYyXgkoBSlTnVQ,165878243037797,165878243037797,2022-09-30T15:25:00Z,test
000354,train,26.588954088232768,-81.88465476036072,0,0_MinorDamage,0_MinorDamage,grid_0.005_23317_19623,grid_0.005_23317_19623,LAfaqUIhtYyXgkoBSlTnVQ,1658972754568598,1658972754568598,2022-09-30T15:25:42Z,train
000355,train,26.52938285460453,-81.93026304244995,0,0_MinorDamage,0_MinorDamage,grid_0.005_23305_19613,grid_0.005_23305_19613,0dpIPURQ5m1EHrfXvBolaS,165922646475491,165922646475491,2022-09-30T16:01:30Z,train
000356,train,26.560671809020192,-81.95796489715576,0,0_MinorDamage,0_MinorDamage,grid_0.005_23312_19608,grid_0.005_23312_19608,7rpiSYZ6TfnMsH4vtXo8Q9,1659252144511920,1659252144511920,2022-10-02T11:47:18.500000Z,train
000357,test,26.44767466232507,-82.03827559947968,0,0_MinorDamage,0_MinorDamage,grid_0.005_23289_19592,grid_0.005_23289_19592,vJTbXQK6BOxPeaoVgcHlrM,166267469779457,166267469779457,2022-10-22T19:49:18Z,train
000358,train,26.434153463377072,-82.10276126861572,0,0_MinorDamage,0_MinorDamage,grid_0.005_23286_19579,grid_0.005_23286_19579,0M2YgdFsf6GZmIwQJy5APK,1666231023892761,1666231023892761,2022-10-22T18:21:21Z,train
000359,train,26.43704516399432,-82.07449078559875,0,0_MinorDamage,0_MinorDamage,grid_0.005_23287_19585,grid_0.005_23287_19585,GFA5Eq24e1SxuJVjWM0kyt,1672152096583750,1672152096583750,2022-10-20T15:59:54Z,train
000360,train,26.60430371512441,-81.86801433563232,0,0_MinorDamage,0_MinorDamage,grid_0.005_23320_19626,grid_0.005_23320_19626,vcSl4NqPnwEhQ5OeCxbJXf,167261233005940,167261233005940,2022-09-30T19:22:15Z,train
000361,train,26.60756524556578,-81.9391518831253,0,0_MinorDamage,0_MinorDamage,grid_0.005_23321_19612,grid_0.005_23321_19612,F1Y8svo2KIARXjJT6xUNkD,1674142766364751,1674142766364751,2022-10-01T18:09:14Z,train
000362,train,26.44025861327502,-82.0667713880539,0,0_MinorDamage,0_MinorDamage,grid_0.005_23288_19586,grid_0.005_23288_19586,wJ8ZYp4KuVjgI6xsXOUWkA,1682424005504616,1682424005504616,2022-10-22T17:14:38Z,train
000363,train,26.441646757217995,-82.10490703582764,0,0_MinorDamage,0_MinorDamage,grid_0.005_23288_19579,grid_0.005_23288_19579,eXyup5h9qxj1LgGNY3DQiP,1683426455452861,1683426455452861,2022-10-22T17:36:47Z,train
000364,train,26.4299694956799,-82.08016097545624,0,0_MinorDamage,0_MinorDamage,grid_0.005_23285_19583,grid_0.005_23285_19583,8zouvat6BbkWiE0A1VYwfq,1689669348213403,1689669348213403,2022-10-22T19:08:49Z,train
000365,test,26.44731924081501,-82.03850090503693,0,0_MinorDamage,0_MinorDamage,grid_0.005_23289_19592,grid_0.005_23289_19592,vJTbXQK6BOxPeaoVgcHlrM,1694392247692507,1694392247692507,2022-10-22T19:49:10Z,test
000366,train,26.44199258978473,-82.03517496585846,0,0_MinorDamage,0_MinorDamage,grid_0.005_23288_19592,grid_0.005_23288_19592,oAbgmNBZR9JTjufiX5eCxP,169459999320522,169459999320522,2022-10-20T17:04:27Z,train
000367,train,26.42810083188367,-82.10168838500977,0,0_MinorDamage,0_MinorDamage,grid_0.005_23285_19579,grid_0.005_23285_19579,Rd8l2zEjuKLNrOXf5Q3CDB,1695048637609721,1695048637609721,2022-10-20T13:53:18Z,test
000368,train,26.424305765912976,-82.0800966024399,0,0_MinorDamage,0_MinorDamage,grid_0.005_23284_19583,grid_0.005_23284_19583,yILRGFcu1KtAQg0WzVjEhZ,1699699960505743,1699699960505743,2022-10-22T19:07:56Z,train
000369,train,26.42955157093114,-82.10548102855681,0,0_MinorDamage,0_MinorDamage,grid_0.005_23285_19578,grid_0.005_23285_19578,Rd8l2zEjuKLNrOXf5Q3CDB,1699789413780271,1699789413780271,2022-10-20T13:53:56Z,train
000370,train,26.43705477085217,-82.05813467502594,0,0_MinorDamage,0_MinorDamage,grid_0.005_23287_19588,grid_0.005_23287_19588,X52NQsIPtuAZHEwoBkDhqv,170346682391808,170346682391808,2022-10-21T16:57:31Z,train
000371,train,26.45736187758628,-82.04332351684569,0,0_MinorDamage,0_MinorDamage,grid_0.005_23291_19591,grid_0.005_23291_19591,cjXdAN6SYHtunWF5TIOlCq,170640415673360,170640415673360,2022-10-21T18:55:05Z,test
000372,train,26.429292168600806,-82.10472464561462,0,0_MinorDamage,0_MinorDamage,grid_0.005_23285_19579,grid_0.005_23285_19579,0M2YgdFsf6GZmIwQJy5APK,1709396586144666,1709396586144666,2022-10-22T18:16:54Z,train
000373,val,26.441248087832093,-82.0596581697464,0,0_MinorDamage,0_MinorDamage,grid_0.005_23288_19588,grid_0.005_23288_19588,wJ8ZYp4KuVjgI6xsXOUWkA,1712936799148091,1712936799148091,2022-10-22T17:09:44Z,train
000374,train,26.444730394297324,-82.03460097312929,0,0_MinorDamage,0_MinorDamage,grid_0.005_23288_19593,grid_0.005_23288_19593,9UT5ZHyS3c7kMrjfsgzh10,171412222582252,171412222582252,2022-10-20T18:14:16Z,train
000375,train,26.533683192242435,-81.92516148090363,0,0_MinorDamage,0_MinorDamage,grid_0.005_23306_19614,grid_0.005_23306_19614,0dpIPURQ5m1EHrfXvBolaS,1714540348991002,1714540348991002,2022-09-30T16:00:55Z,train
000376,train,26.423522717767312,-82.08129823207857,0,0_MinorDamage,0_MinorDamage,grid_0.005_23284_19583,grid_0.005_23284_19583,yILRGFcu1KtAQg0WzVjEhZ,1725309004570575,1725309004570575,2022-10-22T19:07:21Z,train
000377,test,26.44599840802488,-82.03838288784027,0,0_MinorDamage,0_MinorDamage,grid_0.005_23289_19592,grid_0.005_23289_19592,n8NHRsX3PiA1YpCSMoy20F,1725559781174464,1725559781174464,2022-10-21T18:51:43Z,train
000378,train,26.581302489798148,-81.93929672241211,0,0_MinorDamage,0_MinorDamage,grid_0.005_23316_19612,grid_0.005_23316_19612,chmNQFduU7s2ACTtlI8D0z,172635605394260,172635605394260,2022-10-02T11:27:21.333000Z,train
000379,test,26.44101272814943,-82.06032872200012,0,0_MinorDamage,0_MinorDamage,grid_0.005_23288_19587,grid_0.005_23288_19587,lAtIQeO0Rwg2YVoC6Pa93F,1727917024348347,1727917024348347,2022-10-22T19:31:54Z,train
000380,train,26.43942283688347,-82.04366683959961,0,0_MinorDamage,0_MinorDamage,grid_0.005_23287_19591,grid_0.005_23287_19591,XAsVlIPBUv5ME0hunTGam1,1727990537660172,1727990537660172,2022-10-20T13:35:00Z,train
000381,train,26.482822350636862,-82.18251943588258,0,0_MinorDamage,0_MinorDamage,grid_0.005_23296_19563,grid_0.005_23296_19563,SyLB57XMjdtCGqc6ZnJ4Pv,1728854777573180,1728854777573180,2022-10-20T14:30:14Z,train
000382,test,26.44833747248165,-82.03811466693878,0,0_MinorDamage,0_MinorDamage,grid_0.005_23289_19592,grid_0.005_23289_19592,hVtUpWFmwBTMDKgo9CRPIS,172902302123814,172902302123814,2022-10-21T21:22:12Z,train
000383,train,26.43691066790015,-82.07494676113129,0,0_MinorDamage,0_MinorDamage,grid_0.005_23287_19585,grid_0.005_23287_19585,GFA5Eq24e1SxuJVjWM0kyt,1730204470787691,1730204470787691,2022-10-20T15:59:50Z,train
000384,train,26.55769204790601,-81.95360898971559,0,0_MinorDamage,0_MinorDamage,grid_0.005_23311_19609,grid_0.005_23311_19609,xK6cfvZPLDM7rywSqFXU9Q,173041322024454,173041322024454,2022-10-02T11:45:25Z,train
000385,train,26.446123287409705,-82.06484019756317,0,0_MinorDamage,0_MinorDamage,grid_0.005_23289_19587,grid_0.005_23289_19587,mOxFlgIhNsDMV6H72nawdZ,173250562395846,173250562395846,2022-10-22T16:56:30Z,train
000386,train,26.44692539407692,-82.05608010292053,0,0_MinorDamage,0_MinorDamage,grid_0.005_23289_19588,grid_0.005_23289_19588,vItnjg2h4oOkUXx819qbfM,173355042095286,173355042095286,2022-10-21T20:14:03Z,train
000387,train,26.44019136712295,-82.0719426870346,0,0_MinorDamage,0_MinorDamage,grid_0.005_23288_19585,grid_0.005_23288_19585,eGaqwKdfoI8yJ7kgjAtD3F,173470652374082,173470652374082,2022-10-22T17:30:16Z,train
000388,train,26.43463862087178,-82.08020389080048,0,0_MinorDamage,0_MinorDamage,grid_0.005_23286_19583,grid_0.005_23286_19583,8zouvat6BbkWiE0A1VYwfq,1734969786958827,1734969786958827,2022-10-22T19:09:31Z,train
000389,train,26.429196093515515,-82.06157326698305,0,0_MinorDamage,0_MinorDamage,grid_0.005_23285_19587,grid_0.005_23285_19587,d9OWh4IQeMXLPraFD8HZpy,1736448233438236,1736448233438236,2022-10-21T17:06:18Z,train
000390,test,26.4405372040583,-82.06199169158936,0,0_MinorDamage,0_MinorDamage,grid_0.005_23288_19587,grid_0.005_23288_19587,X52NQsIPtuAZHEwoBkDhqv,174501095288124,174501095288124,2022-10-21T16:56:09Z,train
000391,train,26.649136809388835,-81.85425996780396,0,0_MinorDamage,0_MinorDamage,grid_0.005_23329_19629,grid_0.005_23329_19629,OxYSHNnDlusU3fieJTMwZE,174763435393931,174763435393931,2022-10-04T17:46:35Z,train
000392,train,26.569380328565515,-81.90295279026031,0,0_MinorDamage,0_MinorDamage,grid_0.005_23313_19619,grid_0.005_23313_19619,M5eOhXKrUp6RGLtk7lZcbB,174966792057892,174966792057892,2022-10-11T15:26:21Z,train
000393,test,26.44023940009272,-82.0631343126297,0,0_MinorDamage,0_MinorDamage,grid_0.005_23288_19587,grid_0.005_23288_19587,wJ8ZYp4KuVjgI6xsXOUWkA,1757790194668299,1757790194668299,2022-10-22T17:10:16Z,train
000394,train,26.50596334510979,-81.97803318500519,0,0_MinorDamage,0_MinorDamage,grid_0.005_23301_19604,grid_0.005_23301_19604,X5lqZsudxrJMCFcQmwtD9L,1770308520069220,1770308520069220,2022-10-02T17:16:11Z,train
000395,train,26.56278302604501,-81.95932745933533,0,0_MinorDamage,0_MinorDamage,grid_0.005_23312_19608,grid_0.005_23312_19608,84IwNrn1PYRjEtAhZ7g3TV,1773448699695497,1773448699695497,2022-10-02T11:58:20.333000Z,train
000396,train,26.56129078349572,-81.95787906646729,0,0_MinorDamage,0_MinorDamage,grid_0.005_23312_19608,grid_0.005_23312_19608,tIAfNHcP8OTlo2Xp1krhSu,1779940295704605,1779940295704605,2022-10-02T11:57:41.250000Z,train
000397,train,26.423546737728174,-82.0801717042923,0,0_MinorDamage,0_MinorDamage,grid_0.005_23284_19583,grid_0.005_23284_19583,aLbXpouwqyjD4cWNZMfF2Y,1782351388833743,1782351388833743,2022-10-20T13:44:36Z,train
000398,train,26.45598352831672,-82.04208970069885,0,0_MinorDamage,0_MinorDamage,grid_0.005_23291_19591,grid_0.005_23291_19591,tTMujQinkPSmUalNr8ODYC,178700028122279,178700028122279,2022-10-21T19:01:39Z,train
000399,train,26.451065520503548,-82.0561283826828,0,0_MinorDamage,0_MinorDamage,grid_0.005_23290_19588,grid_0.005_23290_19588,6Enx3OZopQHazvV5Aye4tg,1789659798072796,1789659798072796,2022-10-21T19:37:51Z,train
000400,train,26.63759573129425,-82.03856527805328,0,0_MinorDamage,0_MinorDamage,grid_0.005_23327_19592,grid_0.005_23327_19592,U68fF4V9iwhXobvN7Du1SP,1795239207508810,1795239207508810,2022-10-02T12:34:27.333000Z,train
000401,test,26.447011848354308,-82.03960597515106,0,0_MinorDamage,0_MinorDamage,grid_0.005_23289_19592,grid_0.005_23289_19592,n8NHRsX3PiA1YpCSMoy20F,1798075677216627,1798075677216627,2022-10-21T18:52:30Z,train
000402,test,26.4410079248856,-82.06033408641814,0,0_MinorDamage,0_MinorDamage,grid_0.005_23288_19587,grid_0.005_23288_19587,X52NQsIPtuAZHEwoBkDhqv,1810728092630676,1810728092630676,2022-10-21T16:56:24Z,train
000403,val,26.4504507547586,-82.0308405160904,0,0_MinorDamage,0_MinorDamage,grid_0.005_23290_19593,grid_0.005_23290_19593,oA4ekOPWvzdE6Gc3J0qSLM,181222361204811,181222361204811,2022-10-21T18:00:04Z,train
000404,train,26.449735124875247,-82.12385952472687,0,0_MinorDamage,0_MinorDamage,grid_0.005_23289_19575,grid_0.005_23289_19575,Hdxcg6t5vyaoX8lCwfM391,181353924687946,181353924687946,2022-10-20T15:41:36Z,train
000405,train,26.63558659187426,-81.86862051486969,0,0_MinorDamage,0_MinorDamage,grid_0.005_23327_19626,grid_0.005_23327_19626,4RUmfrSNt1hFHiMsVyQAcn,181353978003768,181353978003768,2022-10-04T18:11:19Z,train
000406,train,26.558387812264,-81.95787370204924,0,0_MinorDamage,0_MinorDamage,grid_0.005_23311_19608,grid_0.005_23311_19608,tIAfNHcP8OTlo2Xp1krhSu,1814799542211960,1814799542211960,2022-10-02T11:57:19.500000Z,train
000407,test,26.444259688679423,-82.06428766250609,0,0_MinorDamage,0_MinorDamage,grid_0.005_23288_19587,grid_0.005_23288_19587,wsuK3zob9RL5EY1FcZThlt,1839370013126173,1839370013126173,2022-10-22T17:01:28Z,train
000408,train,26.652651164421343,-82.05051720142365,0,0_MinorDamage,0_MinorDamage,grid_0.005_23330_19589,grid_0.005_23330_19589,IOV8FkeKfqNbr4CDJx7ptQ,1845150269153474,1845150269153474,2022-10-02T12:38:57.428000Z,train
000409,train,26.42671252477291,-82.08012878894806,0,0_MinorDamage,0_MinorDamage,grid_0.005_23285_19583,grid_0.005_23285_19583,8isur9JBeVPXWMDpmQNSqw,1851909518583268,1851909518583268,2022-10-20T15:56:58Z,train
000410,val,26.44049877778341,-82.04610764980316,0,0_MinorDamage,0_MinorDamage,grid_0.005_23288_19590,grid_0.005_23288_19590,uGWfqep3o2ws7cldtXQBLk,1854517484907458,1854517484907458,2022-10-21T19:08:53Z,train
000411,train,26.45887468096069,-82.03400015830994,0,0_MinorDamage,0_MinorDamage,grid_0.005_23291_19593,grid_0.005_23291_19593,hVtUpWFmwBTMDKgo9CRPIS,1854702131544793,1854702131544793,2022-10-21T21:24:05Z,train
000412,val,26.44449504172877,-82.05612301826477,0,0_MinorDamage,0_MinorDamage,grid_0.005_23288_19588,grid_0.005_23288_19588,6Enx3OZopQHazvV5Aye4tg,186053890700993,186053890700993,2022-10-21T19:36:48Z,train
000413,train,26.65139022819808,-82.03938066959381,0,0_MinorDamage,0_MinorDamage,grid_0.005_23330_19592,grid_0.005_23330_19592,4crG6kVX27QyMhtvTZqasA,186192194072373,186192194072373,2022-10-02T12:36:39Z,test
000414,train,26.43425914142118,-82.05672919750215,0,0_MinorDamage,0_MinorDamage,grid_0.005_23286_19588,grid_0.005_23286_19588,NyYzSUec6DpPEo8ZrBnL17,186344103998239,186344103998239,2022-10-21T19:21:53Z,train
000415,val,26.441372972366423,-82.0463812351227,0,0_MinorDamage,0_MinorDamage,grid_0.005_23288_19590,grid_0.005_23288_19590,uGWfqep3o2ws7cldtXQBLk,186684917310608,186684917310608,2022-10-21T19:08:44Z,train
000416,train,26.60934465899281,-82.03559339046478,0,0_MinorDamage,0_MinorDamage,grid_0.005_23321_19592,grid_0.005_23321_19592,p8LtWU9Og1cD67ial3KExC,1872414743136472,1872414743136472,2022-10-01T18:48:24Z,train
000417,train,26.49188726199164,-81.99377238750458,0,0_MinorDamage,0_MinorDamage,grid_0.005_23298_19601,grid_0.005_23298_19601,LhDSJj5zKClm8IaFvdBi0Y,187850720514281,187850720514281,2022-10-21T21:34:48Z,train
000418,train,26.561895359988824,-82.01719880104065,0,0_MinorDamage,0_MinorDamage,grid_0.005_23312_19596,grid_0.005_23312_19596,TsSrYVLcjRQlIymM5oNWJ2,188113680468867,188113680468867,2022-10-02T12:17:22.666000Z,train
000419,train,26.59184189401934,-82.03364610671997,0,0_MinorDamage,0_MinorDamage,grid_0.005_23318_19593,grid_0.005_23318_19593,GUTHyQZaqr5AKCSzi3wuc8,1882008938835196,1882008938835196,2022-10-01T18:52:42Z,train
000420,train,26.553018321313345,-81.95778250694275,0,0_MinorDamage,0_MinorDamage,grid_0.005_23310_19608,grid_0.005_23310_19608,Oc5eKaSGl0E8AiDVgPqUfI,188298117543312,188298117543312,2022-10-01T19:23:51Z,train
000421,train,26.449418133036005,-82.03050255775452,0,0_MinorDamage,0_MinorDamage,grid_0.005_23289_19593,grid_0.005_23289_19593,nyw9GxcmVequiNU27Ka6LA,188654477121376,188654477121376,2022-10-21T18:39:19Z,train
000422,train,26.50233406981681,-81.9775664806366,0,0_MinorDamage,0_MinorDamage,grid_0.005_23300_19604,grid_0.005_23300_19604,X5lqZsudxrJMCFcQmwtD9L,188726000524826,188726000524826,2022-10-02T17:22:23Z,train
000423,train,26.456785566310145,-82.0350033044815,0,0_MinorDamage,0_MinorDamage,grid_0.005_23291_19592,grid_0.005_23291_19592,vJTbXQK6BOxPeaoVgcHlrM,1891613671205298,1891613671205298,2022-10-22T19:50:47Z,train
000424,val,26.439619773245823,-82.06531763076782,0,0_MinorDamage,0_MinorDamage,grid_0.005_23287_19586,grid_0.005_23287_19586,wJ8ZYp4KuVjgI6xsXOUWkA,189973157068826,189973157068826,2022-10-22T17:13:41Z,train
000425,train,26.53332803653352,-81.92556381225586,0,0_MinorDamage,0_MinorDamage,grid_0.005_23306_19614,grid_0.005_23306_19614,0dpIPURQ5m1EHrfXvBolaS,190000474021623,190000474021623,2022-09-30T16:00:58Z,train
000426,train,26.56412650753857,-81.94389939308167,0,0_MinorDamage,0_MinorDamage,grid_0.005_23312_19611,grid_0.005_23312_19611,Rtl3bIkgGFj0NUi9XHQ48v,190509540195733,190509540195733,2022-10-02T11:41:35.333000Z,train
000427,train,26.61887915739466,-81.87083065509796,0,0_MinorDamage,0_MinorDamage,grid_0.005_23323_19625,grid_0.005_23323_19625,BW1snhSTmPNKyJMAcQHvxt,190700457262685,190700457262685,2022-10-04T18:15:53Z,train
000428,train,26.562792622397254,-81.96008920669556,0,0_MinorDamage,0_MinorDamage,grid_0.005_23312_19607,grid_0.005_23312_19607,84IwNrn1PYRjEtAhZ7g3TV,190786220195018,190786220195018,2022-10-02T11:58:26.500000Z,test
000429,train,26.43625259546215,-82.05004513263702,0,0_MinorDamage,0_MinorDamage,grid_0.005_23287_19589,grid_0.005_23287_19589,cK9RIBTNm6s1M7DYd2raCk,190902223530866,190902223530866,2022-10-21T19:27:22Z,train
000430,train,26.444499844847243,-82.11263179779053,0,0_MinorDamage,0_MinorDamage,grid_0.005_23288_19577,grid_0.005_23288_19577,Hdxcg6t5vyaoX8lCwfM391,1913218765716178,1913218765716178,2022-10-20T15:43:00Z,test
000431,train,26.439254720210258,-82.06291973590851,0,0_MinorDamage,0_MinorDamage,grid_0.005_23287_19587,grid_0.005_23287_19587,X52NQsIPtuAZHEwoBkDhqv,192219666815090,192219666815090,2022-10-21T16:55:10Z,train
000432,test,26.44710310557672,-82.03849017620087,0,0_MinorDamage,0_MinorDamage,grid_0.005_23289_19592,grid_0.005_23289_19592,oAbgmNBZR9JTjufiX5eCxP,1924964021199445,1924964021199445,2022-10-20T17:02:04Z,train
000433,val,26.4447832284813,-82.04652070999146,0,0_MinorDamage,0_MinorDamage,grid_0.005_23288_19590,grid_0.005_23288_19590,uGWfqep3o2ws7cldtXQBLk,192955096658890,192955096658890,2022-10-21T19:07:40Z,train
000434,train,26.42354193373641,-82.08021998405457,0,0_MinorDamage,0_MinorDamage,grid_0.005_23284_19583,grid_0.005_23284_19583,aLbXpouwqyjD4cWNZMfF2Y,194127870286111,194127870286111,2022-10-20T13:44:36Z,train
000435,train,26.43578665868993,-82.07902371883392,0,0_MinorDamage,0_MinorDamage,grid_0.005_23287_19584,grid_0.005_23287_19584,FDdzYnaCWL8jJN0GwxMkmV,1942282489454506,1942282489454506,2022-10-21T16:39:10Z,train
000436,train,26.596638752561,-81.89116716384888,0,0_MinorDamage,0_MinorDamage,grid_0.005_23319_19621,grid_0.005_23319_19621,GsUfeMbK7JEiHPl9ApZI1O,1942541592769833,1942541592769833,2022-10-01T18:04:57Z,train
000437,train,26.429359421112864,-82.09321796894073,0,0_MinorDamage,0_MinorDamage,grid_0.005_23285_19581,grid_0.005_23285_19581,8DuCakHvNX3A4ErGBom1lf,1946360625731186,1946360625731186,2022-10-22T18:49:29Z,train
000438,train,26.60753646776267,-81.9402676820755,0,0_MinorDamage,0_MinorDamage,grid_0.005_23321_19611,grid_0.005_23321_19611,F1Y8svo2KIARXjJT6xUNkD,1948632085497819,1948632085497819,2022-10-01T18:09:20Z,train
000439,train,26.56278302604501,-81.95907533168791,0,0_MinorDamage,0_MinorDamage,grid_0.005_23312_19608,grid_0.005_23312_19608,84IwNrn1PYRjEtAhZ7g3TV,195492246376597,195492246376597,2022-10-02T11:58:18.666000Z,train
000440,train,26.657373558447404,-81.84635818004608,0,0_MinorDamage,0_MinorDamage,grid_0.005_23331_19630,grid_0.005_23331_19630,sQhXIrmbztd4325OKqMlcy,195669669784402,195669669784402,2022-10-04T17:48:15Z,train
000441,val,26.442492123881777,-82.0551198720932,0,0_MinorDamage,0_MinorDamage,grid_0.005_23288_19588,grid_0.005_23288_19588,lAtIQeO0Rwg2YVoC6Pa93F,195708929791216,195708929791216,2022-10-22T19:32:44Z,train
000442,train,26.525946308249573,-81.93423807621002,0,0_MinorDamage,0_MinorDamage,grid_0.005_23305_19613,grid_0.005_23305_19613,0dpIPURQ5m1EHrfXvBolaS,195930806764280,195930806764280,2022-09-30T16:01:59Z,train
000443,train,26.645689471999432,-82.05598890781403,0,0_MinorDamage,0_MinorDamage,grid_0.005_23329_19588,grid_0.005_23329_19588,XefzjmUaV32kJsGZDPnY6B,195951919609350,195951919609350,2022-10-02T12:40:43.333000Z,train
000444,val,26.44405795711154,-82.04916000366211,0,0_MinorDamage,0_MinorDamage,grid_0.005_23288_19590,grid_0.005_23288_19590,CDu3ifjIyq6W2ZEgm9Jecs,1966252203762157,1966252203762157,2022-10-22T19:33:49Z,train
000445,val,26.56285979684036,-81.97120428085326,0,0_MinorDamage,0_MinorDamage,grid_0.005_23312_19605,grid_0.005_23312_19605,84IwNrn1PYRjEtAhZ7g3TV,1973849429485987,1973849429485987,2022-10-02T12:00:20.333000Z,train
000446,train,26.640909055864896,-81.86545014381409,0,0_MinorDamage,0_MinorDamage,grid_0.005_23328_19626,grid_0.005_23328_19626,jxBtTakRHoqbVWcACQpNiM,1977534822603315,1977534822603315,2022-10-04T18:09:01Z,train
000447,train,26.55196742636609,-81.98244273662566,0,0_MinorDamage,0_MinorDamage,grid_0.005_23310_19603,grid_0.005_23310_19603,LdAR3S0E9p7g5saOr1qQXy,197850966075222,197850966075222,2022-10-02T12:03:49.333000Z,train
000448,train,26.43834688593634,-82.08643198013306,0,0_MinorDamage,0_MinorDamage,grid_0.005_23287_19582,grid_0.005_23287_19582,eGaqwKdfoI8yJ7kgjAtD3F,1984013448625430,1984013448625430,2022-10-22T17:34:24Z,train
000449,train,26.58931866573903,-81.88453674316406,0,0_MinorDamage,0_MinorDamage,grid_0.005_23317_19623,grid_0.005_23317_19623,Yt7iF2x8aHcKNveUl9kuJq,1986128161751727,1986128161751727,2022-09-30T15:18:54Z,train
000450,train,26.44272267734989,-82.05426692962646,0,0_MinorDamage,0_MinorDamage,grid_0.005_23288_19589,grid_0.005_23288_19589,ZoPOLpxfckCaEiQWqzs2Hg,1986501205023730,1986501205023730,2022-10-20T16:03:13Z,train
000451,train,26.45684319756758,-82.04286217689514,0,0_MinorDamage,0_MinorDamage,grid_0.005_23291_19591,grid_0.005_23291_19591,0YIfZrHA3aCDs75ngd9Kcx,1988861211449679,1988861211449679,2022-10-20T16:33:23Z,test
000452,test,26.44028262974838,-82.0628821849823,0,0_MinorDamage,0_MinorDamage,grid_0.005_23288_19587,grid_0.005_23288_19587,lAtIQeO0Rwg2YVoC6Pa93F,198989646458197,198989646458197,2022-10-22T19:31:32Z,train
000453,train,26.445820694820767,-82.0425456762314,0,0_MinorDamage,0_MinorDamage,grid_0.005_23289_19591,grid_0.005_23289_19591,vJTbXQK6BOxPeaoVgcHlrM,1993186737711932,1993186737711932,2022-10-22T19:48:12Z,train
000454,train,26.43875517207684,-82.08436667919159,0,0_MinorDamage,0_MinorDamage,grid_0.005_23287_19583,grid_0.005_23287_19583,eGaqwKdfoI8yJ7kgjAtD3F,199318822725963,199318822725963,2022-10-22T17:34:07Z,train
000455,train,26.457991014102475,-82.04260468482971,0,0_MinorDamage,0_MinorDamage,grid_0.005_23291_19591,grid_0.005_23291_19591,0YIfZrHA3aCDs75ngd9Kcx,1993653087656296,1993653087656296,2022-10-20T16:31:09Z,train
000456,train,26.56888134587172,-82.01726853847504,0,0_MinorDamage,0_MinorDamage,grid_0.005_23313_19596,grid_0.005_23313_19596,xrLUbi76VDhcX0HezIAagY,199450132601148,199450132601148,2022-10-02T12:18:31.400000Z,train
000457,train,26.423839780847374,-82.07890033721924,0,0_MinorDamage,0_MinorDamage,grid_0.005_23284_19584,grid_0.005_23284_19584,aLbXpouwqyjD4cWNZMfF2Y,200080009316102,200080009316102,2022-10-20T13:44:14Z,train
000458,train,26.44977835096753,-82.0249128341675,0,0_MinorDamage,0_MinorDamage,grid_0.005_23289_19595,grid_0.005_23289_19595,nyw9GxcmVequiNU27Ka6LA,200118189204784,200118189204784,2022-10-21T18:45:11Z,train
000459,test,26.44031144950982,-82.06276953220367,0,0_MinorDamage,0_MinorDamage,grid_0.005_23288_19587,grid_0.005_23288_19587,X52NQsIPtuAZHEwoBkDhqv,201413379075257,201413379075257,2022-10-21T16:55:59Z,train
000460,train,26.640904260963907,-81.86567008495331,0,0_MinorDamage,0_MinorDamage,grid_0.005_23328_19626,grid_0.005_23328_19626,jxBtTakRHoqbVWcACQpNiM,201945786155234,201945786155234,2022-10-04T18:09:03Z,train
000461,train,26.64248177252773,-82.0456999540329,0,0_MinorDamage,0_MinorDamage,grid_0.005_23328_19590,grid_0.005_23328_19590,AYscjdF84i3BtZO0SMQmNE,202015549475256,202015549475256,2022-10-01T18:43:55Z,test
000462,train,26.43843334665152,-82.08596527576447,0,0_MinorDamage,0_MinorDamage,grid_0.005_23287_19582,grid_0.005_23287_19582,eGaqwKdfoI8yJ7kgjAtD3F,202409382389561,202409382389561,2022-10-22T17:34:21Z,train
000463,train,26.59610151440256,-81.92792415618896,0,0_MinorDamage,0_MinorDamage,grid_0.005_23319_19614,grid_0.005_23319_19614,z5iyQfRGHW02FmvOT8nj4o,2028298660702134,2028298660702134,2022-10-02T11:16:08Z,train
000464,train,26.445671799762977,-82.06342399120331,0,0_MinorDamage,0_MinorDamage,grid_0.005_23289_19587,grid_0.005_23289_19587,mOxFlgIhNsDMV6H72nawdZ,203060882322653,203060882322653,2022-10-22T16:55:49Z,train
000465,train,26.56232719838846,-81.9579166173935,0,0_MinorDamage,0_MinorDamage,grid_0.005_23312_19608,grid_0.005_23312_19608,tIAfNHcP8OTlo2Xp1krhSu,203205352162981,203205352162981,2022-10-02T11:57:51.500000Z,train
000466,train,26.55305670998752,-81.96030378341675,0,0_MinorDamage,0_MinorDamage,grid_0.005_23310_19607,grid_0.005_23310_19607,tIAfNHcP8OTlo2Xp1krhSu,203414292074829,203414292074829,2022-10-02T11:56:10.714000Z,train
000467,train,26.45825515436321,-82.04420328140259,0,0_MinorDamage,0_MinorDamage,grid_0.005_23291_19591,grid_0.005_23291_19591,tTMujQinkPSmUalNr8ODYC,203825722194388,203825722194388,2022-10-21T19:01:03Z,train
000468,train,26.573568818758343,-81.89249217510223,0,0_MinorDamage,0_MinorDamage,grid_0.005_23314_19621,grid_0.005_23314_19621,xyKLQkzWuJS432No9mBCIH,204142889263973,204142889263973,2022-10-04T16:21:58Z,train
000469,train,26.65345662209519,-82.05601572990417,0,0_MinorDamage,0_MinorDamage,grid_0.005_23330_19588,grid_0.005_23330_19588,JvXAw9z8CROFSaGbhZjQ6E,2052992498425972,2052992498425972,2022-10-01T18:41:40Z,train
000470,train,26.435906745667083,-82.07857310771942,0,0_MinorDamage,0_MinorDamage,grid_0.005_23287_19584,grid_0.005_23287_19584,FDdzYnaCWL8jJN0GwxMkmV,206245465301648,206245465301648,2022-10-21T16:39:06Z,train
000471,train,26.50865162326589,-81.96738481521606,0,0_MinorDamage,0_MinorDamage,grid_0.005_23301_19606,grid_0.005_23301_19606,UiTVbHcRCdI730PgBtJYFL,2064236097301767,2064236097301767,2022-10-02T16:14:15Z,test
000472,train,26.45600754151141,-82.04208433628082,0,0_MinorDamage,0_MinorDamage,grid_0.005_23291_19591,grid_0.005_23291_19591,cjXdAN6SYHtunWF5TIOlCq,2068802033325877,2068802033325877,2022-10-21T18:54:47Z,train
000473,val,26.441387382111657,-82.05912172794342,0,0_MinorDamage,0_MinorDamage,grid_0.005_23288_19588,grid_0.005_23288_19588,lAtIQeO0Rwg2YVoC6Pa93F,207000471874022,207000471874022,2022-10-22T19:32:05Z,train
000474,train,26.431252082861874,-82.06079542636871,0,0_MinorDamage,0_MinorDamage,grid_0.005_23286_19587,grid_0.005_23286_19587,d9OWh4IQeMXLPraFD8HZpy,207027048554520,207027048554520,2022-10-21T17:01:45Z,train
000475,train,26.65162995098575,-82.05602645874023,0,0_MinorDamage,0_MinorDamage,grid_0.005_23330_19588,grid_0.005_23330_19588,JvXAw9z8CROFSaGbhZjQ6E,208207202179614,208207202179614,2022-10-01T18:41:51Z,train
000476,train,26.5522169548055,-81.98244273662566,0,0_MinorDamage,0_MinorDamage,grid_0.005_23310_19603,grid_0.005_23310_19603,LdAR3S0E9p7g5saOr1qQXy,208731088270293,208731088270293,2022-10-02T12:03:47Z,train
000477,val,26.452568801040087,-82.03850090503693,0,0_MinorDamage,0_MinorDamage,grid_0.005_23290_19592,grid_0.005_23290_19592,0YIfZrHA3aCDs75ngd9Kcx,2092378220967548,2092378220967548,2022-10-20T16:34:54Z,test
000478,train,26.65756532666539,-81.8460202217102,0,0_MinorDamage,0_MinorDamage,grid_0.005_23331_19630,grid_0.005_23331_19630,sQhXIrmbztd4325OKqMlcy,209546218249045,209546218249045,2022-10-04T17:48:18Z,train
000479,train,26.43670412002133,-82.05808103084564,0,0_MinorDamage,0_MinorDamage,grid_0.005_23287_19588,grid_0.005_23287_19588,X52NQsIPtuAZHEwoBkDhqv,210185248064389,210185248064389,2022-10-21T16:57:35Z,train
000480,val,26.453726265653174,-82.0365160703659,0,0_MinorDamage,0_MinorDamage,grid_0.005_23290_19592,grid_0.005_23290_19592,hVtUpWFmwBTMDKgo9CRPIS,210528438125157,210528438125157,2022-10-21T21:23:10Z,train
000481,train,26.69783909622421,-82.0556080341339,0,0_MinorDamage,0_MinorDamage,grid_0.005_23339_19588,grid_0.005_23339_19588,sd2tRl8cCQY59mo7ZzjiGp,2105478759640887,2105478759640887,2022-10-06T18:33:54Z,test
000482,train,26.44525393195994,-82.04466462135315,0,0_MinorDamage,0_MinorDamage,grid_0.005_23289_19591,grid_0.005_23289_19591,hVtUpWFmwBTMDKgo9CRPIS,210652234861982,210652234861982,2022-10-21T21:20:54Z,train
000483,train,26.627074929172764,-81.88038468360901,0,0_MinorDamage,0_MinorDamage,grid_0.005_23325_19623,grid_0.005_23325_19623,Em7Mc1GUux6lXtdyqTzJRF,210842911719862,210842911719862,2022-09-30T20:18:48Z,train
000484,train,26.431958220274822,-82.0640516281128,0,0_MinorDamage,0_MinorDamage,grid_0.005_23286_19587,grid_0.005_23286_19587,njtp7LVIeUbyEwXSkgYzCT,211358104729267,211358104729267,2022-10-20T13:41:18Z,train
000485,test,26.447026257394228,-82.03958451747894,0,0_MinorDamage,0_MinorDamage,grid_0.005_23289_19592,grid_0.005_23289_19592,hVtUpWFmwBTMDKgo9CRPIS,211808811318103,211808811318103,2022-10-21T21:21:47Z,test
000486,train,26.45703049895498,-82.03490138053894,0,0_MinorDamage,0_MinorDamage,grid_0.005_23291_19593,grid_0.005_23291_19593,hVtUpWFmwBTMDKgo9CRPIS,211824151300913,211824151300913,2022-10-21T21:23:45Z,test
000487,train,26.59671070390857,-81.88807189464569,0,0_MinorDamage,0_MinorDamage,grid_0.005_23319_19622,grid_0.005_23319_19622,GsUfeMbK7JEiHPl9ApZI1O,2125382054493890,2125382054493890,2022-10-01T18:04:41Z,train
000488,train,26.4705346061228,-82.02853381633759,0,0_MinorDamage,0_MinorDamage,grid_0.005_23294_19594,grid_0.005_23294_19594,0gKkpbLfeIWSEoOT6GXYdV,213254707826043,213254707826043,2022-10-21T21:26:07Z,train
000489,train,26.510855004341337,-81.95353388786314,0,0_MinorDamage,0_MinorDamage,grid_0.005_23302_19609,grid_0.005_23302_19609,0PV43Mhwl1DSCuTpoyvfFt,213282874998361,213282874998361,2022-09-30T16:05:48Z,train
000490,test,26.4471751507012,-82.03902661800385,0,0_MinorDamage,0_MinorDamage,grid_0.005_23289_19592,grid_0.005_23289_19592,n8NHRsX3PiA1YpCSMoy20F,214032641028142,214032641028142,2022-10-21T18:52:23Z,train
000491,train,26.44903870226311,-82.05061912536621,0,0_MinorDamage,0_MinorDamage,grid_0.005_23289_19589,grid_0.005_23289_19589,6e3WJg5uL72BZAq0QDM9hj,214298948249504,214298948249504,2022-10-20T16:55:41Z,train
000492,test,26.441838886549903,-82.06295728683472,0,0_MinorDamage,0_MinorDamage,grid_0.005_23288_19587,grid_0.005_23288_19587,wJ8ZYp4KuVjgI6xsXOUWkA,214514847724638,214514847724638,2022-10-22T17:11:52Z,train
000493,train,26.43802505937072,-82.07758605480194,0,0_MinorDamage,0_MinorDamage,grid_0.005_23287_19584,grid_0.005_23287_19584,FDdzYnaCWL8jJN0GwxMkmV,214616974431479,214616974431479,2022-10-21T16:38:22Z,train
000494,train,26.43565216112694,-82.08021998405457,0,0_MinorDamage,0_MinorDamage,grid_0.005_23287_19583,grid_0.005_23287_19583,FDdzYnaCWL8jJN0GwxMkmV,214736354295774,214736354295774,2022-10-21T16:39:29Z,test
000495,test,26.445580541406628,-82.02708005905151,0,0_MinorDamage,0_MinorDamage,grid_0.005_23289_19594,grid_0.005_23289_19594,oAbgmNBZR9JTjufiX5eCxP,215297614296316,215297614296316,2022-10-20T17:07:11Z,train
000496,test,26.44188691883282,-82.06208288669586,0,0_MinorDamage,0_MinorDamage,grid_0.005_23288_19587,grid_0.005_23288_19587,wJ8ZYp4KuVjgI6xsXOUWkA,215868511360287,215868511360287,2022-10-22T17:12:15Z,train
000497,val,26.452102930256544,-82.03706860542297,0,0_MinorDamage,0_MinorDamage,grid_0.005_23290_19592,grid_0.005_23290_19592,hVtUpWFmwBTMDKgo9CRPIS,216085130782519,216085130782519,2022-10-21T21:22:52Z,train
000498,train,26.45025383691201,-82.02029943466187,0,0_MinorDamage,0_MinorDamage,grid_0.005_23290_19595,grid_0.005_23290_19595,DtjgKvhZzkac5eR0ICSP47,216720004087328,216720004087328,2022-10-21T17:46:01Z,train
000499,train,26.596662736348563,-81.88941299915314,0,0_MinorDamage,0_MinorDamage,grid_0.005_23319_19622,grid_0.005_23319_19622,GsUfeMbK7JEiHPl9ApZI1O,216732381283124,216732381283124,2022-10-01T18:04:48Z,train
000500,test,26.443520004536808,-82.06007659435272,0,0_MinorDamage,0_MinorDamage,grid_0.005_23288_19587,grid_0.005_23288_19587,wsuK3zob9RL5EY1FcZThlt,217080031227262,217080031227262,2022-10-22T17:05:25Z,train
000501,train,26.430291344741,-82.06394970417023,0,0_MinorDamage,0_MinorDamage,grid_0.005_23286_19587,grid_0.005_23286_19587,d9OWh4IQeMXLPraFD8HZpy,217429547329578,217429547329578,2022-10-21T17:05:39Z,train
000502,train,26.457640427002303,-82.0346063375473,0,0_MinorDamage,0_MinorDamage,grid_0.005_23291_19593,grid_0.005_23291_19593,hVtUpWFmwBTMDKgo9CRPIS,217489177306467,217489177306467,2022-10-21T21:23:52Z,train
000503,val,26.454244959712952,-82.0362639427185,0,0_MinorDamage,0_MinorDamage,grid_0.005_23290_19592,grid_0.005_23290_19592,hVtUpWFmwBTMDKgo9CRPIS,2175309565987875,2175309565987875,2022-10-21T21:23:15Z,train
000504,train,26.44219912818366,-82.1066665649414,0,0_MinorDamage,0_MinorDamage,grid_0.005_23288_19578,grid_0.005_23288_19578,eXyup5h9qxj1LgGNY3DQiP,2183788575164644,2183788575164644,2022-10-22T17:37:03Z,train
000505,train,26.447823554793843,-82.03206896781921,0,0_MinorDamage,0_MinorDamage,grid_0.005_23289_19593,grid_0.005_23289_19593,9oftQ5hvKsIWYCqU7guZaA,218750253862745,218750253862745,2022-10-21T18:32:18Z,train
000506,train,26.4288262036896,-82.06245303153992,0,0_MinorDamage,0_MinorDamage,grid_0.005_23285_19587,grid_0.005_23285_19587,d9OWh4IQeMXLPraFD8HZpy,218840087250630,218840087250630,2022-10-21T17:06:07Z,train
000507,train,26.45213654986071,-82.0561498403549,0,0_MinorDamage,0_MinorDamage,grid_0.005_23290_19588,grid_0.005_23290_19588,6Enx3OZopQHazvV5Aye4tg,218979970560866,218979970560866,2022-10-21T19:38:00Z,train
000508,train,26.45068609515802,-82.0245373249054,0,0_MinorDamage,0_MinorDamage,grid_0.005_23290_19595,grid_0.005_23290_19595,oA4ekOPWvzdE6Gc3J0qSLM,219357263808190,219357263808190,2022-10-21T17:52:32Z,train
000509,train,26.42391184051669,-82.08008587360382,0,0_MinorDamage,0_MinorDamage,grid_0.005_23284_19583,grid_0.005_23284_19583,yILRGFcu1KtAQg0WzVjEhZ,219604407646130,219604407646130,2022-10-22T19:07:51Z,train
000510,train,26.449855197313767,-82.05610156059265,0,0_MinorDamage,0_MinorDamage,grid_0.005_23289_19588,grid_0.005_23289_19588,6Enx3OZopQHazvV5Aye4tg,219686750501298,219686750501298,2022-10-21T19:37:41Z,train
000511,val,26.44262661346092,-82.05529153347015,0,0_MinorDamage,0_MinorDamage,grid_0.005_23288_19588,grid_0.005_23288_19588,wJ8ZYp4KuVjgI6xsXOUWkA,219789744284935,219789744284935,2022-10-22T17:08:24Z,train
000512,train,26.52754940273283,-81.9323605298996,0,0_MinorDamage,0_MinorDamage,grid_0.005_23305_19613,grid_0.005_23305_19613,0dpIPURQ5m1EHrfXvBolaS,219876234328016,219876234328016,2022-09-30T16:01:44Z,train
000513,train,26.64614496760805,-82.05601036548615,0,0_MinorDamage,0_MinorDamage,grid_0.005_23329_19588,grid_0.005_23329_19588,XefzjmUaV32kJsGZDPnY6B,219890677051454,219890677051454,2022-10-02T12:40:40.166000Z,train
000514,val,26.443572839275934,-82.05930411815643,0,0_MinorDamage,0_MinorDamage,grid_0.005_23288_19588,grid_0.005_23288_19588,vItnjg2h4oOkUXx819qbfM,220051117075547,220051117075547,2022-10-21T20:15:15Z,train
000515,train,26.60753167146143,-81.94065392017365,0,0_MinorDamage,0_MinorDamage,grid_0.005_23321_19611,grid_0.005_23321_19611,F1Y8svo2KIARXjJT6xUNkD,220102780896300,220102780896300,2022-10-01T18:09:22Z,train
000516,test,26.44760742050188,-82.03830242156982,0,0_MinorDamage,0_MinorDamage,grid_0.005_23289_19592,grid_0.005_23289_19592,hVtUpWFmwBTMDKgo9CRPIS,220162640447716,220162640447716,2022-10-21T21:22:04Z,train
000517,train,26.445330781324827,-82.03400552272797,0,0_MinorDamage,0_MinorDamage,grid_0.005_23289_19593,grid_0.005_23289_19593,9UT5ZHyS3c7kMrjfsgzh10,220309477589659,220309477589659,2022-10-20T18:13:59Z,train
000518,val,26.45037871168305,-82.0308405160904,0,0_MinorDamage,0_MinorDamage,grid_0.005_23290_19593,grid_0.005_23290_19593,9UT5ZHyS3c7kMrjfsgzh10,220434310944836,220434310944836,2022-10-20T18:07:04Z,train
000519,test,26.449874408892327,-82.02877521514893,0,0_MinorDamage,0_MinorDamage,grid_0.005_23289_19594,grid_0.005_23289_19594,qLOwB6Mxsdzou8VFbWP7SU,220757827539552,220757827539552,2022-10-20T17:27:13Z,train
000520,test,26.462807876699017,-82.03207969665527,0,0_MinorDamage,0_MinorDamage,grid_0.005_23292_19593,grid_0.005_23292_19593,hVtUpWFmwBTMDKgo9CRPIS,221442560314666,221442560314666,2022-10-21T21:24:47Z,train
000521,train,26.423503501795068,-82.08034873008728,0,0_MinorDamage,0_MinorDamage,grid_0.005_23284_19583,grid_0.005_23284_19583,yILRGFcu1KtAQg0WzVjEhZ,221918520757897,221918520757897,2022-10-22T19:07:38Z,train
000522,train,26.64933338599189,-81.85409903526306,0,0_MinorDamage,0_MinorDamage,grid_0.005_23329_19629,grid_0.005_23329_19629,OxYSHNnDlusU3fieJTMwZE,221939804104183,221939804104183,2022-10-04T17:46:38Z,train
000523,val,26.453197963746035,-82.03886568546294,0,0_MinorDamage,0_MinorDamage,grid_0.005_23290_19592,grid_0.005_23290_19592,uGWfqep3o2ws7cldtXQBLk,222154826930335,222154826930335,2022-10-21T19:05:10Z,train
000524,test,26.440042464789443,-82.06373512744904,0,0_MinorDamage,0_MinorDamage,grid_0.005_23288_19587,grid_0.005_23288_19587,GFA5Eq24e1SxuJVjWM0kyt,222175327421656,222175327421656,2022-10-20T16:01:45Z,train
000525,train,26.456742342848145,-82.03502476215363,0,0_MinorDamage,0_MinorDamage,grid_0.005_23291_19592,grid_0.005_23291_19592,vJTbXQK6BOxPeaoVgcHlrM,222399484011839,222399484011839,2022-10-22T19:50:47Z,train
000526,train,26.626835154844613,-81.88037931919098,0,0_MinorDamage,0_MinorDamage,grid_0.005_23325_19623,grid_0.005_23325_19623,Em7Mc1GUux6lXtdyqTzJRF,222570667281673,222570667281673,2022-09-30T20:18:51Z,train
000527,train,26.507729934984823,-81.96987390518188,0,0_MinorDamage,0_MinorDamage,grid_0.005_23301_19606,grid_0.005_23301_19606,UiTVbHcRCdI730PgBtJYFL,223226817321790,223226817321790,2022-10-02T16:10:47Z,train
000528,train,26.66654451265605,-81.82990550994873,0,0_MinorDamage,0_MinorDamage,grid_0.005_23333_19634,grid_0.005_23333_19634,sQhXIrmbztd4325OKqMlcy,223545440554759,223545440554759,2022-10-04T17:50:25Z,train
000529,train,26.42921530853897,-82.06132113933563,0,0_MinorDamage,0_MinorDamage,grid_0.005_23285_19587,grid_0.005_23285_19587,njtp7LVIeUbyEwXSkgYzCT,223546600596263,223546600596263,2022-10-20T13:40:17Z,test
000530,train,26.59349203604293,-81.86823964118956,0,0_MinorDamage,0_MinorDamage,grid_0.005_23318_19626,grid_0.005_23318_19626,2AYe0zdjnrpBli3h8SILkF,223739407217202,223739407217202,2022-09-29T21:38:09Z,train
000531,train,26.57838083550449,-81.94279968738556,0,0_MinorDamage,0_MinorDamage,grid_0.005_23315_19611,grid_0.005_23315_19611,IcZe8aSwANRMb6Hi0qCz2x,223939833909774,223939833909774,2022-10-01T19:31:58Z,train
000532,train,26.43167960875105,-82.06481337547302,0,0_MinorDamage,0_MinorDamage,grid_0.005_23286_19587,grid_0.005_23286_19587,njtp7LVIeUbyEwXSkgYzCT,224224150443049,224224150443049,2022-10-20T13:41:28Z,train
000533,train,26.58413771850786,-81.88263773918152,0,0_MinorDamage,0_MinorDamage,grid_0.005_23316_19623,grid_0.005_23316_19623,4qwBospeLyEXaUHTk08C9j,224284230474741,224284230474741,2022-09-30T19:13:06Z,train
000534,train,26.587937102736333,-81.94185554981232,0,0_MinorDamage,0_MinorDamage,grid_0.005_23317_19611,grid_0.005_23317_19611,6WcRwedpBUgz7IavylYPr0,224298020562459,224298020562459,2022-10-01T19:33:32Z,train
000535,val,26.43875997543458,-82.06816077232362,0,0_MinorDamage,0_MinorDamage,grid_0.005_23287_19586,grid_0.005_23287_19586,ojkNER9alymT7XHIBhWvS2,2243485769146577,2243485769146577,2022-10-21T16:44:28Z,train
000536,train,26.43866390824158,-82.08479046821594,0,0_MinorDamage,0_MinorDamage,grid_0.005_23287_19583,grid_0.005_23287_19583,eGaqwKdfoI8yJ7kgjAtD3F,224548363863520,224548363863520,2022-10-22T17:34:11Z,train
000538,test,26.44355362664633,-82.06191658973694,0,0_MinorDamage,0_MinorDamage,grid_0.005_23288_19587,grid_0.005_23288_19587,mOxFlgIhNsDMV6H72nawdZ,2255040238033672,2255040238033672,2022-10-22T16:50:06Z,train
000539,train,26.458769025497688,-82.03403234481812,0,0_MinorDamage,0_MinorDamage,grid_0.005_23291_19593,grid_0.005_23291_19593,vJTbXQK6BOxPeaoVgcHlrM,226102443700321,226102443700321,2022-10-22T19:51:07Z,train
000540,train,26.4397350529115,-82.07456052303314,0,0_MinorDamage,0_MinorDamage,grid_0.005_23287_19585,grid_0.005_23287_19585,eGaqwKdfoI8yJ7kgjAtD3F,226129180369495,226129180369495,2022-10-22T17:31:07Z,train
000541,train,26.51599126234524,-81.94048762321472,0,0_MinorDamage,0_MinorDamage,grid_0.005_23303_19611,grid_0.005_23303_19611,AT0o5zNkYnJSV8gXP6b1Dq,227405636812378,227405636812378,2022-09-30T16:57:23Z,train
000542,train,26.436963505670164,-82.05811858177185,0,0_MinorDamage,0_MinorDamage,grid_0.005_23287_19588,grid_0.005_23287_19588,X52NQsIPtuAZHEwoBkDhqv,228218952880134,228218952880134,2022-10-21T16:57:32Z,train
000543,train,26.598140127969543,-81.94148540496826,0,0_MinorDamage,0_MinorDamage,grid_0.005_23319_19611,grid_0.005_23319_19611,fqniYu2dRJTZGjoNUAprCx,2285886181821688,2285886181821688,2022-10-01T19:35:38Z,train
000544,test,26.440801384351232,-82.06108510494232,0,0_MinorDamage,0_MinorDamage,grid_0.005_23288_19587,grid_0.005_23288_19587,GFA5Eq24e1SxuJVjWM0kyt,228781643356624,228781643356624,2022-10-20T16:02:08Z,train
000545,train,26.62635080916728,-81.86472594738007,0,0_MinorDamage,0_MinorDamage,grid_0.005_23325_19627,grid_0.005_23325_19627,0n7hGLKEry3cxT9IVFBND1,229138083270738,229138083270738,2022-09-30T20:14:02Z,train
000546,train,26.45660786975148,-82.03510522842409,0,0_MinorDamage,0_MinorDamage,grid_0.005_23291_19592,grid_0.005_23291_19592,hVtUpWFmwBTMDKgo9CRPIS,230322022753577,230322022753577,2022-10-21T21:23:41Z,train
000547,train,26.587092806026547,-81.89467549324036,0,0_MinorDamage,0_MinorDamage,grid_0.005_23317_19621,grid_0.005_23317_19621,jV1ulN2mKqCW54bPfpLvgU,2307867426063109,2307867426063109,2022-10-04T16:09:03Z,train
000548,val,26.44119525202684,-82.05972254276276,0,0_MinorDamage,0_MinorDamage,grid_0.005_23288_19588,grid_0.005_23288_19588,GFA5Eq24e1SxuJVjWM0kyt,230972719753849,230972719753849,2022-10-20T16:02:19Z,train
000549,train,26.44596478662891,-82.04220235347748,0,0_MinorDamage,0_MinorDamage,grid_0.005_23289_19591,grid_0.005_23289_19591,vJTbXQK6BOxPeaoVgcHlrM,231032933063497,231032933063497,2022-10-22T19:48:16Z,test
000550,train,26.457251418148488,-82.04314649105072,0,0_MinorDamage,0_MinorDamage,grid_0.005_23291_19591,grid_0.005_23291_19591,0YIfZrHA3aCDs75ngd9Kcx,231062029744674,231062029744674,2022-10-20T16:30:29Z,train
000551,train,26.44044113834705,-82.03832387924193,0,0_MinorDamage,0_MinorDamage,grid_0.005_23288_19592,grid_0.005_23288_19592,n8NHRsX3PiA1YpCSMoy20F,231299382561661,231299382561661,2022-10-21T18:50:39Z,train
000552,train,26.43847177361523,-82.08575606346129,0,0_MinorDamage,0_MinorDamage,grid_0.005_23287_19582,grid_0.005_23287_19582,eGaqwKdfoI8yJ7kgjAtD3F,2313332975506323,2313332975506323,2022-10-22T17:34:19Z,train
000553,train,26.6042557507476,-81.87119007110596,0,0_MinorDamage,0_MinorDamage,grid_0.005_23320_19625,grid_0.005_23320_19625,vcSl4NqPnwEhQ5OeCxbJXf,231738426337511,231738426337511,2022-09-30T19:21:52Z,train
000554,train,26.449029096404534,-82.05121994018555,0,0_MinorDamage,0_MinorDamage,grid_0.005_23289_19589,grid_0.005_23289_19589,6e3WJg5uL72BZAq0QDM9hj,231828119669501,231828119669501,2022-10-20T16:55:48Z,train
000555,train,26.4314442295251,-82.05412209033966,0,0_MinorDamage,0_MinorDamage,grid_0.005_23286_19589,grid_0.005_23286_19589,njtp7LVIeUbyEwXSkgYzCT,232039369690474,232039369690474,2022-10-20T13:39:10Z,train
000556,train,26.450753335183805,-82.05013632774353,0,0_MinorDamage,0_MinorDamage,grid_0.005_23290_19589,grid_0.005_23290_19589,6e3WJg5uL72BZAq0QDM9hj,232092296350535,232092296350535,2022-10-20T16:54:53Z,train
000557,train,26.438246015019946,-82.08733856678009,0,0_MinorDamage,0_MinorDamage,grid_0.005_23287_19582,grid_0.005_23287_19582,eGaqwKdfoI8yJ7kgjAtD3F,232350722585526,232350722585526,2022-10-22T17:34:31Z,train
000558,train,26.63584073318027,-81.8686258792877,0,0_MinorDamage,0_MinorDamage,grid_0.005_23327_19626,grid_0.005_23327_19626,4RUmfrSNt1hFHiMsVyQAcn,232894939548831,232894939548831,2022-10-04T18:11:17Z,test
000559,train,26.51633687145778,-81.94132447242738,0,0_MinorDamage,0_MinorDamage,grid_0.005_23303_19611,grid_0.005_23303_19611,yncdCTLtEA1KWF8xI7hjbm,2329287957272092,2329287957272092,2022-10-02T18:02:33Z,train
000560,val,26.44208385098341,-82.04683184623718,0,0_MinorDamage,0_MinorDamage,grid_0.005_23288_19590,grid_0.005_23288_19590,CDu3ifjIyq6W2ZEgm9Jecs,233157942934246,233157942934246,2022-10-22T19:34:37Z,test
000561,val,26.452722489957303,-82.0368754863739,0,0_MinorDamage,0_MinorDamage,grid_0.005_23290_19592,grid_0.005_23290_19592,vJTbXQK6BOxPeaoVgcHlrM,233218699559812,233218699559812,2022-10-22T19:50:07Z,train
000562,train,26.66636234719172,-81.88917696475983,0,0_MinorDamage,0_MinorDamage,grid_0.005_23333_19622,grid_0.005_23333_19622,QKkwleGU1ptHioYPFhIrb4,233381766140580,233381766140580,2022-10-01T21:06:45Z,train
000563,train,26.57013839426854,-81.90253436565398,0,0_MinorDamage,0_MinorDamage,grid_0.005_23314_19619,grid_0.005_23314_19619,2OPKJLEDB8sxcodC4qtgAb,233668632798435,233668632798435,2022-10-11T15:20:39Z,train
000564,train,26.42930657985672,-82.0639443397522,0,0_MinorDamage,0_MinorDamage,grid_0.005_23285_19587,grid_0.005_23285_19587,njtp7LVIeUbyEwXSkgYzCT,233843802750132,233843802750132,2022-10-20T13:40:44Z,train
000565,train,26.45839442807484,-82.04294800758362,0,0_MinorDamage,0_MinorDamage,grid_0.005_23291_19591,grid_0.005_23291_19591,0YIfZrHA3aCDs75ngd9Kcx,234018096099938,234018096099938,2022-10-20T16:31:33Z,train
000566,train,26.438745565360747,-82.08442032337189,0,0_MinorDamage,0_MinorDamage,grid_0.005_23287_19583,grid_0.005_23287_19583,eGaqwKdfoI8yJ7kgjAtD3F,234644032717071,234644032717071,2022-10-22T17:34:08Z,train
000567,train,26.43105993587831,-82.0883524417877,0,0_MinorDamage,0_MinorDamage,grid_0.005_23286_19582,grid_0.005_23286_19582,8DuCakHvNX3A4ErGBom1lf,234813832691019,234813832691019,2022-10-22T18:51:26Z,train
000568,train,26.583965016228944,-81.88240706920624,0,0_MinorDamage,0_MinorDamage,grid_0.005_23316_19623,grid_0.005_23316_19623,4qwBospeLyEXaUHTk08C9j,234864505983520,234864505983520,2022-09-30T19:13:04Z,train
000569,train,26.4401097110284,-82.0999127626419,0,0_MinorDamage,0_MinorDamage,grid_0.005_23288_19580,grid_0.005_23288_19580,eXyup5h9qxj1LgGNY3DQiP,234909015979273,234909015979273,2022-10-22T17:36:10Z,train
000570,train,26.533505614525367,-81.92535996437071,0,0_MinorDamage,0_MinorDamage,grid_0.005_23306_19614,grid_0.005_23306_19614,0dpIPURQ5m1EHrfXvBolaS,234989955992585,234989955992585,2022-09-30T16:00:57Z,train
000571,val,26.562749438805863,-81.97091460227966,0,0_MinorDamage,0_MinorDamage,grid_0.005_23312_19605,grid_0.005_23312_19605,7bhZ5InU1C36A0pYTlgVRS,2351065018419291,2351065018419291,2022-10-01T19:14:29Z,train
000572,train,26.43962457656751,-82.07544028759003,0,0_MinorDamage,0_MinorDamage,grid_0.005_23287_19584,grid_0.005_23287_19584,eGaqwKdfoI8yJ7kgjAtD3F,2353855488134677,2353855488134677,2022-10-22T17:31:25Z,train
000573,train,26.436540802831843,-82.07697987556458,0,0_MinorDamage,0_MinorDamage,grid_0.005_23287_19584,grid_0.005_23287_19584,FDdzYnaCWL8jJN0GwxMkmV,2355075181336581,2355075181336581,2022-10-21T16:38:43Z,train
000574,train,26.437198873624,-82.07394897937775,0,0_MinorDamage,0_MinorDamage,grid_0.005_23287_19585,grid_0.005_23287_19585,GFA5Eq24e1SxuJVjWM0kyt,236102045887422,236102045887422,2022-10-20T16:00:00Z,train
000575,val,26.45360619725073,-82.0394504070282,0,0_MinorDamage,0_MinorDamage,grid_0.005_23290_19592,grid_0.005_23290_19592,cjXdAN6SYHtunWF5TIOlCq,2366304203536763,2366304203536763,2022-10-21T18:54:12Z,train
000576,train,26.61433742053947,-81.8605524301529,0,0_MinorDamage,0_MinorDamage,grid_0.005_23322_19627,grid_0.005_23322_19627,0n7hGLKEry3cxT9IVFBND1,236715085820035,236715085820035,2022-09-30T20:09:52Z,train
000577,train,26.43088219963336,-82.05534517765045,0,0_MinorDamage,0_MinorDamage,grid_0.005_23286_19588,grid_0.005_23286_19588,njtp7LVIeUbyEwXSkgYzCT,237275089070386,237275089070386,2022-10-20T13:39:22Z,train
000578,train,26.445282750477787,-82.0444929599762,0,0_MinorDamage,0_MinorDamage,grid_0.005_23289_19591,grid_0.005_23289_19591,ZoPOLpxfckCaEiQWqzs2Hg,237887142351907,237887142351907,2022-10-20T16:04:38Z,train
000579,test,26.42983018759865,-82.09970355033875,0,0_MinorDamage,0_MinorDamage,grid_0.005_23285_19580,grid_0.005_23285_19580,n0eqGd6TKA3CmjSspwxEUl,23882726024652224,23882726024652224,2022-10-22T18:31:16Z,train
000580,train,26.62801963512993,-81.8802398443222,0,0_MinorDamage,0_MinorDamage,grid_0.005_23325_19623,grid_0.005_23325_19623,Em7Mc1GUux6lXtdyqTzJRF,238951225514962,238951225514962,2022-09-30T20:18:31Z,train
000581,train,26.59736785745613,-81.94152295589447,0,0_MinorDamage,0_MinorDamage,grid_0.005_23319_19611,grid_0.005_23319_19611,fqniYu2dRJTZGjoNUAprCx,239885362172597,239885362172597,2022-10-01T19:35:31Z,train
000582,train,26.436718530350504,-82.07560122013093,0,0_MinorDamage,0_MinorDamage,grid_0.005_23287_19584,grid_0.005_23287_19584,GFA5Eq24e1SxuJVjWM0kyt,239979188812941,239979188812941,2022-10-20T15:59:44Z,train
000583,train,26.435724213412342,-82.07903444766998,0,0_MinorDamage,0_MinorDamage,grid_0.005_23287_19584,grid_0.005_23287_19584,lAtIQeO0Rwg2YVoC6Pa93F,240423032078327,240423032078327,2022-10-22T19:29:00Z,train
000584,train,26.596677126618687,-81.88882291316986,0,0_MinorDamage,0_MinorDamage,grid_0.005_23319_19622,grid_0.005_23319_19622,GsUfeMbK7JEiHPl9ApZI1O,240691732053456,240691732053456,2022-10-01T18:04:45Z,train
000585,val,26.4395044934648,-82.06698596477509,0,0_MinorDamage,0_MinorDamage,grid_0.005_23287_19586,grid_0.005_23287_19586,GIdmeE2xtHZPsDkr8qAcoB,240804411995428,240804411995428,2022-10-22T17:23:05Z,train
000586,test,26.449437344687468,-82.0377767086029,0,0_MinorDamage,0_MinorDamage,grid_0.005_23289_19592,grid_0.005_23289_19592,vJTbXQK6BOxPeaoVgcHlrM,241649485319142,241649485319142,2022-10-22T19:49:36Z,train
000587,test,26.44978315386568,-82.02899515628815,0,0_MinorDamage,0_MinorDamage,grid_0.005_23289_19594,grid_0.005_23289_19594,nyw9GxcmVequiNU27Ka6LA,2426122367544790,2426122367544790,2022-10-21T18:41:26Z,train
000588,test,26.44412520100674,-82.0642501115799,0,0_MinorDamage,0_MinorDamage,grid_0.005_23288_19587,grid_0.005_23288_19587,wsuK3zob9RL5EY1FcZThlt,243322758412688,243322758412688,2022-10-22T17:01:08Z,train
000589,test,26.440623663129927,-82.06179857254028,0,0_MinorDamage,0_MinorDamage,grid_0.005_23288_19587,grid_0.005_23288_19587,wJ8ZYp4KuVjgI6xsXOUWkA,245875604887041,245875604887041,2022-10-22T17:10:03Z,train
000590,train,26.59349683293273,-81.86990261077882,0,0_MinorDamage,0_MinorDamage,grid_0.005_23318_19626,grid_0.005_23318_19626,2AYe0zdjnrpBli3h8SILkF,247522584681456,247522584681456,2022-09-29T21:37:58Z,train
000591,train,26.56553234809442,-81.94330930709839,0,0_MinorDamage,0_MinorDamage,grid_0.005_23313_19611,grid_0.005_23313_19611,bjfPglrpn9UZ1t38MJWXNw,247936721317329,247936721317329,2022-10-01T19:29:36Z,train
000592,train,26.61021277247681,-82.03605473041534,0,0_MinorDamage,0_MinorDamage,grid_0.005_23322_19592,grid_0.005_23322_19592,p8LtWU9Og1cD67ial3KExC,247965114615517,247965114615517,2022-10-01T18:48:19Z,train
000593,val,26.439182670132368,-82.0667177438736,0,0_MinorDamage,0_MinorDamage,grid_0.005_23287_19586,grid_0.005_23287_19586,lAtIQeO0Rwg2YVoC6Pa93F,248020424628624,248020424628624,2022-10-22T19:30:58Z,train
000594,test,26.463086412937727,-82.03194558620453,0,0_MinorDamage,0_MinorDamage,grid_0.005_23292_19593,grid_0.005_23292_19593,hVtUpWFmwBTMDKgo9CRPIS,2482397891917304,2482397891917304,2022-10-21T21:24:50Z,train
000595,train,26.66595966460692,-81.83096766471863,0,0_MinorDamage,0_MinorDamage,grid_0.005_23333_19633,grid_0.005_23333_19633,sQhXIrmbztd4325OKqMlcy,248772601128763,248772601128763,2022-10-04T17:50:15Z,train
000596,train,26.591947427070167,-81.88354969024658,0,0_MinorDamage,0_MinorDamage,grid_0.005_23318_19623,grid_0.005_23318_19623,4qwBospeLyEXaUHTk08C9j,2497481850406689,2497481850406689,2022-09-30T19:14:40Z,train
000597,test,26.44675728835182,-82.03847408294678,0,0_MinorDamage,0_MinorDamage,grid_0.005_23289_19592,grid_0.005_23289_19592,oAbgmNBZR9JTjufiX5eCxP,2502931576531840,2502931576531840,2022-10-20T17:02:09Z,train
000598,val,26.43956213336972,-82.06539809703827,0,0_MinorDamage,0_MinorDamage,grid_0.005_23287_19586,grid_0.005_23287_19586,lAtIQeO0Rwg2YVoC6Pa93F,250559991035559,250559991035559,2022-10-22T19:31:10Z,test
000599,train,26.471293324730723,-82.0282119512558,0,0_MinorDamage,0_MinorDamage,grid_0.005_23294_19594,grid_0.005_23294_19594,V5ucivCID0wpRWN2z19Gsg,2506988269460809,2506988269460809,2022-10-22T19:53:11Z,test
000600,train,26.588891726174623,-81.94182336330414,0,0_MinorDamage,0_MinorDamage,grid_0.005_23317_19611,grid_0.005_23317_19611,6WcRwedpBUgz7IavylYPr0,2511110199045087,2511110199045087,2022-10-01T19:33:51Z,train
000601,train,26.57869747159083,-81.94272458553314,0,0_MinorDamage,0_MinorDamage,grid_0.005_23315_19611,grid_0.005_23315_19611,IcZe8aSwANRMb6Hi0qCz2x,251444740852690,251444740852690,2022-10-01T19:32:00Z,train
000602,train,26.657790653909785,-82.0559674501419,0,0_MinorDamage,0_MinorDamage,grid_0.005_23331_19588,grid_0.005_23331_19588,JvXAw9z8CROFSaGbhZjQ6E,2526870004135089,2526870004135089,2022-10-01T18:41:11Z,train
000603,train,26.443659296069484,-82.06568241119383,0,0_MinorDamage,0_MinorDamage,grid_0.005_23288_19586,grid_0.005_23288_19586,mOxFlgIhNsDMV6H72nawdZ,253217357343753,253217357343753,2022-10-22T16:49:08Z,train
000604,train,26.4404363350594,-82.10110366344452,0,0_MinorDamage,0_MinorDamage,grid_0.005_23288_19579,grid_0.005_23288_19579,eXyup5h9qxj1LgGNY3DQiP,2536794876470631,2536794876470631,2022-10-22T17:36:19Z,train
000605,train,26.644749706897134,-82.04907953739166,0,0_MinorDamage,0_MinorDamage,grid_0.005_23328_19590,grid_0.005_23328_19590,AYscjdF84i3BtZO0SMQmNE,254374987193345,254374987193345,2022-10-01T18:43:23Z,test
000606,train,26.666357553359788,-81.83024883270264,0,0_MinorDamage,0_MinorDamage,grid_0.005_23333_19633,grid_0.005_23333_19633,sQhXIrmbztd4325OKqMlcy,257008843611985,257008843611985,2022-10-04T17:50:22Z,train
000607,train,26.72625512609212,-82.06249594688416,0,0_MinorDamage,0_MinorDamage,grid_0.005_23345_19587,grid_0.005_23345_19587,lNF4GEDycBA6ZfXdQtuV10,257020973606437,257020973606437,2022-10-06T18:44:14Z,train
000608,train,26.607747504817382,-81.9323980808258,0,0_MinorDamage,0_MinorDamage,grid_0.005_23321_19613,grid_0.005_23321_19613,F1Y8svo2KIARXjJT6xUNkD,258146906862686,258146906862686,2022-10-01T18:08:40Z,train
000609,train,26.59185148793708,-82.03021824359894,0,0_MinorDamage,0_MinorDamage,grid_0.005_23318_19593,grid_0.005_23318_19593,1g7U20mtTZlvEFOWhPqcM8,258190626861027,258190626861027,2022-10-01T18:53:05Z,train
000610,train,26.441786051015555,-82.10535764694214,0,0_MinorDamage,0_MinorDamage,grid_0.005_23288_19578,grid_0.005_23288_19578,eXyup5h9qxj1LgGNY3DQiP,258385950148634,258385950148634,2022-10-22T17:36:51Z,train
000611,train,26.726250334779465,-82.062286734581,0,0_MinorDamage,0_MinorDamage,grid_0.005_23345_19587,grid_0.005_23345_19587,lNF4GEDycBA6ZfXdQtuV10,2587985211500956,2587985211500956,2022-10-06T18:44:10Z,train
000612,train,26.58101464539463,-82.02411353588104,0,0_MinorDamage,0_MinorDamage,grid_0.005_23316_19595,grid_0.005_23316_19595,5wczXGIBWDLksvTdh2g8JS,259279333518883,259279333518883,2022-10-01T18:55:38Z,train
000613,train,26.58851755311227,-81.9418340921402,0,0_MinorDamage,0_MinorDamage,grid_0.005_23317_19611,grid_0.005_23317_19611,6WcRwedpBUgz7IavylYPr0,259611430009527,259611430009527,2022-10-01T19:33:40Z,train
000614,train,26.607550856665128,-81.93964004516602,0,0_MinorDamage,0_MinorDamage,grid_0.005_23321_19612,grid_0.005_23321_19612,F1Y8svo2KIARXjJT6xUNkD,259966646729765,259966646729765,2022-10-01T18:09:17Z,train
000615,val,26.454590754454784,-82.0360815525055,0,0_MinorDamage,0_MinorDamage,grid_0.005_23290_19592,grid_0.005_23290_19592,vJTbXQK6BOxPeaoVgcHlrM,260232486628921,260232486628921,2022-10-22T19:50:26Z,train
000616,val,26.44136336586857,-82.05921292304993,0,0_MinorDamage,0_MinorDamage,grid_0.005_23288_19588,grid_0.005_23288_19588,GFA5Eq24e1SxuJVjWM0kyt,261029503198223,261029503198223,2022-10-20T16:02:24Z,train
000617,train,26.58941940405572,-81.88471376895905,0,0_MinorDamage,0_MinorDamage,grid_0.005_23317_19623,grid_0.005_23317_19623,LAfaqUIhtYyXgkoBSlTnVQ,261122169864993,261122169864993,2022-09-30T15:25:30Z,train
000618,train,26.43823160488182,-82.08886206150055,0,0_MinorDamage,0_MinorDamage,grid_0.005_23287_19582,grid_0.005_23287_19582,eGaqwKdfoI8yJ7kgjAtD3F,2614721888666656,2614721888666656,2022-10-22T17:34:42Z,train
000619,train,26.434787530188245,-82.08020389080048,0,0_MinorDamage,0_MinorDamage,grid_0.005_23286_19583,grid_0.005_23286_19583,8zouvat6BbkWiE0A1VYwfq,261490369833157,261490369833157,2022-10-22T19:09:33Z,train
000620,train,26.508675625466083,-81.96511030197144,0,0_MinorDamage,0_MinorDamage,grid_0.005_23301_19606,grid_0.005_23301_19606,UiTVbHcRCdI730PgBtJYFL,262055196430329,262055196430329,2022-10-02T16:14:43Z,train
000621,train,26.69497793273402,-82.05558657646179,0,0_MinorDamage,0_MinorDamage,grid_0.005_23338_19588,grid_0.005_23338_19588,sd2tRl8cCQY59mo7ZzjiGp,263134676314492,263134676314492,2022-10-06T18:33:31Z,train
000622,val,26.450940646477207,-82.03360319137573,0,0_MinorDamage,0_MinorDamage,grid_0.005_23290_19593,grid_0.005_23290_19593,9UT5ZHyS3c7kMrjfsgzh10,264806519488842,264806519488842,2022-10-20T18:11:12Z,train
000623,train,26.666194562954114,-81.8893164396286,0,0_MinorDamage,0_MinorDamage,grid_0.005_23333_19622,grid_0.005_23333_19622,6uinbwO2dc9p7qt0RAjVGv,2680386588775440,2680386588775440,2022-09-29T18:21:39Z,train
000624,train,26.44585911932056,-82.04249203205109,0,0_MinorDamage,0_MinorDamage,grid_0.005_23289_19591,grid_0.005_23289_19591,hVtUpWFmwBTMDKgo9CRPIS,2697542190386781,2697542190386781,2022-10-21T21:21:17Z,train
000625,train,26.59311787801859,-81.88353359699249,0,0_MinorDamage,0_MinorDamage,grid_0.005_23318_19623,grid_0.005_23318_19623,4qwBospeLyEXaUHTk08C9j,271618018793250,271618018793250,2022-09-30T19:14:50Z,train
000626,train,26.52580231663132,-81.93440437316895,0,0_MinorDamage,0_MinorDamage,grid_0.005_23305_19613,grid_0.005_23305_19613,0dpIPURQ5m1EHrfXvBolaS,273149771901363,273149771901363,2022-09-30T16:02:00Z,train
000627,train,26.42877336218899,-82.06360101699829,0,0_MinorDamage,0_MinorDamage,grid_0.005_23285_19587,grid_0.005_23285_19587,njtp7LVIeUbyEwXSkgYzCT,274039971839734,274039971839734,2022-10-20T13:40:38Z,train
000628,train,26.5565356302166,-81.90265774726868,0,0_MinorDamage,0_MinorDamage,grid_0.005_23311_19619,grid_0.005_23311_19619,x5dDWwRLGpSfraO7AbKz16,274100691949490,274100691949490,2022-09-29T19:19:41Z,train
000629,train,26.439816709271582,-82.08023071289062,0,0_MinorDamage,0_MinorDamage,grid_0.005_23287_19583,grid_0.005_23287_19583,eGaqwKdfoI8yJ7kgjAtD3F,275041898408978,275041898408978,2022-10-22T17:33:23Z,train
000630,train,26.58079876161717,-82.02411890029907,0,0_MinorDamage,0_MinorDamage,grid_0.005_23316_19595,grid_0.005_23316_19595,5wczXGIBWDLksvTdh2g8JS,275468221684342,275468221684342,2022-10-01T18:55:41Z,test
000631,val,26.44117603900071,-82.05978155136108,0,0_MinorDamage,0_MinorDamage,grid_0.005_23288_19588,grid_0.005_23288_19588,GFA5Eq24e1SxuJVjWM0kyt,276094531627737,276094531627737,2022-10-20T16:02:19Z,train
000632,train,26.44064287624816,-82.1017473936081,0,0_MinorDamage,0_MinorDamage,grid_0.005_23288_19579,grid_0.005_23288_19579,eXyup5h9qxj1LgGNY3DQiP,276117021754097,276117021754097,2022-10-22T17:36:23Z,train
000633,train,26.45763562443186,-82.04358637332916,0,0_MinorDamage,0_MinorDamage,grid_0.005_23291_19591,grid_0.005_23291_19591,0YIfZrHA3aCDs75ngd9Kcx,276298241578360,276298241578360,2022-10-20T16:30:19Z,train
000634,train,26.60747411583108,-82.0331686735153,0,0_MinorDamage,0_MinorDamage,grid_0.005_23321_19593,grid_0.005_23321_19593,odESNfzg9IKCl41Vkcmr7X,276613424855412,276613424855412,2022-10-01T18:48:40Z,test
000635,train,26.44031144950982,-82.10070133209229,0,0_MinorDamage,0_MinorDamage,grid_0.005_23288_19579,grid_0.005_23288_19579,eXyup5h9qxj1LgGNY3DQiP,276960408174248,276960408174248,2022-10-22T17:36:16Z,train
000636,train,26.455978725677166,-82.03540027141571,0,0_MinorDamage,0_MinorDamage,grid_0.005_23291_19592,grid_0.005_23291_19592,vJTbXQK6BOxPeaoVgcHlrM,277606161518078,277606161518078,2022-10-22T19:50:40Z,train
000637,train,26.432116740323977,-82.09628641605377,0,0_MinorDamage,0_MinorDamage,grid_0.005_23286_19580,grid_0.005_23286_19580,5ZrTVbvnpkBCqAUuj4foc1,278063821374295,278063821374295,2022-10-22T18:25:59Z,train
000638,test,26.44109438360401,-82.06006050109865,0,0_MinorDamage,0_MinorDamage,grid_0.005_23288_19587,grid_0.005_23288_19587,GFA5Eq24e1SxuJVjWM0kyt,278392081422439,278392081422439,2022-10-20T16:02:16Z,train
000639,train,26.45713615601346,-82.03483164310455,0,0_MinorDamage,0_MinorDamage,grid_0.005_23291_19593,grid_0.005_23291_19593,vJTbXQK6BOxPeaoVgcHlrM,278571631316519,278571631316519,2022-10-22T19:50:51Z,train
000640,test,26.44882257025138,-82.03797519207,0,0_MinorDamage,0_MinorDamage,grid_0.005_23289_19592,grid_0.005_23289_19592,vJTbXQK6BOxPeaoVgcHlrM,278685581381242,278685581381242,2022-10-22T19:49:30Z,train
000641,train,26.726250334779465,-82.06128895282745,0,0_MinorDamage,0_MinorDamage,grid_0.005_23345_19587,grid_0.005_23345_19587,lNF4GEDycBA6ZfXdQtuV10,279000334534834,279000334534834,2022-10-06T18:43:59Z,train
000642,train,26.429335402363066,-82.09336817264557,0,0_MinorDamage,0_MinorDamage,grid_0.005_23285_19581,grid_0.005_23285_19581,8DuCakHvNX3A4ErGBom1lf,279795701202959,279795701202959,2022-10-22T18:49:25Z,train
000643,train,26.49757647316048,-81.97064101696014,0,0_MinorDamage,0_MinorDamage,grid_0.005_23299_19605,grid_0.005_23299_19605,KyXkONJvZP3tYgjpIdABzR,280164677724612,280164677724612,2022-10-02T16:00:45Z,train
000644,train,26.42985420624538,-82.09437668323517,0,0_MinorDamage,0_MinorDamage,grid_0.005_23285_19581,grid_0.005_23285_19581,8DuCakHvNX3A4ErGBom1lf,280819827688123,280819827688123,2022-10-22T18:44:04Z,train
000645,train,26.588747813603064,-81.88357651233673,0,0_MinorDamage,0_MinorDamage,grid_0.005_23317_19623,grid_0.005_23317_19623,4qwBospeLyEXaUHTk08C9j,281975484245640,281975484245640,2022-09-30T19:13:41Z,train
000646,test,26.4408302039829,-82.06098854541779,0,0_MinorDamage,0_MinorDamage,grid_0.005_23288_19587,grid_0.005_23288_19587,GFA5Eq24e1SxuJVjWM0kyt,282120087623125,282120087623125,2022-10-20T16:02:08Z,train
000647,val,26.453817517555265,-82.03979372978212,0,0_MinorDamage,0_MinorDamage,grid_0.005_23290_19592,grid_0.005_23290_19592,0YIfZrHA3aCDs75ngd9Kcx,282941857579870,282941857579870,2022-10-20T16:34:06Z,train
000648,train,26.72826266835,-82.06330060958862,0,0_MinorDamage,0_MinorDamage,grid_0.005_23345_19587,grid_0.005_23345_19587,lNF4GEDycBA6ZfXdQtuV10,283277024205457,283277024205457,2022-10-06T18:44:42Z,train
000649,val,26.441248087832093,-82.05957770347595,0,0_MinorDamage,0_MinorDamage,grid_0.005_23288_19588,grid_0.005_23288_19588,lAtIQeO0Rwg2YVoC6Pa93F,283476947572669,283476947572669,2022-10-22T19:32:01Z,train
000650,train,26.49402374983593,-81.95765376091003,0,0_MinorDamage,0_MinorDamage,grid_0.005_23298_19608,grid_0.005_23298_19608,JHDW6pvMyY8Q5lPqU0NFBV,283629454139291,283629454139291,2022-10-02T17:51:44Z,train
000651,train,26.51987930488879,-81.94189310073853,0,0_MinorDamage,0_MinorDamage,grid_0.005_23303_19611,grid_0.005_23303_19611,0PV43Mhwl1DSCuTpoyvfFt,283781274012169,283781274012169,2022-09-30T16:03:38Z,test
000652,train,26.457448324028903,-82.04341471195221,0,0_MinorDamage,0_MinorDamage,grid_0.005_23291_19591,grid_0.005_23291_19591,0YIfZrHA3aCDs75ngd9Kcx,284134440683014,284134440683014,2022-10-20T16:30:22Z,train
000653,train,26.66650616205615,-81.88930571079254,0,0_MinorDamage,0_MinorDamage,grid_0.005_23333_19622,grid_0.005_23333_19622,QKkwleGU1ptHioYPFhIrb4,284536390758738,284536390758738,2022-10-01T21:06:43Z,train
000654,train,26.43699712969301,-82.07464098930359,0,0_MinorDamage,0_MinorDamage,grid_0.005_23287_19585,grid_0.005_23287_19585,GFA5Eq24e1SxuJVjWM0kyt,284834047403473,284834047403473,2022-10-20T15:59:53Z,train
000655,train,26.42405595972022,-82.08009123802185,0,0_MinorDamage,0_MinorDamage,grid_0.005_23284_19583,grid_0.005_23284_19583,yILRGFcu1KtAQg0WzVjEhZ,285701240690336,285701240690336,2022-10-22T19:07:53Z,train
000656,train,26.55782160434784,-82.03160226345062,0,0_MinorDamage,0_MinorDamage,grid_0.005_23311_19593,grid_0.005_23311_19593,AlyPK485vh9iLZarzDO1Vw,285771113980766,285771113980766,2022-10-01T19:05:05Z,train
000657,train,26.55641566920752,-81.90667033195496,0,0_MinorDamage,0_MinorDamage,grid_0.005_23311_19618,grid_0.005_23311_19618,x5dDWwRLGpSfraO7AbKz16,2861749727295184,2861749727295184,2022-09-29T19:19:02Z,train
000658,train,26.58951054817065,-81.88449919223785,0,0_MinorDamage,0_MinorDamage,grid_0.005_23317_19623,grid_0.005_23317_19623,LAfaqUIhtYyXgkoBSlTnVQ,2864453047045602,2864453047045602,2022-09-30T15:26:10Z,train
000659,train,26.429825383868703,-82.10020780563354,0,0_MinorDamage,0_MinorDamage,grid_0.005_23285_19579,grid_0.005_23285_19579,n0eqGd6TKA3CmjSspwxEUl,286762137083535,286762137083535,2022-10-22T18:35:31Z,train
000660,train,26.596729890926937,-81.8878036737442,0,0_MinorDamage,0_MinorDamage,grid_0.005_23319_19622,grid_0.005_23319_19622,GsUfeMbK7JEiHPl9ApZI1O,287622000410962,287622000410962,2022-10-01T18:04:39Z,test
000661,train,26.42459400315512,-82.08010196685791,0,0_MinorDamage,0_MinorDamage,grid_0.005_23284_19583,grid_0.005_23284_19583,yILRGFcu1KtAQg0WzVjEhZ,287622187015031,287622187015031,2022-10-22T19:07:59Z,train
000662,train,26.46062758699243,-82.04811930656433,0,0_MinorDamage,0_MinorDamage,grid_0.005_23292_19590,grid_0.005_23292_19590,0YIfZrHA3aCDs75ngd9Kcx,288106413598337,288106413598337,2022-10-20T16:29:19Z,train
000663,train,26.43929314690004,-82.08217263221741,0,0_MinorDamage,0_MinorDamage,grid_0.005_23287_19583,grid_0.005_23287_19583,eGaqwKdfoI8yJ7kgjAtD3F,288386527033824,288386527033824,2022-10-22T17:33:46Z,train
000664,train,26.43047868930306,-82.06783890724182,0,0_MinorDamage,0_MinorDamage,grid_0.005_23286_19586,grid_0.005_23286_19586,njtp7LVIeUbyEwXSkgYzCT,288809073735113,288809073735113,2022-10-20T13:41:55Z,train
000665,train,26.60315736101549,-81.87171578407288,0,0_MinorDamage,0_MinorDamage,grid_0.005_23320_19625,grid_0.005_23320_19625,3b7Seq5IvynogcVhRjwrHT,288844053589320,288844053589320,2022-10-04T17:18:04Z,test
000666,train,26.423594777634804,-82.08227455615997,0,0_MinorDamage,0_MinorDamage,grid_0.005_23284_19583,grid_0.005_23284_19583,aLbXpouwqyjD4cWNZMfF2Y,2888860851245930,2888860851245930,2022-10-20T13:44:58Z,train
000667,train,26.43713642911166,-82.07416892051695,0,0_MinorDamage,0_MinorDamage,grid_0.005_23287_19585,grid_0.005_23287_19585,GFA5Eq24e1SxuJVjWM0kyt,288937083699254,288937083699254,2022-10-20T15:59:58Z,train
000668,train,26.442924411256016,-82.05348372459412,0,0_MinorDamage,0_MinorDamage,grid_0.005_23288_19589,grid_0.005_23288_19589,CDu3ifjIyq6W2ZEgm9Jecs,2891522317644390,2891522317644390,2022-10-22T19:33:00Z,train
000669,train,26.43118963512734,-82.06603646278381,0,0_MinorDamage,0_MinorDamage,grid_0.005_23286_19586,grid_0.005_23286_19586,njtp7LVIeUbyEwXSkgYzCT,289438810201158,289438810201158,2022-10-20T13:41:38Z,test
000670,train,26.443625673990823,-82.05082297325134,0,0_MinorDamage,0_MinorDamage,grid_0.005_23288_19589,grid_0.005_23288_19589,ZoPOLpxfckCaEiQWqzs2Hg,289931360066252,289931360066252,2022-10-20T16:03:45Z,train
000671,train,26.529550839567875,-82.19303369522095,0,0_MinorDamage,0_MinorDamage,grid_0.005_23305_19561,grid_0.005_23305_19561,UrYR9Pj1lqNfZIh4g76Ozp,290506223434518,290506223434518,2022-10-20T14:47:17Z,train
000672,val,26.439605363279497,-82.06536591053009,0,0_MinorDamage,0_MinorDamage,grid_0.005_23287_19586,grid_0.005_23287_19586,wJ8ZYp4KuVjgI6xsXOUWkA,290820829990343,290820829990343,2022-10-22T17:13:42Z,train
000673,val,26.441017531413067,-82.04597890377045,0,0_MinorDamage,0_MinorDamage,grid_0.005_23288_19590,grid_0.005_23288_19590,CDu3ifjIyq6W2ZEgm9Jecs,290860006650390,290860006650390,2022-10-22T19:34:55Z,train
000674,train,26.526781456073493,-81.93327784538269,0,0_MinorDamage,0_MinorDamage,grid_0.005_23305_19613,grid_0.005_23305_19613,0dpIPURQ5m1EHrfXvBolaS,291776486574590,291776486574590,2022-09-30T16:01:51Z,train
000675,train,26.44045554820886,-82.10115730762482,0,0_MinorDamage,0_MinorDamage,grid_0.005_23288_19579,grid_0.005_23288_19579,eXyup5h9qxj1LgGNY3DQiP,291791153510245,291791153510245,2022-10-22T17:36:19Z,train
000676,train,26.561554686325422,-81.90824747085571,0,0_MinorDamage,0_MinorDamage,grid_0.005_23312_19618,grid_0.005_23312_19618,x5dDWwRLGpSfraO7AbKz16,292325796527730,292325796527730,2022-09-29T19:17:50Z,train
000677,train,26.519744905614942,-81.94206476211548,0,0_MinorDamage,0_MinorDamage,grid_0.005_23303_19611,grid_0.005_23303_19611,0PV43Mhwl1DSCuTpoyvfFt,293565626443096,293565626443096,2022-09-30T16:03:40Z,train
000678,train,26.603747327117105,-81.87176942825317,0,0_MinorDamage,0_MinorDamage,grid_0.005_23320_19625,grid_0.005_23320_19625,3b7Seq5IvynogcVhRjwrHT,294067716389088,294067716389088,2022-10-04T17:18:11Z,train
000679,train,26.429277757343115,-82.10467636585236,0,0_MinorDamage,0_MinorDamage,grid_0.005_23285_19579,grid_0.005_23285_19579,0M2YgdFsf6GZmIwQJy5APK,295133812910164,295133812910164,2022-10-22T18:16:55Z,train
000680,train,26.69804996640239,-82.05561876296997,0,0_MinorDamage,0_MinorDamage,grid_0.005_23339_19588,grid_0.005_23339_19588,sd2tRl8cCQY59mo7ZzjiGp,295473536280273,295473536280273,2022-10-06T18:33:56Z,train
000681,train,26.55769204790601,-81.95404350757599,0,0_MinorDamage,0_MinorDamage,grid_0.005_23311_19609,grid_0.005_23311_19609,7rpiSYZ6TfnMsH4vtXo8Q9,2964400883868844,2964400883868844,2022-10-02T11:45:31.500000Z,train
000682,val,26.45220378903963,-82.03860819339752,0,0_MinorDamage,0_MinorDamage,grid_0.005_23290_19592,grid_0.005_23290_19592,0YIfZrHA3aCDs75ngd9Kcx,2965592470240410,2965592470240410,2022-10-20T16:35:01Z,train
000683,train,26.55655962240334,-81.90213739871979,0,0_MinorDamage,0_MinorDamage,grid_0.005_23311_19619,grid_0.005_23311_19619,x5dDWwRLGpSfraO7AbKz16,297004616096589,297004616096589,2022-09-29T19:19:44Z,train
000684,train,26.430156840765065,-82.10370540618896,0,0_MinorDamage,0_MinorDamage,grid_0.005_23286_19579,grid_0.005_23286_19579,5ZrTVbvnpkBCqAUuj4foc1,2970490776417427,2970490776417427,2022-10-22T18:22:53Z,train
000685,train,26.42985420624538,-82.10647881031036,0,0_MinorDamage,0_MinorDamage,grid_0.005_23285_19578,grid_0.005_23285_19578,mlt8kfA0uSC5rYi7VQhg2P,298681702608222,298681702608222,2022-10-20T15:49:03Z,train
000686,train,26.430445063378443,-82.08016633987427,0,0_MinorDamage,0_MinorDamage,grid_0.005_23286_19583,grid_0.005_23286_19583,8zouvat6BbkWiE0A1VYwfq,3000085010135078,3000085010135078,2022-10-22T19:08:53Z,train
000687,train,26.461203879035736,-82.04818367958069,0,0_MinorDamage,0_MinorDamage,grid_0.005_23292_19590,grid_0.005_23292_19590,cjXdAN6SYHtunWF5TIOlCq,3010998075873409,3010998075873409,2022-10-21T18:56:33Z,train
000688,train,26.537085912165352,-82.19414949417114,0,0_MinorDamage,0_MinorDamage,grid_0.005_23307_19561,grid_0.005_23307_19561,6o40Ksad9vEmtgTrx7VLPR,301916365606684,301916365606684,2022-10-20T14:56:48Z,train
000689,test,26.44046035149572,-82.06224918365479,0,0_MinorDamage,0_MinorDamage,grid_0.005_23288_19587,grid_0.005_23288_19587,X52NQsIPtuAZHEwoBkDhqv,3028289884016589,3028289884016589,2022-10-21T16:56:06Z,train
000690,train,26.434758709045227,-82.05821514129639,0,0_MinorDamage,0_MinorDamage,grid_0.005_23286_19588,grid_0.005_23286_19588,X52NQsIPtuAZHEwoBkDhqv,3032280510250876,3032280510250876,2022-10-21T16:59:34Z,train
000691,train,26.515957661403817,-81.94072365760803,0,0_MinorDamage,0_MinorDamage,grid_0.005_23303_19611,grid_0.005_23303_19611,AT0o5zNkYnJSV8gXP6b1Dq,304190848604086,304190848604086,2022-09-30T16:57:21Z,train
000692,train,26.42978695402197,-82.06393361091614,0,0_MinorDamage,0_MinorDamage,grid_0.005_23285_19587,grid_0.005_23285_19587,njtp7LVIeUbyEwXSkgYzCT,304692625245639,304692625245639,2022-10-20T13:40:49Z,train
000693,train,26.441180842257538,-82.10342645645143,0,0_MinorDamage,0_MinorDamage,grid_0.005_23288_19579,grid_0.005_23288_19579,eXyup5h9qxj1LgGNY3DQiP,305066471858985,305066471858985,2022-10-22T17:36:35Z,train
000694,train,26.423878212676613,-82.08587944507599,0,0_MinorDamage,0_MinorDamage,grid_0.005_23284_19582,grid_0.005_23284_19582,aLbXpouwqyjD4cWNZMfF2Y,3055764347888048,3055764347888048,2022-10-20T13:45:28Z,train
000695,train,26.44580148256607,-82.04259395599365,0,0_MinorDamage,0_MinorDamage,grid_0.005_23289_19591,grid_0.005_23289_19591,vJTbXQK6BOxPeaoVgcHlrM,306259915077731,306259915077731,2022-10-22T19:48:11Z,train
000696,train,26.430997488039694,-82.06652998924255,0,0_MinorDamage,0_MinorDamage,grid_0.005_23286_19586,grid_0.005_23286_19586,njtp7LVIeUbyEwXSkgYzCT,3105515596259259,3105515596259259,2022-10-20T13:41:43Z,train
000698,train,26.644749706897134,-82.04977691173553,0,0_MinorDamage,0_MinorDamage,grid_0.005_23328_19590,grid_0.005_23328_19590,AYscjdF84i3BtZO0SMQmNE,3139873796317310,3139873796317310,2022-10-01T18:43:19Z,train
000699,train,26.455969120397484,-82.04205214977264,0,0_MinorDamage,0_MinorDamage,grid_0.005_23291_19591,grid_0.005_23291_19591,cjXdAN6SYHtunWF5TIOlCq,3139952709628123,3139952709628123,2022-10-21T18:54:47Z,train
000700,train,26.455071023206784,-82.14117586612701,0,0_MinorDamage,0_MinorDamage,grid_0.005_23291_19571,grid_0.005_23291_19571,OGaCM4S5pEvYyPLezZc0WK,3157241714576774,3157241714576774,2022-10-20T14:23:22Z,train
000701,test,26.44726640779419,-82.03870475292206,0,0_MinorDamage,0_MinorDamage,grid_0.005_23289_19592,grid_0.005_23289_19592,vJTbXQK6BOxPeaoVgcHlrM,3235857723380414,3235857723380414,2022-10-22T19:49:04Z,train
000702,train,26.45628609420404,-82.03526616096497,0,0_MinorDamage,0_MinorDamage,grid_0.005_23291_19592,grid_0.005_23291_19592,hVtUpWFmwBTMDKgo9CRPIS,3245341949040567,3245341949040567,2022-10-21T21:23:37Z,train
000703,train,26.44913476080478,-82.03155934810638,0,0_MinorDamage,0_MinorDamage,grid_0.005_23289_19593,grid_0.005_23289_19593,Zw6rtyuVDIGF5YfAngi7bX,3247370342227402,3247370342227402,2022-10-20T18:17:17Z,train
000704,train,26.553075904319755,-81.95810973644257,0,0_MinorDamage,0_MinorDamage,grid_0.005_23310_19608,grid_0.005_23310_19608,tIAfNHcP8OTlo2Xp1krhSu,3257890801140141,3257890801140141,2022-10-02T11:56:27.500000Z,train
000705,train,26.460680413883168,-82.04813539981842,0,0_MinorDamage,0_MinorDamage,grid_0.005_23292_19590,grid_0.005_23292_19590,cjXdAN6SYHtunWF5TIOlCq,3284822128423848,3284822128423848,2022-10-21T18:56:23Z,train
000706,train,26.56190495641542,-81.95787906646729,0,0_MinorDamage,0_MinorDamage,grid_0.005_23312_19608,grid_0.005_23312_19608,tIAfNHcP8OTlo2Xp1krhSu,3285715915090700,3285715915090700,2022-10-02T11:57:46.666000Z,train
000707,val,26.439173063451904,-82.06676065921783,0,0_MinorDamage,0_MinorDamage,grid_0.005_23287_19586,grid_0.005_23287_19586,ojkNER9alymT7XHIBhWvS2,3287530861499802,3287530861499802,2022-10-21T16:44:40Z,train
000708,train,26.432006256676388,-82.06125140190125,0,0_MinorDamage,0_MinorDamage,grid_0.005_23286_19587,grid_0.005_23286_19587,d9OWh4IQeMXLPraFD8HZpy,3293196210926918,3293196210926918,2022-10-21T17:00:41Z,train
000709,train,26.539202362650418,-82.19452500343323,0,0_MinorDamage,0_MinorDamage,grid_0.005_23307_19561,grid_0.005_23307_19561,6o40Ksad9vEmtgTrx7VLPR,3293383100882478,3293383100882478,2022-10-20T14:56:20Z,train
000710,train,26.568046504582213,-82.01725244522095,0,0_MinorDamage,0_MinorDamage,grid_0.005_23313_19596,grid_0.005_23313_19596,TsSrYVLcjRQlIymM5oNWJ2,3298960210322137,3298960210322137,2022-10-02T12:18:25.200000Z,train
000711,train,26.45097906926896,-82.02110409736633,0,0_MinorDamage,0_MinorDamage,grid_0.005_23290_19595,grid_0.005_23290_19595,DtjgKvhZzkac5eR0ICSP47,3307888872794810,3307888872794810,2022-10-21T17:48:07Z,train
000712,test,26.460545945386315,-82.03315794467926,0,0_MinorDamage,0_MinorDamage,grid_0.005_23292_19593,grid_0.005_23292_19593,vJTbXQK6BOxPeaoVgcHlrM,3351602948484258,3351602948484258,2022-10-22T19:51:25Z,train
000713,val,26.453697449248,-82.03961670398712,0,0_MinorDamage,0_MinorDamage,grid_0.005_23290_19592,grid_0.005_23290_19592,0YIfZrHA3aCDs75ngd9Kcx,3369664050012224,3369664050012224,2022-10-20T16:34:09Z,train
000714,test,26.461688922602804,-82.03260004520416,0,0_MinorDamage,0_MinorDamage,grid_0.005_23292_19593,grid_0.005_23292_19593,vJTbXQK6BOxPeaoVgcHlrM,3398970627084915,3398970627084915,2022-10-22T19:51:36Z,train
000715,train,26.592926001634183,-81.88353359699249,0,0_MinorDamage,0_MinorDamage,grid_0.005_23318_19623,grid_0.005_23318_19623,4qwBospeLyEXaUHTk08C9j,3405902693008775,3405902693008775,2022-09-30T19:14:48Z,train
000716,train,26.42381095696703,-82.08008050918579,0,0_MinorDamage,0_MinorDamage,grid_0.005_23284_19583,grid_0.005_23284_19583,yILRGFcu1KtAQg0WzVjEhZ,3414192365562352,3414192365562352,2022-10-22T19:07:49Z,train
000717,test,26.445470070668023,-82.03848481178284,0,0_MinorDamage,0_MinorDamage,grid_0.005_23289_19592,grid_0.005_23289_19592,oAbgmNBZR9JTjufiX5eCxP,3419642368300013,3419642368300013,2022-10-20T17:02:24Z,train
000718,train,26.45407206195263,-82.04017460346222,0,0_MinorDamage,0_MinorDamage,grid_0.005_23290_19591,grid_0.005_23290_19591,0DuASRpWhNdcQmeEMBIaX8,3443236596004970,3443236596004970,2022-10-20T16:23:51Z,train
000719,train,26.429311383608265,-82.10477292537689,0,0_MinorDamage,0_MinorDamage,grid_0.005_23285_19579,grid_0.005_23285_19579,0M2YgdFsf6GZmIwQJy5APK,3452144295004224,3452144295004224,2022-10-22T18:16:54Z,train
000720,train,26.5789901193164,-81.88031494617462,0,0_MinorDamage,0_MinorDamage,grid_0.005_23315_19623,grid_0.005_23315_19623,U0rXI8iPcjxvTClHJ2sqDk,3468097370108738,3468097370108738,2022-09-30T19:11:39Z,train
000721,train,26.424685278131605,-82.09059476852417,0,0_MinorDamage,0_MinorDamage,grid_0.005_23284_19581,grid_0.005_23284_19581,aLbXpouwqyjD4cWNZMfF2Y,3473870466216304,3473870466216304,2022-10-20T13:47:06Z,train
000722,train,26.424449884624124,-82.08990275859831,0,0_MinorDamage,0_MinorDamage,grid_0.005_23284_19582,grid_0.005_23284_19582,aLbXpouwqyjD4cWNZMfF2Y,3480428172246774,3480428172246774,2022-10-20T13:46:53Z,train
000723,train,26.42539625968521,-82.09257423877717,0,0_MinorDamage,0_MinorDamage,grid_0.005_23285_19581,grid_0.005_23285_19581,8isur9JBeVPXWMDpmQNSqw,3481300712116203,3481300712116203,2022-10-20T15:52:20Z,train
000724,train,26.42816808509077,-82.08014488220215,0,0_MinorDamage,0_MinorDamage,grid_0.005_23285_19583,grid_0.005_23285_19583,yILRGFcu1KtAQg0WzVjEhZ,3481699172078890,3481699172078890,2022-10-22T19:08:33Z,train
000725,train,26.459710316206355,-82.03357100486755,0,0_MinorDamage,0_MinorDamage,grid_0.005_23291_19593,grid_0.005_23291_19593,vJTbXQK6BOxPeaoVgcHlrM,3482996211979102,3482996211979102,2022-10-22T19:51:16Z,train
000726,train,26.42702957908097,-82.08012878894806,0,0_MinorDamage,0_MinorDamage,grid_0.005_23285_19583,grid_0.005_23285_19583,8isur9JBeVPXWMDpmQNSqw,3483162301971368,3483162301971368,2022-10-20T15:57:01Z,train
000727,train,26.60756044926576,-81.93937182426453,0,0_MinorDamage,0_MinorDamage,grid_0.005_23321_19612,grid_0.005_23321_19612,F1Y8svo2KIARXjJT6xUNkD,3511957055689463,3511957055689463,2022-10-01T18:09:15Z,train
000728,train,26.62254310927767,-81.86190962791443,0,0_MinorDamage,0_MinorDamage,grid_0.005_23324_19627,grid_0.005_23324_19627,0n7hGLKEry3cxT9IVFBND1,3522084241453789,3522084241453789,2022-09-30T20:11:55Z,train
000729,train,26.509976537214072,-81.97544753551483,0,0_MinorDamage,0_MinorDamage,grid_0.005_23301_19604,grid_0.005_23301_19604,edntlwFA590gu1YVE4vSCf,3522302618010748,3522302618010748,2022-10-02T17:11:30Z,train
000730,test,26.44711751460521,-82.03921973705292,0,0_MinorDamage,0_MinorDamage,grid_0.005_23289_19592,grid_0.005_23289_19592,vJTbXQK6BOxPeaoVgcHlrM,3540158199587769,3540158199587769,2022-10-22T19:48:56Z,train
000731,train,26.588723828156887,-81.8844723701477,0,0_MinorDamage,0_MinorDamage,grid_0.005_23317_19623,grid_0.005_23317_19623,LAfaqUIhtYyXgkoBSlTnVQ,3550146151940189,3550146151940189,2022-09-30T15:24:53Z,train
000732,train,26.51990810471274,-81.94247245788574,0,0_MinorDamage,0_MinorDamage,grid_0.005_23303_19611,grid_0.005_23303_19611,1Gxn9Aj7y4OYkp0mqvQ5ZE,3554558441493593,3554558441493593,2022-10-02T15:37:42Z,train
000733,train,26.56200092063679,-81.90794706344604,0,0_MinorDamage,0_MinorDamage,grid_0.005_23312_19618,grid_0.005_23312_19618,x5dDWwRLGpSfraO7AbKz16,3565659587087246,3565659587087246,2022-09-29T19:17:45Z,train
000734,train,26.44555652603768,-82.04340934753418,0,0_MinorDamage,0_MinorDamage,grid_0.005_23289_19591,grid_0.005_23289_19591,vJTbXQK6BOxPeaoVgcHlrM,3571146269815803,3571146269815803,2022-10-22T19:48:04Z,train
000735,train,26.45745312660713,-82.0428568124771,0,0_MinorDamage,0_MinorDamage,grid_0.005_23291_19591,grid_0.005_23291_19591,0YIfZrHA3aCDs75ngd9Kcx,3575271592707887,3575271592707887,2022-10-20T16:30:37Z,train
000736,train,26.447910008397088,-82.0340645313263,0,0_MinorDamage,0_MinorDamage,grid_0.005_23289_19593,grid_0.005_23289_19593,Zw6rtyuVDIGF5YfAngi7bX,3579223822362746,3579223822362746,2022-10-20T18:16:09Z,train
000737,train,26.435493645940483,-82.08013951778412,0,0_MinorDamage,0_MinorDamage,grid_0.005_23287_19583,grid_0.005_23287_19583,FDdzYnaCWL8jJN0GwxMkmV,3586758618221182,3586758618221182,2022-10-21T16:39:24Z,train
000738,train,26.42867248289332,-82.10303485393524,0,0_MinorDamage,0_MinorDamage,grid_0.005_23285_19579,grid_0.005_23285_19579,0M2YgdFsf6GZmIwQJy5APK,3593494577549848,3593494577549848,2022-10-22T18:17:14Z,train
000739,train,26.59349203604293,-81.86925888061523,0,0_MinorDamage,0_MinorDamage,grid_0.005_23318_19626,grid_0.005_23318_19626,2AYe0zdjnrpBli3h8SILkF,3609391785957652,3609391785957652,2022-09-29T21:38:02Z,train
000740,train,26.595549883311875,-81.89119398593903,0,0_MinorDamage,0_MinorDamage,grid_0.005_23319_19621,grid_0.005_23319_19621,jV1ulN2mKqCW54bPfpLvgU,3609692142688312,3609692142688312,2022-10-04T16:07:49Z,train
000741,train,26.601732796178737,-82.02588379383086,0,0_MinorDamage,0_MinorDamage,grid_0.005_23320_19594,grid_0.005_23320_19594,k8yLIB1NPrhcxv65eoJ0HG,3611099955790616,3611099955790616,2022-10-01T18:50:24Z,train
000742,train,26.56275423698348,-81.97962641716003,0,0_MinorDamage,0_MinorDamage,grid_0.005_23312_19604,grid_0.005_23312_19604,D6APhLYyJ4Qn795ZzMigtk,3616821421870730,3616821421870730,2022-10-01T19:13:28Z,train
000743,train,26.438428543280168,-82.09166765213013,0,0_MinorDamage,0_MinorDamage,grid_0.005_23287_19581,grid_0.005_23287_19581,eGaqwKdfoI8yJ7kgjAtD3F,3640692716152768,3640692716152768,2022-10-22T17:35:01Z,train
000744,train,26.50434074678051,-82.18880653381348,0,0_MinorDamage,0_MinorDamage,grid_0.005_23300_19562,grid_0.005_23300_19562,5lx9r3DNnpsEXKTiPI0abv,3772263289667717,3772263289667717,2022-10-20T14:33:48Z,train
000745,train,26.58939541875027,-82.03554511070251,0,0_MinorDamage,0_MinorDamage,grid_0.005_23317_19592,grid_0.005_23317_19592,8sZOjKht4QF2gYVJl3ecXw,409293521323572,409293521323572,2022-10-02T12:23:35.333000Z,train
000746,val,26.453894361206224,-82.0399010181427,0,0_MinorDamage,0_MinorDamage,grid_0.005_23290_19592,grid_0.005_23290_19592,cjXdAN6SYHtunWF5TIOlCq,4210303519093509,4210303519093509,2022-10-21T18:54:18Z,train
000747,test,26.447309634813024,-82.038516998291,0,0_MinorDamage,0_MinorDamage,grid_0.005_23289_19592,grid_0.005_23289_19592,n8NHRsX3PiA1YpCSMoy20F,434385578822191,434385578822191,2022-10-21T18:52:16Z,train
000748,test,26.448361487270788,-82.03962743282318,0,0_MinorDamage,0_MinorDamage,grid_0.005_23289_19592,grid_0.005_23289_19592,uGWfqep3o2ws7cldtXQBLk,4359992094124894,4359992094124894,2022-10-21T19:06:17Z,train
000749,train,26.46047390862697,-82.04789936542511,0,0_MinorDamage,0_MinorDamage,grid_0.005_23292_19590,grid_0.005_23292_19590,tTMujQinkPSmUalNr8ODYC,456401386562509,456401386562509,2022-10-21T18:59:52Z,train
000750,train,26.579445880678463,-81.94270849227905,0,0_MinorDamage,0_MinorDamage,grid_0.005_23315_19611,grid_0.005_23315_19611,9uzlTMKG3m8k6wjEaQiXNZ,458985039513078,458985039513078,2022-10-02T11:33:11Z,train
000751,train,26.455551289955565,-82.04167664051056,0,0_MinorDamage,0_MinorDamage,grid_0.005_23291_19591,grid_0.005_23291_19591,cjXdAN6SYHtunWF5TIOlCq,471251541883781,471251541883781,2022-10-21T18:54:41Z,train
000752,train,26.441877312377827,-82.04133868217468,0,0_MinorDamage,0_MinorDamage,grid_0.005_23288_19591,grid_0.005_23288_19591,5bS0CBxDknPTVWIs6OLvru,472890894854907,472890894854907,2022-10-21T17:16:18Z,train
000754,train,26.450806166605105,-82.02028334140778,0,0_MinorDamage,0_MinorDamage,grid_0.005_23290_19595,grid_0.005_23290_19595,DtjgKvhZzkac5eR0ICSP47,474514234894379,474514234894379,2022-10-21T17:47:49Z,train
000755,train,26.45853850415095,-82.03416109085083,0,0_MinorDamage,0_MinorDamage,grid_0.005_23291_19593,grid_0.005_23291_19593,hVtUpWFmwBTMDKgo9CRPIS,475282661455348,475282661455348,2022-10-21T21:24:01Z,train
000756,train,26.644744912157407,-82.04885959625244,0,0_MinorDamage,0_MinorDamage,grid_0.005_23328_19590,grid_0.005_23328_19590,ZlwAMhydcTg7IXmteuPW65,475898204655436,475898204655436,2022-10-02T12:41:34.285000Z,test
000757,train,26.44590234686752,-82.04239010810853,0,0_MinorDamage,0_MinorDamage,grid_0.005_23289_19591,grid_0.005_23289_19591,hVtUpWFmwBTMDKgo9CRPIS,476920091311086,476920091311086,2022-10-21T21:21:18Z,train
000758,train,26.560902125494646,-81.95715487003326,0,0_MinorDamage,0_MinorDamage,grid_0.005_23312_19608,grid_0.005_23312_19608,7rpiSYZ6TfnMsH4vtXo8Q9,478068674415049,478068674415049,2022-10-02T11:46:56.666000Z,train
000759,test,26.448697693793065,-82.03802347183228,0,0_MinorDamage,0_MinorDamage,grid_0.005_23289_19592,grid_0.005_23289_19592,hVtUpWFmwBTMDKgo9CRPIS,479971704336263,479971704336263,2022-10-21T21:22:16Z,train
000760,train,26.445979195799826,-82.05837070941925,0,0_MinorDamage,0_MinorDamage,grid_0.005_23289_19588,grid_0.005_23289_19588,vItnjg2h4oOkUXx819qbfM,480691177594623,480691177594623,2022-10-21T20:16:24Z,train
000761,train,26.457347469839547,-82.04333961009979,0,0_MinorDamage,0_MinorDamage,grid_0.005_23291_19591,grid_0.005_23291_19591,tTMujQinkPSmUalNr8ODYC,482969360468034,482969360468034,2022-10-21T19:01:18Z,train
000762,test,26.44803488570942,-82.03819513320923,0,0_MinorDamage,0_MinorDamage,grid_0.005_23289_19592,grid_0.005_23289_19592,hVtUpWFmwBTMDKgo9CRPIS,483519287289138,483519287289138,2022-10-21T21:22:09Z,train
000763,train,26.43109356162354,-82.06396579742432,0,0_MinorDamage,0_MinorDamage,grid_0.005_23286_19587,grid_0.005_23286_19587,d9OWh4IQeMXLPraFD8HZpy,484682653821395,484682653821395,2022-10-21T17:05:30Z,train
000764,test,26.4489906729622,-82.0379376411438,0,0_MinorDamage,0_MinorDamage,grid_0.005_23289_19592,grid_0.005_23289_19592,hVtUpWFmwBTMDKgo9CRPIS,488608100118630,488608100118630,2022-10-21T21:22:19Z,train
000765,train,26.45094544932689,-82.02092707157135,0,0_MinorDamage,0_MinorDamage,grid_0.005_23290_19595,grid_0.005_23290_19595,DtjgKvhZzkac5eR0ICSP47,489307330044489,489307330044489,2022-10-21T17:42:14Z,train
000766,train,26.562787824221232,-81.95988535881044,0,0_MinorDamage,0_MinorDamage,grid_0.005_23312_19608,grid_0.005_23312_19608,84IwNrn1PYRjEtAhZ7g3TV,490057829631722,490057829631722,2022-10-02T11:58:25Z,train
000767,train,26.56270625519824,-81.95800244808197,0,0_MinorDamage,0_MinorDamage,grid_0.005_23312_19608,grid_0.005_23312_19608,84IwNrn1PYRjEtAhZ7g3TV,492328062922020,492328062922020,2022-10-02T11:58:08Z,train
000768,train,26.43296217690397,-82.06112802028656,0,0_MinorDamage,0_MinorDamage,grid_0.005_23286_19587,grid_0.005_23286_19587,d9OWh4IQeMXLPraFD8HZpy,494419442630098,494419442630098,2022-10-21T17:04:39Z,train
000769,train,26.63760052633414,-82.03876912593842,0,0_MinorDamage,0_MinorDamage,grid_0.005_23327_19592,grid_0.005_23327_19592,U68fF4V9iwhXobvN7Du1SP,495141325765040,495141325765040,2022-10-02T12:34:29.500000Z,train
000770,test,26.46058436497288,-82.03316330909729,0,0_MinorDamage,0_MinorDamage,grid_0.005_23292_19593,grid_0.005_23292_19593,hVtUpWFmwBTMDKgo9CRPIS,497772925772307,497772925772307,2022-10-21T21:24:23Z,train
000771,train,26.44835668431336,-82.03065276145935,0,0_MinorDamage,0_MinorDamage,grid_0.005_23289_19593,grid_0.005_23289_19593,9oftQ5hvKsIWYCqU7guZaA,497786739165530,497786739165530,2022-10-21T18:33:34Z,train
000772,test,26.44711751460521,-82.03927874565125,0,0_MinorDamage,0_MinorDamage,grid_0.005_23289_19592,grid_0.005_23289_19592,hVtUpWFmwBTMDKgo9CRPIS,499777412075699,499777412075699,2022-10-21T21:21:50Z,train
000773,train,26.448832176127183,-82.03075468540192,0,0_MinorDamage,0_MinorDamage,grid_0.005_23289_19593,grid_0.005_23289_19593,9oftQ5hvKsIWYCqU7guZaA,504066378505283,504066378505283,2022-10-21T18:33:26Z,train
000774,train,26.459830378243296,-82.03352808952332,0,0_MinorDamage,0_MinorDamage,grid_0.005_23291_19593,grid_0.005_23291_19593,hVtUpWFmwBTMDKgo9CRPIS,505989001617017,505989001617017,2022-10-21T21:24:15Z,train
000775,test,26.461362358841825,-82.03278243541716,0,0_MinorDamage,0_MinorDamage,grid_0.005_23292_19593,grid_0.005_23292_19593,hVtUpWFmwBTMDKgo9CRPIS,507608851485489,507608851485489,2022-10-21T21:24:31Z,train
000776,train,26.447751510074937,-82.05610156059265,0,0_MinorDamage,0_MinorDamage,grid_0.005_23289_19588,grid_0.005_23289_19588,vItnjg2h4oOkUXx819qbfM,507873401240449,507873401240449,2022-10-21T20:13:53Z,train
000777,train,26.42877336218899,-82.06255495548248,0,0_MinorDamage,0_MinorDamage,grid_0.005_23285_19587,grid_0.005_23285_19587,d9OWh4IQeMXLPraFD8HZpy,509187007988829,509187007988829,2022-10-21T17:06:06Z,train
000778,train,26.57828008747528,-81.94297671318054,0,0_MinorDamage,0_MinorDamage,grid_0.005_23315_19611,grid_0.005_23315_19611,WmQdwiocP5OUB0GtTrCj17,512780467472901,512780467472901,2022-10-02T11:33:20.750000Z,test
000779,train,26.562840604146345,-81.9811874628067,0,0_MinorDamage,0_MinorDamage,grid_0.005_23312_19603,grid_0.005_23312_19603,ixkKL50cubymHt6NBgvFT3,516887897033065,516887897033065,2022-10-02T12:01:28.666000Z,train
000780,val,26.44401953201094,-82.04943895339966,0,0_MinorDamage,0_MinorDamage,grid_0.005_23288_19590,grid_0.005_23288_19590,6Enx3OZopQHazvV5Aye4tg,520756743236444,520756743236444,2022-10-21T19:35:12Z,train
000781,test,26.449615052311515,-82.02885031700134,0,0_MinorDamage,0_MinorDamage,grid_0.005_23289_19594,grid_0.005_23289_19594,nyw9GxcmVequiNU27Ka6LA,521209600144464,521209600144464,2022-10-21T18:42:54Z,train
000782,train,26.447506557693487,-82.05609619617462,0,0_MinorDamage,0_MinorDamage,grid_0.005_23289_19588,grid_0.005_23289_19588,vItnjg2h4oOkUXx819qbfM,524209666200213,524209666200213,2022-10-21T20:13:56Z,test
000783,train,26.567633879629625,-82.01724708080292,0,0_MinorDamage,0_MinorDamage,grid_0.005_23313_19596,grid_0.005_23313_19596,TsSrYVLcjRQlIymM5oNWJ2,526057659444791,526057659444791,2022-10-02T12:18:22.166000Z,train
000784,train,26.595209309745684,-81.9277149438858,0,0_MinorDamage,0_MinorDamage,grid_0.005_23319_19614,grid_0.005_23319_19614,0v4ndRP6xtjBy2q9OreIHz,527235512619092,527235512619092,2022-10-02T11:15:38Z,train
000785,train,26.56441439438092,-81.94389939308167,0,0_MinorDamage,0_MinorDamage,grid_0.005_23312_19611,grid_0.005_23312_19611,Rtl3bIkgGFj0NUi9XHQ48v,531431725670189,531431725670189,2022-10-02T11:41:32.333000Z,train
000786,train,26.448010870852187,-82.05584943294525,0,0_MinorDamage,0_MinorDamage,grid_0.005_23289_19588,grid_0.005_23289_19588,vItnjg2h4oOkUXx819qbfM,532782055493506,532782055493506,2022-10-21T20:13:40Z,train
000787,train,26.591683594260672,-82.02603936195372,0,0_MinorDamage,0_MinorDamage,grid_0.005_23318_19594,grid_0.005_23318_19594,1g7U20mtTZlvEFOWhPqcM8,534920165369139,534920165369139,2022-10-01T18:53:38Z,test
000788,train,26.562864595013338,-81.97981417179108,0,0_MinorDamage,0_MinorDamage,grid_0.005_23312_19604,grid_0.005_23312_19604,ixkKL50cubymHt6NBgvFT3,536391481699987,536391481699987,2022-10-02T12:01:19Z,train
000789,train,26.59130463334293,-82.03555583953857,0,0_MinorDamage,0_MinorDamage,grid_0.005_23318_19592,grid_0.005_23318_19592,8sZOjKht4QF2gYVJl3ecXw,5399612620165242,5399612620165242,2022-10-02T12:23:49.857000Z,train
000790,train,26.573472864225096,-82.03486919403076,0,0_MinorDamage,0_MinorDamage,grid_0.005_23314_19593,grid_0.005_23314_19593,J4vAOg5PZoRfzkFraNc9KB,540474647649146,540474647649146,2022-10-02T12:21:04.142000Z,train
000791,train,26.57347766195366,-82.03312039375305,0,0_MinorDamage,0_MinorDamage,grid_0.005_23314_19593,grid_0.005_23314_19593,J4vAOg5PZoRfzkFraNc9KB,543187007667921,543187007667921,2022-10-02T12:20:53.666000Z,train
000792,train,26.435849103933663,-82.0786052942276,0,0_MinorDamage,0_MinorDamage,grid_0.005_23287_19584,grid_0.005_23287_19584,lAtIQeO0Rwg2YVoC6Pa93F,543677884466736,543677884466736,2022-10-22T19:29:04Z,train
000793,train,26.450657277992093,-82.02452659606932,0,0_MinorDamage,0_MinorDamage,grid_0.005_23290_19595,grid_0.005_23290_19595,nyw9GxcmVequiNU27Ka6LA,545242200889985,545242200889985,2022-10-21T18:45:51Z,train
000794,test,26.44355842980403,-82.06154108047485,0,0_MinorDamage,0_MinorDamage,grid_0.005_23288_19587,grid_0.005_23288_19587,mOxFlgIhNsDMV6H72nawdZ,545291634314307,545291634314307,2022-10-22T16:50:12Z,train
000795,train,26.67433900447276,-82.05565631389618,0,0_MinorDamage,0_MinorDamage,grid_0.005_23334_19588,grid_0.005_23334_19588,fUL31KX9eukHREaZDYrxBi,546373890855086,546373890855086,2022-10-06T18:28:13Z,train
000796,train,26.55774483017776,-81.9580078125,0,0_MinorDamage,0_MinorDamage,grid_0.005_23311_19608,grid_0.005_23311_19608,VecsRgmLhUDpGFlidWPAvx,547004967451626,547004967451626,2022-10-01T19:17:31Z,test
000797,val,26.59577533286155,-82.03552901744843,0,0_MinorDamage,0_MinorDamage,grid_0.005_23319_19592,grid_0.005_23319_19592,8sZOjKht4QF2gYVJl3ecXw,547584876812313,547584876812313,2022-10-02T12:24:24Z,train
000798,train,26.429844598787284,-82.06396579742432,0,0_MinorDamage,0_MinorDamage,grid_0.005_23285_19587,grid_0.005_23285_19587,d9OWh4IQeMXLPraFD8HZpy,549218867150695,549218867150695,2022-10-21T17:05:43Z,train
000799,train,26.66590213840736,-81.88876926898956,0,0_MinorDamage,0_MinorDamage,grid_0.005_23333_19622,grid_0.005_23333_19622,6uinbwO2dc9p7qt0RAjVGv,549741984006085,549741984006085,2022-09-29T18:21:50Z,train
000800,train,26.454408251803784,-82.04063594341278,0,0_MinorDamage,0_MinorDamage,grid_0.005_23290_19591,grid_0.005_23290_19591,uGWfqep3o2ws7cldtXQBLk,5499480096828585,5499480096828585,2022-10-21T19:04:39Z,train
000801,train,26.508675625466083,-81.96483671665192,0,0_MinorDamage,0_MinorDamage,grid_0.005_23301_19607,grid_0.005_23301_19607,UiTVbHcRCdI730PgBtJYFL,550390827106934,550390827106934,2022-10-02T16:14:47Z,train
000802,train,26.44804449165092,-82.05195486545563,0,0_MinorDamage,0_MinorDamage,grid_0.005_23289_19589,grid_0.005_23289_19589,fkzvtDXqFTJgKBrMpHPWEi,5506680109443184,5506680109443184,2022-10-21T20:12:11Z,train
000803,val,26.44485527505678,-82.04622030258179,0,0_MinorDamage,0_MinorDamage,grid_0.005_23288_19590,grid_0.005_23288_19590,6Enx3OZopQHazvV5Aye4tg,550944753621662,550944753621662,2022-10-21T19:34:45Z,train
000804,test,26.448428728653752,-82.03958451747894,0,0_MinorDamage,0_MinorDamage,grid_0.005_23289_19592,grid_0.005_23289_19592,cjXdAN6SYHtunWF5TIOlCq,550985160408812,550985160408812,2022-10-21T18:52:53Z,train
000805,test,26.460617982100587,-82.0331472158432,0,0_MinorDamage,0_MinorDamage,grid_0.005_23292_19593,grid_0.005_23292_19593,hVtUpWFmwBTMDKgo9CRPIS,553705090115053,553705090115053,2022-10-21T21:24:23Z,train
000806,test,26.46341297180747,-82.03178465366364,0,0_MinorDamage,0_MinorDamage,grid_0.005_23292_19593,grid_0.005_23292_19593,hVtUpWFmwBTMDKgo9CRPIS,554239053293906,554239053293906,2022-10-21T21:24:53Z,train
000807,train,26.443659296069484,-82.06546783447266,0,0_MinorDamage,0_MinorDamage,grid_0.005_23288_19586,grid_0.005_23288_19586,mOxFlgIhNsDMV6H72nawdZ,554906233322499,554906233322499,2022-10-22T16:49:12Z,train
000808,train,26.437760872712232,-82.05824732780457,0,0_MinorDamage,0_MinorDamage,grid_0.005_23287_19588,grid_0.005_23287_19588,X52NQsIPtuAZHEwoBkDhqv,557804562939257,557804562939257,2022-10-21T16:57:23Z,train
000809,train,26.438404526420328,-82.09142088890076,0,0_MinorDamage,0_MinorDamage,grid_0.005_23287_19581,grid_0.005_23287_19581,eGaqwKdfoI8yJ7kgjAtD3F,558969182890506,558969182890506,2022-10-22T17:34:59Z,train
000810,train,26.579676159413765,-81.94251537322998,0,0_MinorDamage,0_MinorDamage,grid_0.005_23315_19611,grid_0.005_23315_19611,IcZe8aSwANRMb6Hi0qCz2x,559161029763209,559161029763209,2022-10-01T19:32:07Z,train
000811,train,26.4315787319988,-82.06398725509644,0,0_MinorDamage,0_MinorDamage,grid_0.005_23286_19587,grid_0.005_23286_19587,d9OWh4IQeMXLPraFD8HZpy,559577406050752,559577406050752,2022-10-21T17:05:24Z,train
000812,test,26.46257256107557,-82.0321923494339,0,0_MinorDamage,0_MinorDamage,grid_0.005_23292_19593,grid_0.005_23292_19593,hVtUpWFmwBTMDKgo9CRPIS,559671282697306,559671282697306,2022-10-21T21:24:44Z,train
000813,val,26.454004823864608,-82.03638195991516,0,0_MinorDamage,0_MinorDamage,grid_0.005_23290_19592,grid_0.005_23290_19592,hVtUpWFmwBTMDKgo9CRPIS,560170312818932,560170312818932,2022-10-21T21:23:13Z,train
000814,val,26.44409157906405,-82.04916000366211,0,0_MinorDamage,0_MinorDamage,grid_0.005_23288_19590,grid_0.005_23288_19590,6Enx3OZopQHazvV5Aye4tg,560243292679326,560243292679326,2022-10-21T19:35:10Z,train
000815,train,26.45047476910713,-82.0260339975357,0,0_MinorDamage,0_MinorDamage,grid_0.005_23290_19594,grid_0.005_23290_19594,oA4ekOPWvzdE6Gc3J0qSLM,560580952409104,560580952409104,2022-10-21T17:58:31Z,train
000816,train,26.604274936500744,-81.87022984027863,0,0_MinorDamage,0_MinorDamage,grid_0.005_23320_19625,grid_0.005_23320_19625,vcSl4NqPnwEhQ5OeCxbJXf,561313475978367,561313475978367,2022-09-30T19:22:00Z,test
000817,train,26.51990330474256,-81.94281578063965,0,0_MinorDamage,0_MinorDamage,grid_0.005_23303_19611,grid_0.005_23303_19611,1Gxn9Aj7y4OYkp0mqvQ5ZE,561974315905712,561974315905712,2022-10-02T15:37:45Z,test
000818,train,26.457097735276164,-82.04311966896057,0,0_MinorDamage,0_MinorDamage,grid_0.005_23291_19591,grid_0.005_23291_19591,tTMujQinkPSmUalNr8ODYC,562280725540098,562280725540098,2022-10-21T19:01:22Z,test
000819,train,26.572839562289754,-81.94369554519653,0,0_MinorDamage,0_MinorDamage,grid_0.005_23314_19611,grid_0.005_23314_19611,n08LMX7RkoOsFI4BAj52zT,564265519119245,564265519119245,2022-10-01T19:30:50Z,train
000820,test,26.441003121621563,-82.06047356128693,0,0_MinorDamage,0_MinorDamage,grid_0.005_23288_19587,grid_0.005_23288_19587,wJ8ZYp4KuVjgI6xsXOUWkA,564859459183579,564859459183579,2022-10-22T17:09:52Z,test
000821,train,26.44919719881392,-82.03133940696716,0,0_MinorDamage,0_MinorDamage,grid_0.005_23289_19593,grid_0.005_23289_19593,9oftQ5hvKsIWYCqU7guZaA,565054452169719,565054452169719,2022-10-21T18:33:09Z,train
000822,train,26.43283247964952,-82.06107974052429,0,0_MinorDamage,0_MinorDamage,grid_0.005_23286_19587,grid_0.005_23286_19587,d9OWh4IQeMXLPraFD8HZpy,565159415629363,565159415629363,2022-10-21T17:04:31Z,train
000823,train,26.450215413878297,-82.05613911151886,0,0_MinorDamage,0_MinorDamage,grid_0.005_23290_19588,grid_0.005_23290_19588,fkzvtDXqFTJgKBrMpHPWEi,566170248462018,566170248462018,2022-10-21T20:10:42Z,test
000824,train,26.43100709540168,-82.09622204303741,0,0_MinorDamage,0_MinorDamage,grid_0.005_23286_19580,grid_0.005_23286_19580,0M2YgdFsf6GZmIwQJy5APK,566361522324988,566361522324988,2022-10-22T18:19:19Z,train
000825,test,26.462154754599595,-82.03239619731903,0,0_MinorDamage,0_MinorDamage,grid_0.005_23292_19593,grid_0.005_23292_19593,hVtUpWFmwBTMDKgo9CRPIS,566937642115455,566937642115455,2022-10-21T21:24:40Z,train
000826,train,26.65263678119693,-82.04883813858032,0,0_MinorDamage,0_MinorDamage,grid_0.005_23330_19590,grid_0.005_23330_19590,IOV8FkeKfqNbr4CDJx7ptQ,567024941901049,567024941901049,2022-10-02T12:38:45.714000Z,train
000827,train,26.443760162246647,-82.05032408237457,0,0_MinorDamage,0_MinorDamage,grid_0.005_23288_19589,grid_0.005_23288_19589,ZoPOLpxfckCaEiQWqzs2Hg,567093698957086,567093698957086,2022-10-20T16:03:49Z,train
000828,train,26.57267643849692,-81.9437974691391,0,0_MinorDamage,0_MinorDamage,grid_0.005_23314_19611,grid_0.005_23314_19611,Rtl3bIkgGFj0NUi9XHQ48v,568081295151748,568081295151748,2022-10-02T11:40:21.333000Z,train
000829,val,26.4537646875155,-82.03969180583954,0,0_MinorDamage,0_MinorDamage,grid_0.005_23290_19592,grid_0.005_23290_19592,cjXdAN6SYHtunWF5TIOlCq,568461998486522,568461998486522,2022-10-21T18:54:15Z,test
000830,test,26.44721357474916,-82.03893005847931,0,0_MinorDamage,0_MinorDamage,grid_0.005_23289_19592,grid_0.005_23289_19592,hVtUpWFmwBTMDKgo9CRPIS,568863415102260,568863415102260,2022-10-21T21:21:54Z,train
000831,test,26.440791777805728,-82.06110119819641,0,0_MinorDamage,0_MinorDamage,grid_0.005_23288_19587,grid_0.005_23288_19587,X52NQsIPtuAZHEwoBkDhqv,568945908416106,568945908416106,2022-10-21T16:56:17Z,train
000832,train,26.431501873461627,-82.0652586221695,0,0_MinorDamage,0_MinorDamage,grid_0.005_23286_19586,grid_0.005_23286_19586,njtp7LVIeUbyEwXSkgYzCT,569338782021983,569338782021983,2022-10-20T13:41:31Z,train
000833,train,26.562787824221232,-81.95955812931061,0,0_MinorDamage,0_MinorDamage,grid_0.005_23312_19608,grid_0.005_23312_19608,84IwNrn1PYRjEtAhZ7g3TV,5696094463783295,5696094463783295,2022-10-02T11:58:22.333000Z,train
000834,test,26.46006089700317,-82.03341543674469,0,0_MinorDamage,0_MinorDamage,grid_0.005_23292_19593,grid_0.005_23292_19593,hVtUpWFmwBTMDKgo9CRPIS,569638395027206,569638395027206,2022-10-21T21:24:17Z,train
000835,train,26.42940265484991,-82.08015561103821,0,0_MinorDamage,0_MinorDamage,grid_0.005_23285_19583,grid_0.005_23285_19583,8zouvat6BbkWiE0A1VYwfq,569755405324136,569755405324136,2022-10-22T19:08:44Z,train
000836,train,26.5885367415042,-81.884526014328,0,0_MinorDamage,0_MinorDamage,grid_0.005_23317_19623,grid_0.005_23317_19623,Yt7iF2x8aHcKNveUl9kuJq,570043301952753,570043301952753,2022-09-30T15:19:04Z,train
000837,train,26.626341218143025,-81.86571300029755,0,0_MinorDamage,0_MinorDamage,grid_0.005_23325_19626,grid_0.005_23325_19626,0n7hGLKEry3cxT9IVFBND1,570088645201058,570088645201058,2022-09-30T20:14:12Z,train
000838,train,26.54048373206355,-82.19531893730164,0,0_MinorDamage,0_MinorDamage,grid_0.005_23308_19560,grid_0.005_23308_19560,6o40Ksad9vEmtgTrx7VLPR,570122978624031,570122978624031,2022-10-20T14:56:02Z,train
000839,train,26.442583384684752,-82.0399010181427,0,0_MinorDamage,0_MinorDamage,grid_0.005_23288_19592,grid_0.005_23288_19592,PioLgY63BXl1ItahOyTeME,571142327871250,571142327871250,2022-10-21T17:12:46Z,train
000840,train,26.65441549286811,-82.05600500106812,0,0_MinorDamage,0_MinorDamage,grid_0.005_23330_19588,grid_0.005_23330_19588,JvXAw9z8CROFSaGbhZjQ6E,571230015206384,571230015206384,2022-10-01T18:41:34Z,train
000841,train,26.67413288393199,-82.05566704273224,0,0_MinorDamage,0_MinorDamage,grid_0.005_23334_19588,grid_0.005_23334_19588,fUL31KX9eukHREaZDYrxBi,573045561689640,573045561689640,2022-10-06T18:28:11Z,train
000842,train,26.649812839701767,-82.0560210943222,0,0_MinorDamage,0_MinorDamage,grid_0.005_23329_19588,grid_0.005_23329_19588,JvXAw9z8CROFSaGbhZjQ6E,5735134296587770,5735134296587770,2022-10-01T18:42:01Z,train
000843,test,26.440710122136707,-82.06137478351593,0,0_MinorDamage,0_MinorDamage,grid_0.005_23288_19587,grid_0.005_23288_19587,X52NQsIPtuAZHEwoBkDhqv,573570800965761,573570800965761,2022-10-21T16:56:14Z,train
000844,train,26.42850915432267,-82.08014488220215,0,0_MinorDamage,0_MinorDamage,grid_0.005_23285_19583,grid_0.005_23285_19583,8isur9JBeVPXWMDpmQNSqw,573630148183839,573630148183839,2022-10-20T15:57:14Z,train
000845,train,26.433687518117907,-82.05989420413971,0,0_MinorDamage,0_MinorDamage,grid_0.005_23286_19588,grid_0.005_23286_19588,X52NQsIPtuAZHEwoBkDhqv,573969037562112,573969037562112,2022-10-21T16:59:53Z,train
000846,train,26.443106932104783,-82.05289363861083,0,0_MinorDamage,0_MinorDamage,grid_0.005_23288_19589,grid_0.005_23288_19589,6Enx3OZopQHazvV5Aye4tg,574023761248334,574023761248334,2022-10-21T19:35:44Z,train
000847,train,26.657910508645784,-81.84540867805481,0,0_MinorDamage,0_MinorDamage,grid_0.005_23331_19630,grid_0.005_23331_19630,sQhXIrmbztd4325OKqMlcy,574463674845319,574463674845319,2022-10-04T17:48:23Z,test
000848,val,26.4510847318802,-82.03736364841461,0,0_MinorDamage,0_MinorDamage,grid_0.005_23290_19592,grid_0.005_23290_19592,vJTbXQK6BOxPeaoVgcHlrM,574545294871940,574545294871940,2022-10-22T19:49:51Z,train
000849,test,26.446387454893,-82.02557802200317,0,0_MinorDamage,0_MinorDamage,grid_0.005_23289_19594,grid_0.005_23289_19594,5bS0CBxDknPTVWIs6OLvru,5745536598857669,5745536598857669,2022-10-21T17:20:47Z,train
000850,train,26.43091102174573,-82.0962166786194,0,0_MinorDamage,0_MinorDamage,grid_0.005_23286_19580,grid_0.005_23286_19580,0M2YgdFsf6GZmIwQJy5APK,574658691534042,574658691534042,2022-10-22T18:19:18Z,train
000851,train,26.43555128785169,-82.07981765270233,0,0_MinorDamage,0_MinorDamage,grid_0.005_23287_19584,grid_0.005_23287_19584,FDdzYnaCWL8jJN0GwxMkmV,5746632568739635,5746632568739635,2022-10-21T16:39:18Z,train
000852,train,26.439360393576337,-82.08192586898804,0,0_MinorDamage,0_MinorDamage,grid_0.005_23287_19583,grid_0.005_23287_19583,eGaqwKdfoI8yJ7kgjAtD3F,575670974496629,575670974496629,2022-10-22T17:33:43Z,test
000853,train,26.69826562868096,-82.05563485622406,0,0_MinorDamage,0_MinorDamage,grid_0.005_23339_19588,grid_0.005_23339_19588,sd2tRl8cCQY59mo7ZzjiGp,5761512947283106,5761512947283106,2022-10-06T18:33:58Z,train
000854,train,26.45740510081569,-82.03471899032591,0,0_MinorDamage,0_MinorDamage,grid_0.005_23291_19593,grid_0.005_23291_19593,hVtUpWFmwBTMDKgo9CRPIS,576443240621551,576443240621551,2022-10-21T21:23:49Z,train
000855,train,26.45105111196895,-82.02186584472656,0,0_MinorDamage,0_MinorDamage,grid_0.005_23290_19595,grid_0.005_23290_19595,2GE5DnWJXaevYfqkA4pId1,576543861296000,576543861296000,2022-10-20T17:09:50Z,train
000856,train,26.59349203604293,-81.86852931976318,0,0_MinorDamage,0_MinorDamage,grid_0.005_23318_19626,grid_0.005_23318_19626,2AYe0zdjnrpBli3h8SILkF,576670454672509,576670454672509,2022-09-29T21:38:07Z,train
000858,train,26.439216293507656,-82.08021998405457,0,0_MinorDamage,0_MinorDamage,grid_0.005_23287_19583,grid_0.005_23287_19583,FDdzYnaCWL8jJN0GwxMkmV,577233720556935,577233720556935,2022-10-21T16:37:33Z,train
000859,train,26.44945655633572,-82.05611765384674,0,0_MinorDamage,0_MinorDamage,grid_0.005_23289_19588,grid_0.005_23289_19588,fkzvtDXqFTJgKBrMpHPWEi,577838863773600,577838863773600,2022-10-21T20:10:48Z,train
000860,train,26.64387226617218,-82.04809248447418,0,0_MinorDamage,0_MinorDamage,grid_0.005_23328_19590,grid_0.005_23328_19590,drTBZKzuP9aN3QOSstv6cg,577952691078328,577952691078328,2022-10-06T18:22:34Z,train
000861,train,26.55657401771299,-81.9015097618103,0,0_MinorDamage,0_MinorDamage,grid_0.005_23311_19619,grid_0.005_23311_19619,1JYrROBE6eofqFKCDMGASc,578213781059474,578213781059474,2022-09-29T19:19:47Z,test
000862,train,26.431117580007022,-82.0884221792221,0,0_MinorDamage,0_MinorDamage,grid_0.005_23286_19582,grid_0.005_23286_19582,8DuCakHvNX3A4ErGBom1lf,578968987733688,578968987733688,2022-10-22T18:51:30Z,train
000863,val,26.443909059775308,-82.04986274242401,0,0_MinorDamage,0_MinorDamage,grid_0.005_23288_19590,grid_0.005_23288_19590,6Enx3OZopQHazvV5Aye4tg,580043396930832,580043396930832,2022-10-21T19:35:16Z,train
000864,train,26.45492694279152,-82.04110264778137,0,0_MinorDamage,0_MinorDamage,grid_0.005_23290_19591,grid_0.005_23290_19591,cjXdAN6SYHtunWF5TIOlCq,5803052433115259,5803052433115259,2022-10-21T18:54:33Z,test
000865,train,26.4381979812192,-82.0582902431488,0,0_MinorDamage,0_MinorDamage,grid_0.005_23287_19588,grid_0.005_23287_19588,X52NQsIPtuAZHEwoBkDhqv,581394030494748,581394030494748,2022-10-21T16:57:19Z,train
000866,train,26.428979924280867,-82.08015561103821,0,0_MinorDamage,0_MinorDamage,grid_0.005_23285_19583,grid_0.005_23285_19583,8zouvat6BbkWiE0A1VYwfq,581996177348995,581996177348995,2022-10-22T19:08:40Z,train
000867,train,26.607742708524995,-81.93264484405516,0,0_MinorDamage,0_MinorDamage,grid_0.005_23321_19613,grid_0.005_23321_19613,F1Y8svo2KIARXjJT6xUNkD,582964923978049,582964923978049,2022-10-01T18:08:41Z,train
000868,train,26.44533558440844,-82.04428911209108,0,0_MinorDamage,0_MinorDamage,grid_0.005_23289_19591,grid_0.005_23289_19591,ZoPOLpxfckCaEiQWqzs2Hg,5836432739794229,5836432739794229,2022-10-20T16:04:39Z,train
000869,train,26.64469696474892,-81.86475813388824,0,0_MinorDamage,0_MinorDamage,grid_0.005_23328_19627,grid_0.005_23328_19627,OxYSHNnDlusU3fieJTMwZE,584817256905535,584817256905535,2022-10-04T17:44:15Z,train
000870,train,26.430046355238844,-82.06395506858826,0,0_MinorDamage,0_MinorDamage,grid_0.005_23286_19587,grid_0.005_23286_19587,d9OWh4IQeMXLPraFD8HZpy,585147540100188,585147540100188,2022-10-21T17:05:41Z,train
000871,train,26.460915733374705,-82.04817831516266,0,0_MinorDamage,0_MinorDamage,grid_0.005_23292_19590,grid_0.005_23292_19590,cjXdAN6SYHtunWF5TIOlCq,5856986811017541,5856986811017541,2022-10-21T18:56:28Z,train
000872,val,26.44390425663224,-82.04980373382568,0,0_MinorDamage,0_MinorDamage,grid_0.005_23288_19590,grid_0.005_23288_19590,ZoPOLpxfckCaEiQWqzs2Hg,586590260277418,586590260277418,2022-10-20T16:03:53Z,train
000873,train,26.436305433533875,-82.05803275108337,0,0_MinorDamage,0_MinorDamage,grid_0.005_23287_19588,grid_0.005_23287_19588,X52NQsIPtuAZHEwoBkDhqv,587052399902739,587052399902739,2022-10-21T16:57:40Z,train
000874,train,26.44821259549738,-82.03061521053314,0,0_MinorDamage,0_MinorDamage,grid_0.005_23289_19593,grid_0.005_23289_19593,9oftQ5hvKsIWYCqU7guZaA,5872038016219223,5872038016219223,2022-10-21T18:33:36Z,train
000875,train,26.52609509939867,-81.9340717792511,0,0_MinorDamage,0_MinorDamage,grid_0.005_23305_19613,grid_0.005_23305_19613,0dpIPURQ5m1EHrfXvBolaS,587822366821384,587822366821384,2022-09-30T16:01:57Z,train
000876,train,26.67392196950468,-82.0556777715683,0,0_MinorDamage,0_MinorDamage,grid_0.005_23334_19588,grid_0.005_23334_19588,fUL31KX9eukHREaZDYrxBi,587924890123348,587924890123348,2022-10-06T18:28:08Z,train
000877,train,26.565541944216434,-81.94352924823761,0,0_MinorDamage,0_MinorDamage,grid_0.005_23313_19611,grid_0.005_23313_19611,bjfPglrpn9UZ1t38MJWXNw,587963116779488,587963116779488,2022-10-01T19:29:38Z,train
000878,val,26.439057783223944,-82.06714689731598,0,0_MinorDamage,0_MinorDamage,grid_0.005_23287_19586,grid_0.005_23287_19586,ojkNER9alymT7XHIBhWvS2,588513826452105,588513826452105,2022-10-21T16:44:37Z,train
000879,val,26.4407581548902,-82.04500257968903,0,0_MinorDamage,0_MinorDamage,grid_0.005_23288_19590,grid_0.005_23288_19590,CDu3ifjIyq6W2ZEgm9Jecs,588565146756568,588565146756568,2022-10-22T19:35:24Z,train
000880,test,26.44374094964828,-82.0614230632782,0,0_MinorDamage,0_MinorDamage,grid_0.005_23288_19587,grid_0.005_23288_19587,wsuK3zob9RL5EY1FcZThlt,590256136558464,590256136558464,2022-10-22T17:04:58Z,train
000881,train,26.562749438805863,-81.97940647602081,0,0_MinorDamage,0_MinorDamage,grid_0.005_23312_19604,grid_0.005_23312_19604,D6APhLYyJ4Qn795ZzMigtk,590582983063889,590582983063889,2022-10-01T19:13:30Z,train
000882,train,26.450892617969487,-82.0230782032013,0,0_MinorDamage,0_MinorDamage,grid_0.005_23290_19595,grid_0.005_23290_19595,qLOwB6Mxsdzou8VFbWP7SU,590671909876659,590671909876659,2022-10-20T17:26:11Z,train
000883,test,26.462687817767574,-82.03211724758148,0,0_MinorDamage,0_MinorDamage,grid_0.005_23292_19593,grid_0.005_23292_19593,V5ucivCID0wpRWN2z19Gsg,5942950552477168,5942950552477168,2022-10-22T19:51:46Z,train
000884,train,26.60427973293852,-81.8697202205658,0,0_MinorDamage,0_MinorDamage,grid_0.005_23320_19626,grid_0.005_23320_19626,vcSl4NqPnwEhQ5OeCxbJXf,594418916010562,594418916010562,2022-09-30T19:22:03Z,train
000885,train,26.437357386464868,-82.04426765441895,0,0_MinorDamage,0_MinorDamage,grid_0.005_23287_19591,grid_0.005_23287_19591,PioLgY63BXl1ItahOyTeME,595801169041086,595801169041086,2022-10-21T17:10:24Z,train
000886,train,26.567451556502817,-82.01724708080292,0,0_MinorDamage,0_MinorDamage,grid_0.005_23313_19596,grid_0.005_23313_19596,TsSrYVLcjRQlIymM5oNWJ2,597456132182023,597456132182023,2022-10-02T12:18:20.800000Z,train
000887,train,26.4258766501448,-82.08012342453003,0,0_MinorDamage,0_MinorDamage,grid_0.005_23285_19583,grid_0.005_23285_19583,yILRGFcu1KtAQg0WzVjEhZ,597565332520087,597565332520087,2022-10-22T19:08:12Z,test
000888,train,26.53943272225183,-82.19462156295776,0,0_MinorDamage,0_MinorDamage,grid_0.005_23307_19561,grid_0.005_23307_19561,UrYR9Pj1lqNfZIh4g76Ozp,599824875572173,599824875572173,2022-10-20T14:49:30Z,train
000889,train,26.55916034567221,-81.95860862731932,0,0_MinorDamage,0_MinorDamage,grid_0.005_23311_19608,grid_0.005_23311_19608,Xah4pm35Ebk28x6dWLtjV9,600495632188107,600495632188107,2022-10-01T19:17:05Z,train
000890,train,26.43214556212766,-82.10285246372223,0,0_MinorDamage,0_MinorDamage,grid_0.005_23286_19579,grid_0.005_23286_19579,5ZrTVbvnpkBCqAUuj4foc1,601332925440162,601332925440162,2022-10-22T18:27:59Z,train
000891,train,26.642165312988524,-82.04549074172975,0,0_MinorDamage,0_MinorDamage,grid_0.005_23328_19590,grid_0.005_23328_19590,AYscjdF84i3BtZO0SMQmNE,601690152067003,601690152067003,2022-10-01T18:43:58Z,train
000892,test,26.443529610854814,-82.06050038337708,0,0_MinorDamage,0_MinorDamage,grid_0.005_23288_19587,grid_0.005_23288_19587,mOxFlgIhNsDMV6H72nawdZ,6034172650025386,6034172650025386,2022-10-22T16:50:28Z,train
000893,train,26.65357168701321,-82.03936994075774,0,0_MinorDamage,0_MinorDamage,grid_0.005_23330_19592,grid_0.005_23330_19592,4crG6kVX27QyMhtvTZqasA,604262081474208,604262081474208,2022-10-02T12:36:55Z,train
000894,train,26.450834983733785,-82.05612301826477,0,0_MinorDamage,0_MinorDamage,grid_0.005_23290_19588,grid_0.005_23290_19588,6Enx3OZopQHazvV5Aye4tg,6045899452170325,6045899452170325,2022-10-21T19:37:49Z,train
000895,train,26.440085694518984,-82.07192122936247,0,0_MinorDamage,0_MinorDamage,grid_0.005_23288_19585,grid_0.005_23288_19585,FDdzYnaCWL8jJN0GwxMkmV,604691851471413,604691851471413,2022-10-21T16:43:18Z,train
000896,test,26.445830300946923,-82.0384794473648,0,0_MinorDamage,0_MinorDamage,grid_0.005_23289_19592,grid_0.005_23289_19592,oAbgmNBZR9JTjufiX5eCxP,605421918322696,605421918322696,2022-10-20T17:02:20Z,train
000897,train,26.59775639171994,-82.03392505645752,0,0_MinorDamage,0_MinorDamage,grid_0.005_23319_19593,grid_0.005_23319_19593,ZHJK5CzPYGdvf9RW8qkujl,605524731393038,605524731393038,2022-10-01T18:51:28Z,train
000898,train,26.674880668304056,-82.05565094947815,0,0_MinorDamage,0_MinorDamage,grid_0.005_23334_19588,grid_0.005_23334_19588,fUL31KX9eukHREaZDYrxBi,605956068184038,605956068184038,2022-10-06T18:28:19Z,train
000899,train,26.62636519570212,-81.86423242092133,0,0_MinorDamage,0_MinorDamage,grid_0.005_23325_19627,grid_0.005_23325_19627,0n7hGLKEry3cxT9IVFBND1,606681617934703,606681617934703,2022-09-30T20:13:56Z,train
000900,val,26.441286513857065,-82.05956161022186,0,0_MinorDamage,0_MinorDamage,grid_0.005_23288_19588,grid_0.005_23288_19588,wJ8ZYp4KuVjgI6xsXOUWkA,606798471259951,606798471259951,2022-10-22T17:09:43Z,train
000901,train,26.48356658373937,-81.96766376495361,0,0_MinorDamage,0_MinorDamage,grid_0.005_23296_19606,grid_0.005_23296_19606,VgUWZnMHbBqG2Xlhe1F0xs,606967548194447,606967548194447,2022-09-30T16:17:53Z,train
000902,train,26.538458489945626,-82.1943747997284,0,0_MinorDamage,0_MinorDamage,grid_0.005_23307_19561,grid_0.005_23307_19561,6o40Ksad9vEmtgTrx7VLPR,607637641470212,607637641470212,2022-10-20T14:56:29Z,train
000903,train,26.45842324330448,-82.03420400619507,0,0_MinorDamage,0_MinorDamage,grid_0.005_23291_19593,grid_0.005_23291_19593,vJTbXQK6BOxPeaoVgcHlrM,608921658010248,608921658010248,2022-10-22T19:51:03Z,train
000904,train,26.436214167758408,-82.0772910118103,0,0_MinorDamage,0_MinorDamage,grid_0.005_23287_19584,grid_0.005_23287_19584,lAtIQeO0Rwg2YVoC6Pa93F,6094900867285995,6094900867285995,2022-10-22T19:29:17Z,train
000905,train,26.42915766345898,-82.08014488220215,0,0_MinorDamage,0_MinorDamage,grid_0.005_23285_19583,grid_0.005_23285_19583,8isur9JBeVPXWMDpmQNSqw,6104347686343292,6104347686343292,2022-10-20T15:57:20Z,train
000906,test,26.448001264907887,-82.02500402927399,0,0_MinorDamage,0_MinorDamage,grid_0.005_23289_19594,grid_0.005_23289_19594,n8NHRsX3PiA1YpCSMoy20F,6106216209398160,6106216209398160,2022-10-21T18:47:11Z,train
000907,train,26.572148683458067,-81.94382965564728,0,0_MinorDamage,0_MinorDamage,grid_0.005_23314_19611,grid_0.005_23314_19611,Rtl3bIkgGFj0NUi9XHQ48v,612711033942158,612711033942158,2022-10-02T11:40:25.571000Z,train
000908,val,26.45115197167325,-82.03735828399658,0,0_MinorDamage,0_MinorDamage,grid_0.005_23290_19592,grid_0.005_23290_19592,hVtUpWFmwBTMDKgo9CRPIS,6136403066391250,6136403066391250,2022-10-21T21:22:42Z,train
000909,test,26.4470070453406,-82.03963816165925,0,0_MinorDamage,0_MinorDamage,grid_0.005_23289_19592,grid_0.005_23289_19592,hVtUpWFmwBTMDKgo9CRPIS,614499673823815,614499673823815,2022-10-21T21:21:47Z,train
000910,train,26.439211490168915,-82.08246767520905,0,0_MinorDamage,0_MinorDamage,grid_0.005_23287_19583,grid_0.005_23287_19583,eGaqwKdfoI8yJ7kgjAtD3F,614664154091873,614664154091873,2022-10-22T17:33:49Z,train
000911,train,26.61912374422803,-81.87009036540985,0,0_MinorDamage,0_MinorDamage,grid_0.005_23323_19625,grid_0.005_23323_19625,BW1snhSTmPNKyJMAcQHvxt,615459793677269,615459793677269,2022-10-04T18:15:12Z,train
000912,train,26.636037332670654,-81.86863124370575,0,0_MinorDamage,0_MinorDamage,grid_0.005_23327_19626,grid_0.005_23327_19626,4RUmfrSNt1hFHiMsVyQAcn,6155334124576300,6155334124576300,2022-10-04T18:11:15Z,train
000913,train,26.427183302067974,-82.0801341533661,0,0_MinorDamage,0_MinorDamage,grid_0.005_23285_19583,grid_0.005_23285_19583,yILRGFcu1KtAQg0WzVjEhZ,6159506667480861,6159506667480861,2022-10-22T19:08:24Z,train
000914,train,26.431775681766386,-82.0962381362915,0,0_MinorDamage,0_MinorDamage,grid_0.005_23286_19580,grid_0.005_23286_19580,0M2YgdFsf6GZmIwQJy5APK,616624520450918,616624520450918,2022-10-22T18:19:29Z,train
000915,train,26.581201744339225,-82.02410280704498,0,0_MinorDamage,0_MinorDamage,grid_0.005_23316_19595,grid_0.005_23316_19595,5wczXGIBWDLksvTdh2g8JS,6184840318278607,6184840318278607,2022-10-01T18:55:09Z,test
000916,train,26.445249128872945,-82.04462170600891,0,0_MinorDamage,0_MinorDamage,grid_0.005_23289_19591,grid_0.005_23289_19591,vJTbXQK6BOxPeaoVgcHlrM,619711030135296,619711030135296,2022-10-22T19:47:53Z,train
000917,train,26.7277068845402,-82.06330597400665,0,0_MinorDamage,0_MinorDamage,grid_0.005_23345_19587,grid_0.005_23345_19587,lNF4GEDycBA6ZfXdQtuV10,620746430014998,620746430014998,2022-10-06T18:44:38Z,train
000918,train,26.45860573959142,-82.04466462135315,0,0_MinorDamage,0_MinorDamage,grid_0.005_23291_19591,grid_0.005_23291_19591,0YIfZrHA3aCDs75ngd9Kcx,621331496731605,621331496731605,2022-10-20T16:30:04Z,train
000919,train,26.52024410212482,-81.94141566753387,0,0_MinorDamage,0_MinorDamage,grid_0.005_23304_19611,grid_0.005_23304_19611,0PV43Mhwl1DSCuTpoyvfFt,621738329911920,621738329911920,2022-09-30T16:03:18Z,train
000920,train,26.642673565761115,-82.04582333564758,0,0_MinorDamage,0_MinorDamage,grid_0.005_23328_19590,grid_0.005_23328_19590,AYscjdF84i3BtZO0SMQmNE,6226460514118830,6226460514118830,2022-10-01T18:43:54Z,train
000921,train,26.45080136374964,-82.02338933944702,0,0_MinorDamage,0_MinorDamage,grid_0.005_23290_19595,grid_0.005_23290_19595,2GE5DnWJXaevYfqkA4pId1,6229551330477242,6229551330477242,2022-10-20T17:09:27Z,train
000922,train,26.561041274806968,-81.95787906646729,0,0_MinorDamage,0_MinorDamage,grid_0.005_23312_19608,grid_0.005_23312_19608,tIAfNHcP8OTlo2Xp1krhSu,623189976262328,623189976262328,2022-10-02T11:57:39.285000Z,train
000923,train,26.445796679501896,-82.04258859157562,0,0_MinorDamage,0_MinorDamage,grid_0.005_23289_19591,grid_0.005_23289_19591,ZoPOLpxfckCaEiQWqzs2Hg,6236076853166974,6236076853166974,2022-10-20T16:04:52Z,train
000924,train,26.553075904319755,-81.95838332176208,0,0_MinorDamage,0_MinorDamage,grid_0.005_23310_19608,grid_0.005_23310_19608,tIAfNHcP8OTlo2Xp1krhSu,623695012886788,623695012886788,2022-10-02T11:56:24.333000Z,train
000925,train,26.435469628468965,-82.07992494106293,0,0_MinorDamage,0_MinorDamage,grid_0.005_23287_19584,grid_0.005_23287_19584,GFA5Eq24e1SxuJVjWM0kyt,624116569676854,624116569676854,2022-10-20T15:58:53Z,train
000926,train,26.50771073306697,-81.97125256061554,0,0_MinorDamage,0_MinorDamage,grid_0.005_23301_19605,grid_0.005_23301_19605,UiTVbHcRCdI730PgBtJYFL,624731036277604,624731036277604,2022-10-02T16:11:11Z,train
000927,train,26.44332307484115,-82.05192267894746,0,0_MinorDamage,0_MinorDamage,grid_0.005_23288_19589,grid_0.005_23288_19589,CDu3ifjIyq6W2ZEgm9Jecs,6247556822028134,6247556822028134,2022-10-22T19:33:17Z,train
000928,train,26.59331455097876,-81.88353359699249,0,0_MinorDamage,0_MinorDamage,grid_0.005_23318_19623,grid_0.005_23318_19623,4qwBospeLyEXaUHTk08C9j,6254091291345369,6254091291345369,2022-09-30T19:14:53Z,train
000929,train,26.596657939591463,-81.88961684703827,0,0_MinorDamage,0_MinorDamage,grid_0.005_23319_19622,grid_0.005_23319_19622,GsUfeMbK7JEiHPl9ApZI1O,625596576203899,625596576203899,2022-10-01T18:04:49Z,train
000930,val,26.4390241598024,-82.0672595500946,0,0_MinorDamage,0_MinorDamage,grid_0.005_23287_19586,grid_0.005_23287_19586,GFA5Eq24e1SxuJVjWM0kyt,627758359316469,627758359316469,2022-10-20T16:01:16Z,train
000931,train,26.428984728046032,-82.06220626831055,0,0_MinorDamage,0_MinorDamage,grid_0.005_23285_19587,grid_0.005_23285_19587,njtp7LVIeUbyEwXSkgYzCT,6302751146476977,6302751146476977,2022-10-20T13:40:25Z,train
000932,train,26.582055679230265,-82.0240867137909,0,0_MinorDamage,0_MinorDamage,grid_0.005_23316_19595,grid_0.005_23316_19595,5wczXGIBWDLksvTdh2g8JS,631133535789361,631133535789361,2022-10-01T18:54:57Z,train
000933,train,26.581863784303863,-82.0240867137909,0,0_MinorDamage,0_MinorDamage,grid_0.005_23316_19595,grid_0.005_23316_19595,5wczXGIBWDLksvTdh2g8JS,632086778857343,632086778857343,2022-10-01T18:54:58Z,test
000934,train,26.72798477678444,-82.06330597400665,0,0_MinorDamage,0_MinorDamage,grid_0.005_23345_19587,grid_0.005_23345_19587,lNF4GEDycBA6ZfXdQtuV10,632616185248194,632616185248194,2022-10-06T18:44:40Z,train
000935,train,26.439682216412365,-82.08081007003784,0,0_MinorDamage,0_MinorDamage,grid_0.005_23287_19583,grid_0.005_23287_19583,eGaqwKdfoI8yJ7kgjAtD3F,633458825163760,633458825163760,2022-10-22T17:33:31Z,train
000936,train,26.436939488505004,-82.06452369689941,0,0_MinorDamage,0_MinorDamage,grid_0.005_23287_19587,grid_0.005_23287_19587,ojkNER9alymT7XHIBhWvS2,6337875792898281,6337875792898281,2022-10-21T16:48:45Z,train
000937,val,26.44373134334791,-82.05545246601103,0,0_MinorDamage,0_MinorDamage,grid_0.005_23288_19588,grid_0.005_23288_19588,wsuK3zob9RL5EY1FcZThlt,6340760585979095,6340760585979095,2022-10-22T17:07:33Z,train
000938,train,26.60714317039445,-82.02856600284576,0,0_MinorDamage,0_MinorDamage,grid_0.005_23321_19594,grid_0.005_23321_19594,odESNfzg9IKCl41Vkcmr7X,634514978604411,634514978604411,2022-10-01T18:49:04Z,train
000939,train,26.44953340289668,-82.03092098236083,0,0_MinorDamage,0_MinorDamage,grid_0.005_23289_19593,grid_0.005_23289_19593,9UT5ZHyS3c7kMrjfsgzh10,634758825386753,634758825386753,2022-10-20T18:07:25Z,train
000940,train,26.69743173227471,-82.05558657646179,0,0_MinorDamage,0_MinorDamage,grid_0.005_23339_19588,grid_0.005_23339_19588,sd2tRl8cCQY59mo7ZzjiGp,6348701901915052,6348701901915052,2022-10-06T18:33:50Z,train
000941,val,26.439470870173608,-82.0657467842102,0,0_MinorDamage,0_MinorDamage,grid_0.005_23287_19586,grid_0.005_23287_19586,GFA5Eq24e1SxuJVjWM0kyt,636798578375995,636798578375995,2022-10-20T16:01:28Z,train
000942,train,26.627621612759896,-81.88039541244507,0,0_MinorDamage,0_MinorDamage,grid_0.005_23325_19623,grid_0.005_23325_19623,Em7Mc1GUux6lXtdyqTzJRF,6368542683215197,6368542683215197,2022-09-30T20:18:40Z,train
000943,train,26.57887497931688,-81.88047051429749,0,0_MinorDamage,0_MinorDamage,grid_0.005_23315_19623,grid_0.005_23315_19623,eCyYuSTjx2BgQfoV1Nt6JH,636966531703174,636966531703174,2022-10-04T16:37:56Z,train
000944,train,26.56916922076797,-81.90308690071106,0,0_MinorDamage,0_MinorDamage,grid_0.005_23313_19619,grid_0.005_23313_19619,M5eOhXKrUp6RGLtk7lZcbB,637570684973541,637570684973541,2022-10-11T15:26:19Z,train
000945,train,26.63506871727442,-81.86860978603363,0,0_MinorDamage,0_MinorDamage,grid_0.005_23327_19626,grid_0.005_23327_19626,4RUmfrSNt1hFHiMsVyQAcn,6381998411879819,6381998411879819,2022-10-04T18:11:24Z,test
000946,train,26.427524374213466,-82.10028290748596,0,0_MinorDamage,0_MinorDamage,grid_0.005_23285_19579,grid_0.005_23285_19579,n0eqGd6TKA3CmjSspwxEUl,6386369878114873,6386369878114873,2022-10-22T18:36:50Z,train
000947,test,26.44352480769591,-82.06044673919678,0,0_MinorDamage,0_MinorDamage,grid_0.005_23288_19587,grid_0.005_23288_19587,mOxFlgIhNsDMV6H72nawdZ,639026028105277,639026028105277,2022-10-22T16:50:28Z,train
000948,train,26.46058916742029,-82.04808175563812,0,0_MinorDamage,0_MinorDamage,grid_0.005_23292_19590,grid_0.005_23292_19590,0YIfZrHA3aCDs75ngd9Kcx,639373741176739,639373741176739,2022-10-20T16:29:20Z,train
000949,train,26.558982807399445,-81.9580078125,0,0_MinorDamage,0_MinorDamage,grid_0.005_23311_19608,grid_0.005_23311_19608,Xah4pm35Ebk28x6dWLtjV9,640132024720645,640132024720645,2022-10-01T19:17:20Z,train
000950,train,26.4510319005867,-82.12729811668395,0,0_MinorDamage,0_MinorDamage,grid_0.005_23290_19574,grid_0.005_23290_19574,2Paqk0DWtz8RdQbBmMsEnO,640451728142609,640451728142609,2022-10-20T14:21:52Z,train
000951,train,26.44428370431872,-82.03852772712708,0,0_MinorDamage,0_MinorDamage,grid_0.005_23288_19592,grid_0.005_23288_19592,oAbgmNBZR9JTjufiX5eCxP,640705684611027,640705684611027,2022-10-20T17:02:37Z,train
000952,train,26.64404487799503,-81.86592221260071,0,0_MinorDamage,0_MinorDamage,grid_0.005_23328_19626,grid_0.005_23328_19626,OxYSHNnDlusU3fieJTMwZE,6407920079301778,6407920079301778,2022-10-04T17:42:48Z,train
000953,val,26.562749438805863,-81.97210013866425,0,0_MinorDamage,0_MinorDamage,grid_0.005_23312_19605,grid_0.005_23312_19605,7bhZ5InU1C36A0pYTlgVRS,641102597902903,641102597902903,2022-10-01T19:14:22Z,train
000954,train,26.51049497764264,-81.95402204990387,0,0_MinorDamage,0_MinorDamage,grid_0.005_23302_19609,grid_0.005_23302_19609,0PV43Mhwl1DSCuTpoyvfFt,6413814365338369,6413814365338369,2022-09-30T16:05:52Z,train
000955,train,26.508675625466083,-81.96533024311066,0,0_MinorDamage,0_MinorDamage,grid_0.005_23301_19606,grid_0.005_23301_19606,UiTVbHcRCdI730PgBtJYFL,642365884177783,642365884177783,2022-10-02T16:14:41Z,train
000956,train,26.55910756405227,-81.95834577083588,0,0_MinorDamage,0_MinorDamage,grid_0.005_23311_19608,grid_0.005_23311_19608,Xah4pm35Ebk28x6dWLtjV9,642917644386432,642917644386432,2022-10-01T19:17:10Z,train
000957,train,26.66607951076288,-81.8887209892273,0,0_MinorDamage,0_MinorDamage,grid_0.005_23333_19622,grid_0.005_23333_19622,5mMvESRoVi0xUPZ3u67tgj,643545857837187,643545857837187,2022-10-04T19:10:20Z,train
000958,train,26.450772546612527,-82.12816715240479,0,0_MinorDamage,0_MinorDamage,grid_0.005_23290_19574,grid_0.005_23290_19574,Hdxcg6t5vyaoX8lCwfM391,644258877737368,644258877737368,2022-10-20T15:41:04Z,train
000959,val,26.43935078691068,-82.0661598443985,0,0_MinorDamage,0_MinorDamage,grid_0.005_23287_19586,grid_0.005_23287_19586,GFA5Eq24e1SxuJVjWM0kyt,645074113904395,645074113904395,2022-10-20T16:01:25Z,train
000960,train,26.57887497931688,-81.94268703460693,0,0_MinorDamage,0_MinorDamage,grid_0.005_23315_19611,grid_0.005_23315_19611,IcZe8aSwANRMb6Hi0qCz2x,645584217152769,645584217152769,2022-10-01T19:32:01Z,train
000961,test,26.443544020330336,-82.06076860427856,0,0_MinorDamage,0_MinorDamage,grid_0.005_23288_19587,grid_0.005_23288_19587,wsuK3zob9RL5EY1FcZThlt,6460053450741154,6460053450741154,2022-10-22T17:05:14Z,train
000962,train,26.4576740449897,-82.04361855983734,0,0_MinorDamage,0_MinorDamage,grid_0.005_23291_19591,grid_0.005_23291_19591,0YIfZrHA3aCDs75ngd9Kcx,646830060700356,646830060700356,2022-10-20T16:30:19Z,train
000963,train,26.43046908189704,-82.08016097545624,0,0_MinorDamage,0_MinorDamage,grid_0.005_23286_19583,grid_0.005_23286_19583,8isur9JBeVPXWMDpmQNSqw,647127603979551,647127603979551,2022-10-20T15:57:31Z,train
000964,train,26.437194070201187,-82.07395434379578,0,0_MinorDamage,0_MinorDamage,grid_0.005_23287_19585,grid_0.005_23287_19585,lAtIQeO0Rwg2YVoC6Pa93F,647965470222344,647965470222344,2022-10-22T19:29:52Z,train
000965,train,26.695572217159693,-82.05558121204376,0,0_MinorDamage,0_MinorDamage,grid_0.005_23339_19588,grid_0.005_23339_19588,sd2tRl8cCQY59mo7ZzjiGp,648551256937661,648551256937661,2022-10-06T18:33:36Z,train
000966,train,26.42990224352376,-82.0943820476532,0,0_MinorDamage,0_MinorDamage,grid_0.005_23285_19581,grid_0.005_23285_19581,8DuCakHvNX3A4ErGBom1lf,6489689804423894,6489689804423894,2022-10-22T18:44:03Z,train
000967,train,26.494018948784188,-81.95608198642731,0,0_MinorDamage,0_MinorDamage,grid_0.005_23298_19608,grid_0.005_23298_19608,gti6f8hpWRsqrUX3FwLajT,649317310392745,649317310392745,2022-09-30T16:37:32Z,train
000968,train,26.44526353813337,-82.04456806182861,0,0_MinorDamage,0_MinorDamage,grid_0.005_23289_19591,grid_0.005_23289_19591,vJTbXQK6BOxPeaoVgcHlrM,649433400057460,649433400057460,2022-10-22T19:47:54Z,train
000969,train,26.486216974765952,-81.99448049068451,0,0_MinorDamage,0_MinorDamage,grid_0.005_23297_19601,grid_0.005_23297_19601,o3urlx7HenjaMLPT9hqkEs,649627426720270,649627426720270,2022-10-22T19:58:37Z,train
000970,val,26.44149785676538,-82.04646706581116,0,0_MinorDamage,0_MinorDamage,grid_0.005_23288_19590,grid_0.005_23288_19590,CDu3ifjIyq6W2ZEgm9Jecs,649685530525626,649685530525626,2022-10-22T19:34:44Z,train
000971,train,26.44431732620535,-82.06735610961914,0,0_MinorDamage,0_MinorDamage,grid_0.005_23288_19586,grid_0.005_23288_19586,wsuK3zob9RL5EY1FcZThlt,650040890013715,650040890013715,2022-10-22T16:59:00Z,train
000972,val,26.444634332082515,-82.04699277877808,0,0_MinorDamage,0_MinorDamage,grid_0.005_23288_19590,grid_0.005_23288_19590,vJTbXQK6BOxPeaoVgcHlrM,650755326945238,650755326945238,2022-10-22T19:46:32Z,train
000973,train,26.60752687516002,-81.94085776805879,0,0_MinorDamage,0_MinorDamage,grid_0.005_23321_19611,grid_0.005_23321_19611,F1Y8svo2KIARXjJT6xUNkD,651027776535805,651027776535805,2022-10-01T18:09:23Z,train
000974,train,26.435493645940483,-82.0798122882843,0,0_MinorDamage,0_MinorDamage,grid_0.005_23287_19584,grid_0.005_23287_19584,lAtIQeO0Rwg2YVoC6Pa93F,651110416561971,651110416561971,2022-10-22T19:28:52Z,train
000975,test,26.46243329241875,-82.03224062919617,0,0_MinorDamage,0_MinorDamage,grid_0.005_23292_19593,grid_0.005_23292_19593,vJTbXQK6BOxPeaoVgcHlrM,651236683578120,651236683578120,2022-10-22T19:51:44Z,train
000976,train,26.44546526759001,-82.0437741279602,0,0_MinorDamage,0_MinorDamage,grid_0.005_23289_19591,grid_0.005_23289_19591,ZoPOLpxfckCaEiQWqzs2Hg,651750769824056,651750769824056,2022-10-20T16:04:43Z,train
000977,train,26.56271105337765,-82.0142912864685,0,0_MinorDamage,0_MinorDamage,grid_0.005_23312_19597,grid_0.005_23312_19597,ujCJMr0AKpFb7W1ESNeTDO,651799973119369,651799973119369,2022-10-01T19:08:22Z,train
000978,train,26.432414565281263,-82.11364030838013,0,0_MinorDamage,0_MinorDamage,grid_0.005_23286_19577,grid_0.005_23286_19577,ycDhTuH2zOedjnQ5SsbA70,651961493491797,651961493491797,2022-10-22T17:57:26Z,train
000979,train,26.55404521392026,-81.95797562599182,0,0_MinorDamage,0_MinorDamage,grid_0.005_23310_19608,grid_0.005_23310_19608,VecsRgmLhUDpGFlidWPAvx,652243713433575,652243713433575,2022-10-01T19:17:59Z,train
000980,train,26.42911442963008,-82.06194877624512,0,0_MinorDamage,0_MinorDamage,grid_0.005_23285_19587,grid_0.005_23285_19587,njtp7LVIeUbyEwXSkgYzCT,652696553124229,652696553124229,2022-10-20T13:40:23Z,train
000981,train,26.53003559479788,-81.92950665950774,0,0_MinorDamage,0_MinorDamage,grid_0.005_23306_19614,grid_0.005_23306_19614,0dpIPURQ5m1EHrfXvBolaS,652921643544270,652921643544270,2022-09-30T16:01:25Z,train
000982,train,26.665652857874065,-81.88852250576019,0,0_MinorDamage,0_MinorDamage,grid_0.005_23333_19622,grid_0.005_23333_19622,QKkwleGU1ptHioYPFhIrb4,653005982961112,653005982961112,2022-10-01T21:06:52Z,train
000983,train,26.562159261426416,-81.90783977508545,0,0_MinorDamage,0_MinorDamage,grid_0.005_23312_19618,grid_0.005_23312_19618,x5dDWwRLGpSfraO7AbKz16,653270750177960,653270750177960,2022-09-29T19:17:43Z,test
000984,train,26.556420467650284,-81.90765738487244,0,0_MinorDamage,0_MinorDamage,grid_0.005_23311_19618,grid_0.005_23311_19618,x5dDWwRLGpSfraO7AbKz16,653573243283042,653573243283042,2022-09-29T19:18:55Z,train
000985,train,26.450657277992093,-82.05114483833313,0,0_MinorDamage,0_MinorDamage,grid_0.005_23290_19589,grid_0.005_23290_19589,6e3WJg5uL72BZAq0QDM9hj,6541909025829119,6541909025829119,2022-10-20T16:54:40Z,train
000986,test,26.44815495992053,-82.0354700088501,0,0_MinorDamage,0_MinorDamage,grid_0.005_23289_19592,grid_0.005_23289_19592,9UT5ZHyS3c7kMrjfsgzh10,6541990185861463,6541990185861463,2022-10-20T18:12:35Z,train
000987,train,26.435541680868496,-82.0796674489975,0,0_MinorDamage,0_MinorDamage,grid_0.005_23287_19584,grid_0.005_23287_19584,GFA5Eq24e1SxuJVjWM0kyt,6543475855673265,6543475855673265,2022-10-20T15:58:57Z,train
000988,train,26.43615652617875,-82.05801665782928,0,0_MinorDamage,0_MinorDamage,grid_0.005_23287_19588,grid_0.005_23287_19588,X52NQsIPtuAZHEwoBkDhqv,6545705182112840,6545705182112840,2022-10-21T16:57:41Z,train
000989,train,26.4246036110508,-82.08010196685791,0,0_MinorDamage,0_MinorDamage,grid_0.005_23284_19583,grid_0.005_23284_19583,8isur9JBeVPXWMDpmQNSqw,654647193211046,654647193211046,2022-10-20T15:56:36Z,train
000990,train,26.45504220713815,-82.04149961471559,0,0_MinorDamage,0_MinorDamage,grid_0.005_23291_19591,grid_0.005_23291_19591,YokgWzSGxZtXC8EUIeavm5,654882063223099,654882063223099,2022-10-20T16:38:06Z,test
000992,train,26.45087340656079,-82.02308893203735,0,0_MinorDamage,0_MinorDamage,grid_0.005_23290_19595,grid_0.005_23290_19595,2GE5DnWJXaevYfqkA4pId1,655370876452166,655370876452166,2022-10-20T17:09:36Z,train
000993,train,26.42932579486174,-82.10478365421294,0,0_MinorDamage,0_MinorDamage,grid_0.005_23285_19579,grid_0.005_23285_19579,mlt8kfA0uSC5rYi7VQhg2P,655677472676452,655677472676452,2022-10-20T15:49:54Z,train
000994,train,26.556401273877995,-81.90691173076631,0,0_MinorDamage,0_MinorDamage,grid_0.005_23311_19618,grid_0.005_23311_19618,x5dDWwRLGpSfraO7AbKz16,655704576055276,655704576055276,2022-09-29T19:19:00Z,train
000995,test,26.44159392159554,-82.06374585628508,0,0_MinorDamage,0_MinorDamage,grid_0.005_23288_19587,grid_0.005_23288_19587,wJ8ZYp4KuVjgI6xsXOUWkA,656003363101897,656003363101897,2022-10-22T17:11:34Z,train
000996,val,26.45034028869101,-82.03961133956909,0,0_MinorDamage,0_MinorDamage,grid_0.005_23290_19592,grid_0.005_23290_19592,6e3WJg5uL72BZAq0QDM9hj,656469646346249,656469646346249,2022-10-20T17:00:25Z,train
000997,test,26.449658278448865,-82.03771233558655,0,0_MinorDamage,0_MinorDamage,grid_0.005_23289_19592,grid_0.005_23289_19592,vJTbXQK6BOxPeaoVgcHlrM,658014102417579,658014102417579,2022-10-22T19:49:38Z,train
000998,test,26.448836979064765,-82.0394879579544,0,0_MinorDamage,0_MinorDamage,grid_0.005_23289_19592,grid_0.005_23289_19592,ZoPOLpxfckCaEiQWqzs2Hg,658027233030162,658027233030162,2022-10-20T16:05:54Z,test
000999,test,26.44680531858403,-82.03847408294678,0,0_MinorDamage,0_MinorDamage,grid_0.005_23289_19592,grid_0.005_23289_19592,oAbgmNBZR9JTjufiX5eCxP,658075466173773,658075466173773,2022-10-20T17:02:09Z,train
001000,train,26.578615913894723,-81.88086748123169,0,0_MinorDamage,0_MinorDamage,grid_0.005_23315_19623,grid_0.005_23315_19623,eCyYuSTjx2BgQfoV1Nt6JH,658634382796113,658634382796113,2022-10-04T16:37:49Z,train
001001,test,26.440902253030544,-82.06071496009827,0,0_MinorDamage,0_MinorDamage,grid_0.005_23288_19587,grid_0.005_23288_19587,lAtIQeO0Rwg2YVoC6Pa93F,659151718967268,659151718967268,2022-10-22T19:31:50Z,test
001002,train,26.435142990359395,-82.08028972148897,0,0_MinorDamage,0_MinorDamage,grid_0.005_23287_19583,grid_0.005_23287_19583,8zouvat6BbkWiE0A1VYwfq,6592236330821594,6592236330821594,2022-10-22T19:09:40Z,train
001003,train,26.443745752798165,-82.06724882125854,0,0_MinorDamage,0_MinorDamage,grid_0.005_23288_19586,grid_0.005_23288_19586,mOxFlgIhNsDMV6H72nawdZ,659322032275668,659322032275668,2022-10-22T16:48:33Z,train
001004,train,26.455147866021207,-82.04160690307617,0,0_MinorDamage,0_MinorDamage,grid_0.005_23291_19591,grid_0.005_23291_19591,YokgWzSGxZtXC8EUIeavm5,6595334400530854,6595334400530854,2022-10-20T16:38:08Z,train
001005,train,26.650719001714563,-82.05602645874023,0,0_MinorDamage,0_MinorDamage,grid_0.005_23330_19588,grid_0.005_23330_19588,JvXAw9z8CROFSaGbhZjQ6E,659709198845414,659709198845414,2022-10-01T18:41:56Z,train
001006,train,26.588176958620394,-81.884526014328,0,0_MinorDamage,0_MinorDamage,grid_0.005_23317_19623,grid_0.005_23317_19623,Yt7iF2x8aHcKNveUl9kuJq,661211119190242,661211119190242,2022-09-30T15:19:08Z,train
001007,train,26.42841788237358,-82.06987738609314,0,0_MinorDamage,0_MinorDamage,grid_0.005_23285_19586,grid_0.005_23285_19586,aLbXpouwqyjD4cWNZMfF2Y,661414015382564,661414015382564,2022-10-20T13:42:23Z,train
001008,train,26.59664834607664,-81.89031958580017,0,0_MinorDamage,0_MinorDamage,grid_0.005_23319_19621,grid_0.005_23319_19621,GsUfeMbK7JEiHPl9ApZI1O,662962798983657,662962798983657,2022-10-01T18:04:53Z,train
001009,train,26.56128118701774,-82.01720952987671,0,0_MinorDamage,0_MinorDamage,grid_0.005_23312_19596,grid_0.005_23312_19596,TsSrYVLcjRQlIymM5oNWJ2,663724058667941,663724058667941,2022-10-02T12:17:16Z,train
001010,train,26.432203205713435,-82.06359028816222,0,0_MinorDamage,0_MinorDamage,grid_0.005_23286_19587,grid_0.005_23286_19587,d9OWh4IQeMXLPraFD8HZpy,664424445431286,664424445431286,2022-10-21T17:05:12Z,train
001011,train,26.636229136725447,-81.86863660812378,0,0_MinorDamage,0_MinorDamage,grid_0.005_23327_19626,grid_0.005_23327_19626,4RUmfrSNt1hFHiMsVyQAcn,6650536198325260,6650536198325260,2022-10-04T18:11:13Z,train
001012,test,26.44719916573267,-82.03868865966797,0,0_MinorDamage,0_MinorDamage,grid_0.005_23289_19592,grid_0.005_23289_19592,oAbgmNBZR9JTjufiX5eCxP,6670583822951906,6670583822951906,2022-10-20T17:01:57Z,train
001013,test,26.44419724799377,-82.06148207187653,0,0_MinorDamage,0_MinorDamage,grid_0.005_23288_19587,grid_0.005_23288_19587,wsuK3zob9RL5EY1FcZThlt,6680681668629532,6680681668629532,2022-10-22T17:04:45Z,train
001014,train,26.44967749006028,-82.02015459537506,0,0_MinorDamage,0_MinorDamage,grid_0.005_23289_19595,grid_0.005_23289_19595,DtjgKvhZzkac5eR0ICSP47,669122861667878,669122861667878,2022-10-21T17:46:37Z,train
001015,train,26.58138404558092,-81.93874955177307,0,0_MinorDamage,0_MinorDamage,grid_0.005_23316_19612,grid_0.005_23316_19612,VjcnOwJsdb8SemI4xUPD7K,669978177990317,669978177990317,2022-10-02T11:32:05Z,train
001016,train,26.57301228134662,-81.94377601146698,0,0_MinorDamage,0_MinorDamage,grid_0.005_23314_19611,grid_0.005_23314_19611,Rtl3bIkgGFj0NUi9XHQ48v,670659134498825,670659134498825,2022-10-02T11:40:18.666000Z,train
001017,train,26.4397350529115,-82.07940995693207,0,0_MinorDamage,0_MinorDamage,grid_0.005_23287_19584,grid_0.005_23287_19584,FDdzYnaCWL8jJN0GwxMkmV,6711412062209031,6711412062209031,2022-10-21T16:37:56Z,train
001018,train,26.58942420111623,-81.94180727005005,0,0_MinorDamage,0_MinorDamage,grid_0.005_23317_19611,grid_0.005_23317_19611,6WcRwedpBUgz7IavylYPr0,671322834823155,671322834823155,2022-10-01T19:33:57Z,train
001019,train,26.454441870734925,-82.04067349433899,0,0_MinorDamage,0_MinorDamage,grid_0.005_23290_19591,grid_0.005_23290_19591,uGWfqep3o2ws7cldtXQBLk,673323747859287,673323747859287,2022-10-21T19:04:38Z,train
001020,train,26.433106284793283,-82.10377514362337,0,0_MinorDamage,0_MinorDamage,grid_0.005_23286_19579,grid_0.005_23286_19579,0M2YgdFsf6GZmIwQJy5APK,6737401209645335,6737401209645335,2022-10-22T18:21:58Z,train
001021,train,26.439773479441087,-82.07943141460419,0,0_MinorDamage,0_MinorDamage,grid_0.005_23287_19584,grid_0.005_23287_19584,eGaqwKdfoI8yJ7kgjAtD3F,674642128011364,674642128011364,2022-10-22T17:33:09Z,train
001022,train,26.567830596362143,-82.01725244522095,0,0_MinorDamage,0_MinorDamage,grid_0.005_23313_19596,grid_0.005_23313_19596,TsSrYVLcjRQlIymM5oNWJ2,674705460815316,674705460815316,2022-10-02T12:18:23.666000Z,train
001023,train,26.43449451489846,-82.08020389080048,0,0_MinorDamage,0_MinorDamage,grid_0.005_23286_19583,grid_0.005_23286_19583,8zouvat6BbkWiE0A1VYwfq,675068567781770,675068567781770,2022-10-22T19:09:29Z,train
001024,train,26.440215383610337,-82.07220017910004,0,0_MinorDamage,0_MinorDamage,grid_0.005_23288_19585,grid_0.005_23288_19585,eGaqwKdfoI8yJ7kgjAtD3F,675177404647580,675177404647580,2022-10-22T17:30:21Z,train
001025,train,26.44011931763077,-82.0999664068222,0,0_MinorDamage,0_MinorDamage,grid_0.005_23288_19580,grid_0.005_23288_19580,eXyup5h9qxj1LgGNY3DQiP,6762997633744150,6762997633744150,2022-10-22T17:36:11Z,train
001026,val,26.44132974311985,-82.05933094024658,0,0_MinorDamage,0_MinorDamage,grid_0.005_23288_19588,grid_0.005_23288_19588,GFA5Eq24e1SxuJVjWM0kyt,677073910915512,677073910915512,2022-10-20T16:02:23Z,train
001027,train,26.446128090460263,-82.04180002212524,0,0_MinorDamage,0_MinorDamage,grid_0.005_23289_19591,grid_0.005_23289_19591,ZoPOLpxfckCaEiQWqzs2Hg,6789036274481272,6789036274481272,2022-10-20T16:04:59Z,train
001028,train,26.439811905957868,-82.08028972148897,0,0_MinorDamage,0_MinorDamage,grid_0.005_23287_19583,grid_0.005_23287_19583,eGaqwKdfoI8yJ7kgjAtD3F,679175193627962,679175193627962,2022-10-22T17:33:24Z,train
001029,train,26.44228558600813,-82.10694015026093,0,0_MinorDamage,0_MinorDamage,grid_0.005_23288_19578,grid_0.005_23288_19578,eXyup5h9qxj1LgGNY3DQiP,6797935110259155,6797935110259155,2022-10-22T17:37:06Z,train
001030,train,26.43560892973408,-82.07962989807129,0,0_MinorDamage,0_MinorDamage,grid_0.005_23287_19584,grid_0.005_23287_19584,FDdzYnaCWL8jJN0GwxMkmV,680774007108056,680774007108056,2022-10-21T16:39:16Z,train
001031,val,26.562864595013338,-81.97073221206665,0,0_MinorDamage,0_MinorDamage,grid_0.005_23312_19605,grid_0.005_23312_19605,84IwNrn1PYRjEtAhZ7g3TV,681024923610905,681024923610905,2022-10-02T12:00:17.142000Z,train
001032,train,26.588896523257205,-81.94116353988647,0,0_MinorDamage,0_MinorDamage,grid_0.005_23317_19611,grid_0.005_23317_19611,wiH9IhMKLGuXlbgzVC2asf,681149093711233,681149093711233,2022-10-02T11:19:54.500000Z,train
001033,train,26.58918434784549,-81.88468158245087,0,0_MinorDamage,0_MinorDamage,grid_0.005_23317_19623,grid_0.005_23317_19623,LAfaqUIhtYyXgkoBSlTnVQ,6815871181758844,6815871181758844,2022-09-30T15:25:35Z,train
001034,train,26.57025354305044,-81.90268993377684,0,0_MinorDamage,0_MinorDamage,grid_0.005_23314_19619,grid_0.005_23314_19619,R6NX8Ev17S4qMjZcJWGtfd,683317106961656,683317106961656,2022-10-11T15:19:33Z,train
001035,train,26.56031193860236,-81.95796489715576,0,0_MinorDamage,0_MinorDamage,grid_0.005_23312_19608,grid_0.005_23312_19608,lR0cupJwszIVy8CWaMS2jT,684698919994777,684698919994777,2022-10-02T11:47:22Z,train
001036,train,26.551679508261216,-81.98243737220764,0,0_MinorDamage,0_MinorDamage,grid_0.005_23310_19603,grid_0.005_23310_19603,LdAR3S0E9p7g5saOr1qQXy,685004729801941,685004729801941,2022-10-02T12:03:52Z,train
001037,train,26.65253130416265,-82.04542636871338,0,0_MinorDamage,0_MinorDamage,grid_0.005_23330_19590,grid_0.005_23330_19590,IOV8FkeKfqNbr4CDJx7ptQ,686141252925034,686141252925034,2022-10-02T12:38:22.571000Z,train
001038,val,26.4440051225949,-82.05849945545197,0,0_MinorDamage,0_MinorDamage,grid_0.005_23288_19588,grid_0.005_23288_19588,vItnjg2h4oOkUXx819qbfM,686295843230115,686295843230115,2022-10-21T20:15:05Z,train
001039,train,26.450508389186624,-82.02577650547028,0,0_MinorDamage,0_MinorDamage,grid_0.005_23290_19594,grid_0.005_23290_19594,oA4ekOPWvzdE6Gc3J0qSLM,687270412877883,687270412877883,2022-10-21T17:58:27Z,train
001040,train,26.43880320564532,-82.07581579685211,0,0_MinorDamage,0_MinorDamage,grid_0.005_23287_19584,grid_0.005_23287_19584,FDdzYnaCWL8jJN0GwxMkmV,687334229791629,687334229791629,2022-10-21T16:41:51Z,train
001041,train,26.60775709740152,-81.9320547580719,0,0_MinorDamage,0_MinorDamage,grid_0.005_23321_19613,grid_0.005_23321_19613,F1Y8svo2KIARXjJT6xUNkD,687515986553068,687515986553068,2022-10-01T18:08:38Z,train
001042,train,26.4371604462358,-82.07406163215637,0,0_MinorDamage,0_MinorDamage,grid_0.005_23287_19585,grid_0.005_23287_19585,lAtIQeO0Rwg2YVoC6Pa93F,688034946421004,688034946421004,2022-10-22T19:29:51Z,train
001043,train,26.456521422677824,-82.0425671339035,0,0_MinorDamage,0_MinorDamage,grid_0.005_23291_19591,grid_0.005_23291_19591,cjXdAN6SYHtunWF5TIOlCq,688360856101409,688360856101409,2022-10-21T18:54:54Z,train
001044,train,26.432006256676388,-82.06396043300629,0,0_MinorDamage,0_MinorDamage,grid_0.005_23286_19587,grid_0.005_23286_19587,d9OWh4IQeMXLPraFD8HZpy,694311029106961,694311029106961,2022-10-21T17:05:17Z,train
001045,val,26.44490330608205,-82.05612301826477,0,0_MinorDamage,0_MinorDamage,grid_0.005_23288_19588,grid_0.005_23288_19588,vItnjg2h4oOkUXx819qbfM,694660435468215,694660435468215,2022-10-21T20:14:25Z,train
001046,train,26.439629379889027,-82.0629358291626,0,0_MinorDamage,0_MinorDamage,grid_0.005_23287_19587,grid_0.005_23287_19587,X52NQsIPtuAZHEwoBkDhqv,694805402226520,694805402226520,2022-10-21T16:55:42Z,train
001047,train,26.45080136374964,-82.02117919921875,0,0_MinorDamage,0_MinorDamage,grid_0.005_23290_19595,grid_0.005_23290_19595,oA4ekOPWvzdE6Gc3J0qSLM,696045321975654,696045321975654,2022-10-21T17:51:05Z,test
001048,train,26.451300859646693,-82.05613374710083,0,0_MinorDamage,0_MinorDamage,grid_0.005_23290_19588,grid_0.005_23290_19588,6Enx3OZopQHazvV5Aye4tg,696666001999027,696666001999027,2022-10-21T19:37:53Z,train
001049,train,26.5813888429781,-81.93850815296173,0,0_MinorDamage,0_MinorDamage,grid_0.005_23316_19612,grid_0.005_23316_19612,VjcnOwJsdb8SemI4xUPD7K,696702711775478,696702711775478,2022-10-02T11:32:03Z,test
001050,test,26.46010411921928,-82.03337788581848,0,0_MinorDamage,0_MinorDamage,grid_0.005_23292_19593,grid_0.005_23292_19593,vJTbXQK6BOxPeaoVgcHlrM,6971986612816083,6971986612816083,2022-10-22T19:51:20Z,train
001051,train,26.644749706897134,-82.04933166503906,0,0_MinorDamage,0_MinorDamage,grid_0.005_23328_19590,grid_0.005_23328_19590,XefzjmUaV32kJsGZDPnY6B,697681181662015,697681181662015,2022-10-02T12:41:31.250000Z,train
001052,val,26.440162547331497,-82.05841898918152,0,0_MinorDamage,0_MinorDamage,grid_0.005_23288_19588,grid_0.005_23288_19588,X52NQsIPtuAZHEwoBkDhqv,697725602003399,697725602003399,2022-10-21T16:57:00Z,train
001053,train,26.60210692603528,-82.0249128341675,0,0_MinorDamage,0_MinorDamage,grid_0.005_23320_19595,grid_0.005_23320_19595,wtW748o169ZOVqShdaXple,697837078314420,697837078314420,2022-10-02T12:25:53.400000Z,train
001054,train,26.42812965469152,-82.10180640220642,0,0_MinorDamage,0_MinorDamage,grid_0.005_23285_19579,grid_0.005_23285_19579,5ZrTVbvnpkBCqAUuj4foc1,698113998442646,698113998442646,2022-10-22T18:30:00Z,train
001055,train,26.433639482417064,-82.0599853992462,0,0_MinorDamage,0_MinorDamage,grid_0.005_23286_19588,grid_0.005_23286_19588,X52NQsIPtuAZHEwoBkDhqv,698432988445716,698432988445716,2022-10-21T16:59:54Z,test
001056,val,26.44158431511612,-82.05842435359955,0,0_MinorDamage,0_MinorDamage,grid_0.005_23288_19588,grid_0.005_23288_19588,GFA5Eq24e1SxuJVjWM0kyt,699747108627418,699747108627418,2022-10-20T16:02:33Z,train
001057,train,26.56212087580053,-81.95790588855743,0,0_MinorDamage,0_MinorDamage,grid_0.005_23312_19608,grid_0.005_23312_19608,tIAfNHcP8OTlo2Xp1krhSu,700808601480686,700808601480686,2022-10-02T11:57:49Z,train
001058,train,26.47093317411656,-82.0283567905426,0,0_MinorDamage,0_MinorDamage,grid_0.005_23294_19594,grid_0.005_23294_19594,V5ucivCID0wpRWN2z19Gsg,701135358508695,701135358508695,2022-10-22T19:53:08Z,train
001059,train,26.455186287409177,-82.03579187393188,0,0_MinorDamage,0_MinorDamage,grid_0.005_23291_19592,grid_0.005_23291_19592,vJTbXQK6BOxPeaoVgcHlrM,703071551548619,703071551548619,2022-10-22T19:50:32Z,train
001060,train,26.607128781440693,-82.03031480312347,0,0_MinorDamage,0_MinorDamage,grid_0.005_23321_19593,grid_0.005_23321_19593,odESNfzg9IKCl41Vkcmr7X,703578701498795,703578701498795,2022-10-01T18:48:55Z,train
001061,train,26.433154320716355,-82.06090807914734,0,0_MinorDamage,0_MinorDamage,grid_0.005_23286_19587,grid_0.005_23286_19587,d9OWh4IQeMXLPraFD8HZpy,703947181386399,703947181386399,2022-10-21T17:00:05Z,train
001062,train,26.65269431408366,-82.05529689788817,0,0_MinorDamage,0_MinorDamage,grid_0.005_23330_19588,grid_0.005_23330_19588,IOV8FkeKfqNbr4CDJx7ptQ,704399611022445,704399611022445,2022-10-02T12:39:37.333000Z,train
001063,test,26.44901949054514,-82.02543318271637,0,0_MinorDamage,0_MinorDamage,grid_0.005_23289_19594,grid_0.005_23289_19594,nyw9GxcmVequiNU27Ka6LA,705402947708779,705402947708779,2022-10-21T18:44:42Z,train
001064,train,26.43292374810304,-82.06109583377838,0,0_MinorDamage,0_MinorDamage,grid_0.005_23286_19587,grid_0.005_23286_19587,d9OWh4IQeMXLPraFD8HZpy,706277041217047,706277041217047,2022-10-21T17:04:36Z,train
001065,train,26.650019004177977,-82.03937530517578,0,0_MinorDamage,0_MinorDamage,grid_0.005_23330_19592,grid_0.005_23330_19592,4crG6kVX27QyMhtvTZqasA,706431897456027,706431897456027,2022-10-02T12:36:30.142000Z,train
001066,train,26.562082490161785,-82.01719880104065,0,0_MinorDamage,0_MinorDamage,grid_0.005_23312_19596,grid_0.005_23312_19596,TsSrYVLcjRQlIymM5oNWJ2,708107717157770,708107717157770,2022-10-02T12:17:24.500000Z,train
001067,train,26.637629296569173,-82.03943967819214,0,0_MinorDamage,0_MinorDamage,grid_0.005_23327_19592,grid_0.005_23327_19592,U68fF4V9iwhXobvN7Du1SP,708289023823369,708289023823369,2022-10-02T12:34:47Z,train
001069,val,26.453913572110963,-82.03643023967743,0,0_MinorDamage,0_MinorDamage,grid_0.005_23290_19592,grid_0.005_23290_19592,hVtUpWFmwBTMDKgo9CRPIS,711089817234170,711089817234170,2022-10-21T21:23:12Z,train
001070,val,26.44406756338469,-82.05836534500122,0,0_MinorDamage,0_MinorDamage,grid_0.005_23288_19588,grid_0.005_23288_19588,mOxFlgIhNsDMV6H72nawdZ,712099910680526,712099910680526,2022-10-22T16:51:02Z,train
001071,train,26.450138567772413,-82.02112555503845,0,0_MinorDamage,0_MinorDamage,grid_0.005_23290_19595,grid_0.005_23290_19595,oA4ekOPWvzdE6Gc3J0qSLM,712339683685207,712339683685207,2022-10-21T17:50:48Z,train
001072,val,26.444802440905832,-82.05610692501068,0,0_MinorDamage,0_MinorDamage,grid_0.005_23288_19588,grid_0.005_23288_19588,6Enx3OZopQHazvV5Aye4tg,712349787132358,712349787132358,2022-10-21T19:36:51Z,train
001073,train,26.556262118932693,-81.98244273662566,0,0_MinorDamage,0_MinorDamage,grid_0.005_23311_19603,grid_0.005_23311_19603,ixkKL50cubymHt6NBgvFT3,712727663608142,712727663608142,2022-10-02T12:03:07.666000Z,test
001074,val,26.43930755690539,-82.06631004810333,0,0_MinorDamage,0_MinorDamage,grid_0.005_23287_19586,grid_0.005_23287_19586,ojkNER9alymT7XHIBhWvS2,712852130519323,712852130519323,2022-10-21T16:44:44Z,train
001075,train,26.44915877542769,-82.05609083175659,0,0_MinorDamage,0_MinorDamage,grid_0.005_23289_19588,grid_0.005_23289_19588,6Enx3OZopQHazvV5Aye4tg,713471983619819,713471983619819,2022-10-21T19:37:35Z,train
001076,test,26.46140558056928,-82.03276097774506,0,0_MinorDamage,0_MinorDamage,grid_0.005_23292_19593,grid_0.005_23292_19593,hVtUpWFmwBTMDKgo9CRPIS,715741380143766,715741380143766,2022-10-21T21:24:32Z,train
001077,test,26.449643869738225,-82.02887713909149,0,0_MinorDamage,0_MinorDamage,grid_0.005_23289_19594,grid_0.005_23289_19594,nyw9GxcmVequiNU27Ka6LA,715940056704694,715940056704694,2022-10-21T18:41:31Z,train
001078,train,26.43234731455172,-82.06327915191649,0,0_MinorDamage,0_MinorDamage,grid_0.005_23286_19587,grid_0.005_23286_19587,d9OWh4IQeMXLPraFD8HZpy,716254250026103,716254250026103,2022-10-21T17:05:08Z,train
001079,train,26.42955157093114,-82.05834925174713,0,0_MinorDamage,0_MinorDamage,grid_0.005_23285_19588,grid_0.005_23285_19588,d9OWh4IQeMXLPraFD8HZpy,716440773487233,716440773487233,2022-10-21T17:06:55Z,train
001080,val,26.451906015235,-82.0371276140213,0,0_MinorDamage,0_MinorDamage,grid_0.005_23290_19592,grid_0.005_23290_19592,hVtUpWFmwBTMDKgo9CRPIS,716884810142085,716884810142085,2022-10-21T21:22:50Z,train
001081,train,26.64460586461736,-81.86494052410126,0,0_MinorDamage,0_MinorDamage,grid_0.005_23328_19627,grid_0.005_23328_19627,OxYSHNnDlusU3fieJTMwZE,717605633704168,717605633704168,2022-10-04T17:44:10Z,train
001083,test,26.449274045547952,-82.03938066959381,0,0_MinorDamage,0_MinorDamage,grid_0.005_23289_19592,grid_0.005_23289_19592,uGWfqep3o2ws7cldtXQBLk,718105226636401,718105226636401,2022-10-21T19:06:07Z,train
001084,train,26.43145383684987,-82.06185221672058,0,0_MinorDamage,0_MinorDamage,grid_0.005_23286_19587,grid_0.005_23286_19587,d9OWh4IQeMXLPraFD8HZpy,719464563111697,719464563111697,2022-10-21T17:01:11Z,train
001085,train,26.439883955642287,-82.04291045665741,0,0_MinorDamage,0_MinorDamage,grid_0.005_23287_19591,grid_0.005_23287_19591,PioLgY63BXl1ItahOyTeME,719874722967785,719874722967785,2022-10-21T17:11:27Z,train
001086,train,26.45543602611857,-82.04156935214996,0,0_MinorDamage,0_MinorDamage,grid_0.005_23291_19591,grid_0.005_23291_19591,cjXdAN6SYHtunWF5TIOlCq,721170869624723,721170869624723,2022-10-21T18:54:40Z,train
001087,val,26.450892617969487,-82.03335106372833,0,0_MinorDamage,0_MinorDamage,grid_0.005_23290_19593,grid_0.005_23290_19593,9UT5ZHyS3c7kMrjfsgzh10,721197423347408,721197423347408,2022-10-20T18:11:08Z,train
001088,train,26.43891368277683,-82.0438814163208,0,0_MinorDamage,0_MinorDamage,grid_0.005_23287_19591,grid_0.005_23287_19591,PioLgY63BXl1ItahOyTeME,721318426378351,721318426378351,2022-10-21T17:10:56Z,train
001089,train,26.439139440064,-82.06291973590851,0,0_MinorDamage,0_MinorDamage,grid_0.005_23287_19587,grid_0.005_23287_19587,X52NQsIPtuAZHEwoBkDhqv,723761585809427,723761585809427,2022-10-21T16:55:34Z,train
001090,train,26.446200136194605,-82.06254422664641,0,0_MinorDamage,0_MinorDamage,grid_0.005_23289_19587,grid_0.005_23289_19587,mOxFlgIhNsDMV6H72nawdZ,723786306171462,723786306171462,2022-10-22T16:55:06Z,train
001091,test,26.440810990895912,-82.06104755401611,0,0_MinorDamage,0_MinorDamage,grid_0.005_23288_19587,grid_0.005_23288_19587,X52NQsIPtuAZHEwoBkDhqv,724154516046963,724154516046963,2022-10-21T16:56:17Z,train
001092,train,26.445450858354818,-82.0438277721405,0,0_MinorDamage,0_MinorDamage,grid_0.005_23289_19591,grid_0.005_23289_19591,ZoPOLpxfckCaEiQWqzs2Hg,725543609375685,725543609375685,2022-10-20T16:04:43Z,train
001093,val,26.439254720210258,-82.06649243831635,0,0_MinorDamage,0_MinorDamage,grid_0.005_23287_19586,grid_0.005_23287_19586,ojkNER9alymT7XHIBhWvS2,726137689164683,726137689164683,2022-10-21T16:44:42Z,train
001094,train,26.439706233005907,-82.07917928695679,0,0_MinorDamage,0_MinorDamage,grid_0.005_23287_19584,grid_0.005_23287_19584,eGaqwKdfoI8yJ7kgjAtD3F,727303905784032,727303905784032,2022-10-22T17:33:06Z,train
001095,train,26.445244325785723,-82.04472362995148,0,0_MinorDamage,0_MinorDamage,grid_0.005_23289_19591,grid_0.005_23289_19591,uGWfqep3o2ws7cldtXQBLk,727567105359674,727567105359674,2022-10-21T19:07:25Z,train
001096,train,26.72855014166912,-82.0632952451706,0,0_MinorDamage,0_MinorDamage,grid_0.005_23345_19587,grid_0.005_23345_19587,lNF4GEDycBA6ZfXdQtuV10,728258735721331,728258735721331,2022-10-06T18:44:44Z,train
001097,train,26.446983030269053,-82.05608546733856,0,0_MinorDamage,0_MinorDamage,grid_0.005_23289_19588,grid_0.005_23289_19588,vItnjg2h4oOkUXx819qbfM,728590108584440,728590108584440,2022-10-21T20:14:02Z,train
001098,train,26.4414642340559,-82.0384955406189,0,0_MinorDamage,0_MinorDamage,grid_0.005_23288_19592,grid_0.005_23288_19592,oAbgmNBZR9JTjufiX5eCxP,729210255622481,729210255622481,2022-10-20T17:03:07Z,train
001099,train,26.442583384684752,-82.03386604785918,0,0_MinorDamage,0_MinorDamage,grid_0.005_23288_19593,grid_0.005_23288_19593,5bS0CBxDknPTVWIs6OLvru,729569041792696,729569041792696,2022-10-21T17:18:53Z,train
001100,val,26.44462952896967,-82.04708397388458,0,0_MinorDamage,0_MinorDamage,grid_0.005_23288_19590,grid_0.005_23288_19590,6Enx3OZopQHazvV5Aye4tg,730047425508306,730047425508306,2022-10-21T19:34:54Z,test
001101,train,26.486754727809355,-81.99329495429993,0,0_MinorDamage,0_MinorDamage,grid_0.005_23297_19601,grid_0.005_23297_19601,5G4oivF6N8ElUMxufdBjA7,731054474977247,731054474977247,2022-10-21T21:32:25Z,test
001102,train,26.438649498155712,-82.07592844963074,0,0_MinorDamage,0_MinorDamage,grid_0.005_23287_19584,grid_0.005_23287_19584,FDdzYnaCWL8jJN0GwxMkmV,731630265000787,731630265000787,2022-10-21T16:41:57Z,train
001103,train,26.42853797702844,-82.08015024662018,0,0_MinorDamage,0_MinorDamage,grid_0.005_23285_19583,grid_0.005_23285_19583,8zouvat6BbkWiE0A1VYwfq,732806592186428,732806592186428,2022-10-22T19:08:36Z,test
001104,train,26.508670825026428,-81.96554481983186,0,0_MinorDamage,0_MinorDamage,grid_0.005_23301_19606,grid_0.005_23301_19606,UiTVbHcRCdI730PgBtJYFL,734832291730556,734832291730556,2022-10-02T16:14:38Z,train
001105,train,26.442338421313394,-82.10711181163788,0,0_MinorDamage,0_MinorDamage,grid_0.005_23288_19578,grid_0.005_23288_19578,eXyup5h9qxj1LgGNY3DQiP,735101081638360,735101081638360,2022-10-22T17:37:08Z,train
001106,val,26.444874487469274,-82.04605400562286,0,0_MinorDamage,0_MinorDamage,grid_0.005_23288_19590,grid_0.005_23288_19590,vJTbXQK6BOxPeaoVgcHlrM,735507201709667,735507201709667,2022-10-22T19:46:42Z,train
001107,train,26.454091272827696,-82.04019069671631,0,0_MinorDamage,0_MinorDamage,grid_0.005_23290_19591,grid_0.005_23290_19591,cjXdAN6SYHtunWF5TIOlCq,736293157716767,736293157716767,2022-10-21T18:54:21Z,train
001108,train,26.50339982127609,-81.97797954082489,0,0_MinorDamage,0_MinorDamage,grid_0.005_23300_19604,grid_0.005_23300_19604,gGiay1PDJMqSpoxQ67F2fE,737106018169327,737106018169327,2022-10-02T15:44:56Z,train
001109,train,26.43944205020192,-82.07544565200807,0,0_MinorDamage,0_MinorDamage,grid_0.005_23287_19584,grid_0.005_23287_19584,FDdzYnaCWL8jJN0GwxMkmV,737982931218996,737982931218996,2022-10-21T16:42:33Z,train
001110,train,26.43275562194837,-82.06208825111389,0,0_MinorDamage,0_MinorDamage,grid_0.005_23286_19587,grid_0.005_23286_19587,d9OWh4IQeMXLPraFD8HZpy,738388487481099,738388487481099,2022-10-21T17:04:54Z,train
001111,train,26.44804449165092,-82.05184757709502,0,0_MinorDamage,0_MinorDamage,grid_0.005_23289_19589,grid_0.005_23289_19589,fkzvtDXqFTJgKBrMpHPWEi,740710864066698,740710864066698,2022-10-21T20:12:13Z,train
001112,train,26.59858621974213,-81.89718604087828,0,0_MinorDamage,0_MinorDamage,grid_0.005_23319_19620,grid_0.005_23319_19620,58xtDewj9SdKLG2ypNfMmT,742105427713958,742105427713958,2022-10-01T18:05:29Z,train
001113,train,26.454177721725912,-82.04031944274902,0,0_MinorDamage,0_MinorDamage,grid_0.005_23290_19591,grid_0.005_23290_19591,cjXdAN6SYHtunWF5TIOlCq,748792169923991,748792169923991,2022-10-21T18:54:23Z,train
001114,train,26.42810083188367,-82.08013951778412,0,0_MinorDamage,0_MinorDamage,grid_0.005_23285_19583,grid_0.005_23285_19583,8isur9JBeVPXWMDpmQNSqw,749283933550697,749283933550697,2022-10-20T15:57:11Z,train
001115,train,26.43354821453032,-82.10378587245941,0,0_MinorDamage,0_MinorDamage,grid_0.005_23286_19579,grid_0.005_23286_19579,0M2YgdFsf6GZmIwQJy5APK,749775893613240,749775893613240,2022-10-22T18:21:49Z,train
001116,train,26.449629461025765,-82.04450905323029,0,0_MinorDamage,0_MinorDamage,grid_0.005_23289_19591,grid_0.005_23289_19591,6e3WJg5uL72BZAq0QDM9hj,750718096808200,750718096808200,2022-10-20T16:58:37Z,train
001117,train,26.435604126244968,-82.07945823669434,0,0_MinorDamage,0_MinorDamage,grid_0.005_23287_19584,grid_0.005_23287_19584,GFA5Eq24e1SxuJVjWM0kyt,751281366752455,751281366752455,2022-10-20T15:58:59Z,train
001118,train,26.552826377749724,-81.95785760879517,0,0_MinorDamage,0_MinorDamage,grid_0.005_23310_19608,grid_0.005_23310_19608,iQ8qdRyzw1sO690ZmthlMa,752746483211098,752746483211098,2022-10-01T19:23:40Z,train
001119,val,26.442127079947,-82.04685866832733,0,0_MinorDamage,0_MinorDamage,grid_0.005_23288_19590,grid_0.005_23288_19590,CDu3ifjIyq6W2ZEgm9Jecs,758095276322171,758095276322171,2022-10-22T19:34:36Z,train
001120,test,26.44776591902232,-82.03979909420013,0,0_MinorDamage,0_MinorDamage,grid_0.005_23289_19592,grid_0.005_23289_19592,ZoPOLpxfckCaEiQWqzs2Hg,758424082953245,758424082953245,2022-10-20T16:05:37Z,train
001121,val,26.443990713177087,-82.05852627754211,0,0_MinorDamage,0_MinorDamage,grid_0.005_23288_19588,grid_0.005_23288_19588,wsuK3zob9RL5EY1FcZThlt,758823302657880,758823302657880,2022-10-22T17:06:05Z,train
001122,test,26.448452743423857,-82.03960597515106,0,0_MinorDamage,0_MinorDamage,grid_0.005_23289_19592,grid_0.005_23289_19592,uGWfqep3o2ws7cldtXQBLk,759220839155253,759220839155253,2022-10-21T19:06:16Z,train
001123,train,26.42506478910101,-82.08010733127594,0,0_MinorDamage,0_MinorDamage,grid_0.005_23285_19583,grid_0.005_23285_19583,8isur9JBeVPXWMDpmQNSqw,760369789109451,760369789109451,2022-10-20T15:56:41Z,train
001124,train,26.590973641135093,-82.0248430967331,0,0_MinorDamage,0_MinorDamage,grid_0.005_23318_19595,grid_0.005_23318_19595,vq7tLagm23c10F69GpHouZ,764202008824434,764202008824434,2022-10-01T18:53:49Z,train
001125,test,26.42858601485532,-82.09960162639618,0,0_MinorDamage,0_MinorDamage,grid_0.005_23285_19580,grid_0.005_23285_19580,n0eqGd6TKA3CmjSspwxEUl,769348114977468,769348114977468,2022-10-22T18:31:43Z,train
001126,test,26.44706948450317,-82.03923046588898,0,0_MinorDamage,0_MinorDamage,grid_0.005_23289_19592,grid_0.005_23289_19592,oAbgmNBZR9JTjufiX5eCxP,770392284873626,770392284873626,2022-10-20T17:01:50Z,train
001127,train,26.4470790905252,-82.05608546733856,0,0_MinorDamage,0_MinorDamage,grid_0.005_23289_19588,grid_0.005_23289_19588,vItnjg2h4oOkUXx819qbfM,770401971132768,770401971132768,2022-10-21T20:14:01Z,train
001128,train,26.60431330799736,-81.86735451221466,0,0_MinorDamage,0_MinorDamage,grid_0.005_23320_19626,grid_0.005_23320_19626,vcSl4NqPnwEhQ5OeCxbJXf,773533314516322,773533314516322,2022-09-30T19:22:19Z,train
001129,train,26.556550025529248,-81.90240025520325,0,0_MinorDamage,0_MinorDamage,grid_0.005_23311_19619,grid_0.005_23311_19619,x5dDWwRLGpSfraO7AbKz16,773538170981156,773538170981156,2022-09-29T19:19:42Z,train
001130,train,26.430305755871974,-82.05666482448578,0,0_MinorDamage,0_MinorDamage,grid_0.005_23286_19588,grid_0.005_23286_19588,njtp7LVIeUbyEwXSkgYzCT,775518827700562,775518827700562,2022-10-20T13:39:35Z,train
001131,train,26.53797856951188,-82.19446063041687,0,0_MinorDamage,0_MinorDamage,grid_0.005_23307_19561,grid_0.005_23307_19561,6o40Ksad9vEmtgTrx7VLPR,775831340678624,775831340678624,2022-10-20T14:56:35Z,train
001132,train,26.508661224146564,-81.96637630462646,0,0_MinorDamage,0_MinorDamage,grid_0.005_23301_19606,grid_0.005_23301_19606,UiTVbHcRCdI730PgBtJYFL,780546640205610,780546640205610,2022-10-02T16:14:27Z,train
001133,val,26.43914424340572,-82.0668625831604,0,0_MinorDamage,0_MinorDamage,grid_0.005_23287_19586,grid_0.005_23287_19586,lAtIQeO0Rwg2YVoC6Pa93F,782608013414645,782608013414645,2022-10-22T19:30:57Z,train
001134,train,26.588330466122443,-81.884885430336,0,0_MinorDamage,0_MinorDamage,grid_0.005_23317_19623,grid_0.005_23317_19623,LAfaqUIhtYyXgkoBSlTnVQ,782812989932158,782812989932158,2022-09-30T15:23:30Z,train
001135,train,26.61887915739466,-81.87051951885223,0,0_MinorDamage,0_MinorDamage,grid_0.005_23323_19625,grid_0.005_23323_19625,BW1snhSTmPNKyJMAcQHvxt,783040003470733,783040003470733,2022-10-04T18:15:48Z,train
001136,train,26.424973514425005,-82.08010196685791,0,0_MinorDamage,0_MinorDamage,grid_0.005_23284_19583,grid_0.005_23284_19583,8isur9JBeVPXWMDpmQNSqw,783164640205043,783164640205043,2022-10-20T15:56:40Z,train
001137,val,26.43875997543458,-82.06827878952025,0,0_MinorDamage,0_MinorDamage,grid_0.005_23287_19586,grid_0.005_23287_19586,GIdmeE2xtHZPsDkr8qAcoB,783624836644484,783624836644484,2022-10-22T17:23:52Z,train
001138,train,26.427356240183343,-82.08012878894806,0,0_MinorDamage,0_MinorDamage,grid_0.005_23285_19583,grid_0.005_23285_19583,8isur9JBeVPXWMDpmQNSqw,784397849793952,784397849793952,2022-10-20T15:57:04Z,train
001139,train,26.60465385446578,-81.87580347061157,0,0_MinorDamage,0_MinorDamage,grid_0.005_23320_19624,grid_0.005_23320_19624,vcSl4NqPnwEhQ5OeCxbJXf,785297973101095,785297973101095,2022-09-30T19:20:32Z,train
001140,train,26.430373007792667,-82.09874331951141,0,0_MinorDamage,0_MinorDamage,grid_0.005_23286_19580,grid_0.005_23286_19580,5ZrTVbvnpkBCqAUuj4foc1,785440466395218,785440466395218,2022-10-22T18:24:38Z,train
001141,train,26.619742402706123,-81.87012791633606,0,0_MinorDamage,0_MinorDamage,grid_0.005_23323_19625,grid_0.005_23323_19625,BW1snhSTmPNKyJMAcQHvxt,786351409621970,786351409621970,2022-10-04T18:15:03Z,train
001142,train,26.581681483825903,-82.02409207820892,0,0_MinorDamage,0_MinorDamage,grid_0.005_23316_19595,grid_0.005_23316_19595,5wczXGIBWDLksvTdh2g8JS,786692646198920,786692646198920,2022-10-01T18:55:00Z,train
001143,train,26.4493749068085,-82.0308244228363,0,0_MinorDamage,0_MinorDamage,grid_0.005_23289_19593,grid_0.005_23289_19593,qLOwB6Mxsdzou8VFbWP7SU,787383673060208,787383673060208,2022-10-20T17:27:35Z,train
001144,val,26.453678238307205,-82.03956842422485,0,0_MinorDamage,0_MinorDamage,grid_0.005_23290_19592,grid_0.005_23290_19592,0DuASRpWhNdcQmeEMBIaX8,787627943156627,787627943156627,2022-10-20T16:23:39Z,train
001145,train,26.62742979425522,-81.88039004802704,0,0_MinorDamage,0_MinorDamage,grid_0.005_23325_19623,grid_0.005_23325_19623,Em7Mc1GUux6lXtdyqTzJRF,788018409703674,788018409703674,2022-09-30T20:18:43Z,train
001146,train,26.43022409277264,-82.08015561103821,0,0_MinorDamage,0_MinorDamage,grid_0.005_23286_19583,grid_0.005_23286_19583,8isur9JBeVPXWMDpmQNSqw,788199822805193,788199822805193,2022-10-20T15:57:29Z,train
001147,train,26.43091102174573,-82.06674993038177,0,0_MinorDamage,0_MinorDamage,grid_0.005_23286_19586,grid_0.005_23286_19586,njtp7LVIeUbyEwXSkgYzCT,788618456046779,788618456046779,2022-10-20T13:41:45Z,train
001148,train,26.60715755934639,-82.02593207359314,0,0_MinorDamage,0_MinorDamage,grid_0.005_23321_19594,grid_0.005_23321_19594,odESNfzg9IKCl41Vkcmr7X,789653692799486,789653692799486,2022-10-01T18:49:17Z,train
001149,train,26.527146231377326,-81.93282723426819,0,0_MinorDamage,0_MinorDamage,grid_0.005_23305_19613,grid_0.005_23305_19613,0dpIPURQ5m1EHrfXvBolaS,789832719390728,789832719390728,2022-09-30T16:01:47Z,train
001150,test,26.446497924751824,-82.02553510665892,0,0_MinorDamage,0_MinorDamage,grid_0.005_23289_19594,grid_0.005_23289_19594,oAbgmNBZR9JTjufiX5eCxP,790210309414728,790210309414728,2022-10-20T17:07:35Z,train
001151,train,26.59349203604293,-81.86949491500854,0,0_MinorDamage,0_MinorDamage,grid_0.005_23318_19626,grid_0.005_23318_19626,2AYe0zdjnrpBli3h8SILkF,790409392621853,790409392621853,2022-09-29T21:38:00Z,train
001152,val,26.45238629518448,-82.03855454921724,0,0_MinorDamage,0_MinorDamage,grid_0.005_23290_19592,grid_0.005_23290_19592,0YIfZrHA3aCDs75ngd9Kcx,790642399376903,790642399376903,2022-10-20T16:34:57Z,train
001153,train,26.43141060388216,-82.09622740745544,0,0_MinorDamage,0_MinorDamage,grid_0.005_23286_19580,grid_0.005_23286_19580,5ZrTVbvnpkBCqAUuj4foc1,791063319329054,791063319329054,2022-10-22T18:25:48Z,train
001154,train,26.55816708747679,-82.03160226345062,0,0_MinorDamage,0_MinorDamage,grid_0.005_23311_19593,grid_0.005_23311_19593,AlyPK485vh9iLZarzDO1Vw,791074879188229,791074879188229,2022-10-01T19:05:08Z,train
001155,train,26.45533036749993,-82.03571677207947,0,0_MinorDamage,0_MinorDamage,grid_0.005_23291_19592,grid_0.005_23291_19592,vJTbXQK6BOxPeaoVgcHlrM,791452339283026,791452339283026,2022-10-22T19:50:33Z,train
001156,train,26.51765209662496,-82.19224512577058,0,0_MinorDamage,0_MinorDamage,grid_0.005_23303_19561,grid_0.005_23303_19561,5lx9r3DNnpsEXKTiPI0abv,793633495591943,793633495591943,2022-10-20T14:35:59Z,train
001157,train,26.57338170734405,-82.03506767749785,0,0_MinorDamage,0_MinorDamage,grid_0.005_23314_19592,grid_0.005_23314_19592,IbPKsX6RDFErtiJYACNo9z,794912242213222,794912242213222,2022-10-01T18:58:43Z,train
001158,train,26.450926237927,-82.02090561389923,0,0_MinorDamage,0_MinorDamage,grid_0.005_23290_19595,grid_0.005_23290_19595,2GE5DnWJXaevYfqkA4pId1,796343698534401,796343698534401,2022-10-20T17:10:01Z,train
001159,test,26.46263499179805,-82.03214406967163,0,0_MinorDamage,0_MinorDamage,grid_0.005_23292_19593,grid_0.005_23292_19593,V5ucivCID0wpRWN2z19Gsg,796422931920942,796422931920942,2022-10-22T19:51:46Z,train
001160,train,26.443664099222783,-82.06573605537415,0,0_MinorDamage,0_MinorDamage,grid_0.005_23288_19586,grid_0.005_23288_19586,mOxFlgIhNsDMV6H72nawdZ,797110678584524,797110678584524,2022-10-22T16:49:07Z,train
001161,test,26.46337935549603,-82.0317792892456,0,0_MinorDamage,0_MinorDamage,grid_0.005_23292_19593,grid_0.005_23292_19593,V5ucivCID0wpRWN2z19Gsg,797837052017050,797837052017050,2022-10-22T19:51:53Z,test
001162,train,26.553061508570863,-81.95898950099945,0,0_MinorDamage,0_MinorDamage,grid_0.005_23310_19608,grid_0.005_23310_19608,tIAfNHcP8OTlo2Xp1krhSu,798160644606256,798160644606256,2022-10-02T11:56:19.285000Z,train
001163,train,26.5296132339202,-81.92999482154846,0,0_MinorDamage,0_MinorDamage,grid_0.005_23305_19614,grid_0.005_23305_19614,0dpIPURQ5m1EHrfXvBolaS,798314981802435,798314981802435,2022-09-30T16:01:28Z,train
001164,train,26.450695700878384,-82.02449977397919,0,0_MinorDamage,0_MinorDamage,grid_0.005_23290_19595,grid_0.005_23290_19595,qLOwB6Mxsdzou8VFbWP7SU,799231955077655,799231955077655,2022-10-20T17:26:31Z,train
001165,train,26.44035948242952,-82.0429265499115,0,0_MinorDamage,0_MinorDamage,grid_0.005_23288_19591,grid_0.005_23288_19591,XAsVlIPBUv5ME0hunTGam1,799275431787669,799275431787669,2022-10-20T13:34:10Z,train
001166,train,26.50541608077876,-81.97802245616914,0,0_MinorDamage,0_MinorDamage,grid_0.005_23301_19604,grid_0.005_23301_19604,X5lqZsudxrJMCFcQmwtD9L,799558791781296,799558791781296,2022-10-02T17:16:16Z,train
001167,train,26.58923711560816,-81.94181799888611,0,0_MinorDamage,0_MinorDamage,grid_0.005_23317_19611,grid_0.005_23317_19611,6WcRwedpBUgz7IavylYPr0,799849844933405,799849844933405,2022-10-01T19:33:55Z,train
001168,val,26.44387543776952,-82.04990029335022,0,0_MinorDamage,0_MinorDamage,grid_0.005_23288_19590,grid_0.005_23288_19590,CDu3ifjIyq6W2ZEgm9Jecs,799936254870130,799936254870130,2022-10-22T19:33:37Z,train
001169,train,26.437463061570966,-82.07306385040283,0,0_MinorDamage,0_MinorDamage,grid_0.005_23287_19585,grid_0.005_23287_19585,GFA5Eq24e1SxuJVjWM0kyt,799952418390477,799952418390477,2022-10-20T16:00:11Z,train
001170,train,26.456372541454385,-82.04243838787079,0,0_MinorDamage,0_MinorDamage,grid_0.005_23291_19591,grid_0.005_23291_19591,0YIfZrHA3aCDs75ngd9Kcx,800788561656520,800788561656520,2022-10-20T16:33:29Z,train
001172,train,26.5626486770294,-81.90751254558563,0,0_MinorDamage,0_MinorDamage,grid_0.005_23312_19618,grid_0.005_23312_19618,x5dDWwRLGpSfraO7AbKz16,803499954651656,803499954651656,2022-09-29T19:17:39Z,train
001173,train,26.508661224146564,-81.96609735488892,0,0_MinorDamage,0_MinorDamage,grid_0.005_23301_19606,grid_0.005_23301_19606,UiTVbHcRCdI730PgBtJYFL,804391884666815,804391884666815,2022-10-02T16:14:31Z,train
001174,train,26.5583590220985,-81.909921169281,0,0_MinorDamage,0_MinorDamage,grid_0.005_23311_19618,grid_0.005_23311_19618,x5dDWwRLGpSfraO7AbKz16,804475391309175,804475391309175,2022-09-29T19:18:17Z,train
001175,train,26.62633642263061,-81.86605095863342,0,0_MinorDamage,0_MinorDamage,grid_0.005_23325_19626,grid_0.005_23325_19626,0n7hGLKEry3cxT9IVFBND1,804755417613347,804755417613347,2022-09-30T20:14:15Z,train
001176,train,26.5302995695571,-81.929190158844,0,0_MinorDamage,0_MinorDamage,grid_0.005_23306_19614,grid_0.005_23306_19614,0dpIPURQ5m1EHrfXvBolaS,805970967762654,805970967762654,2022-09-30T16:01:23Z,train
001177,train,26.42629939209347,-82.0949238538742,0,0_MinorDamage,0_MinorDamage,grid_0.005_23285_19581,grid_0.005_23285_19581,Rd8l2zEjuKLNrOXf5Q3CDB,806944064287264,806944064287264,2022-10-20T13:50:45Z,test
001178,train,26.48647624886869,-81.99380457401276,0,0_MinorDamage,0_MinorDamage,grid_0.005_23297_19601,grid_0.005_23297_19601,o3urlx7HenjaMLPT9hqkEs,806958557705392,806958557705392,2022-10-22T19:58:42Z,train
001179,train,26.562715851556906,-82.0145058631897,0,0_MinorDamage,0_MinorDamage,grid_0.005_23312_19597,grid_0.005_23312_19597,ujCJMr0AKpFb7W1ESNeTDO,807077794131370,807077794131370,2022-10-01T19:08:20Z,train
001180,train,26.64850392631915,-81.85477495193481,0,0_MinorDamage,0_MinorDamage,grid_0.005_23329_19629,grid_0.005_23329_19629,OxYSHNnDlusU3fieJTMwZE,807207487385397,807207487385397,2022-10-04T17:46:26Z,train
001181,test,26.427303398008945,-82.09781527519226,0,0_MinorDamage,0_MinorDamage,grid_0.005_23285_19580,grid_0.005_23285_19580,Rd8l2zEjuKLNrOXf5Q3CDB,808005570629127,808005570629127,2022-10-20T13:52:39Z,train
001182,train,26.44620493924195,-82.06264615058899,0,0_MinorDamage,0_MinorDamage,grid_0.005_23289_19587,grid_0.005_23289_19587,mOxFlgIhNsDMV6H72nawdZ,808007394371219,808007394371219,2022-10-22T16:55:08Z,train
001183,train,26.66568162104032,-81.88831329345702,0,0_MinorDamage,0_MinorDamage,grid_0.005_23333_19622,grid_0.005_23333_19622,5mMvESRoVi0xUPZ3u67tgj,808015187652060,808015187652060,2022-10-04T19:10:16Z,train
001184,train,26.484382833862128,-81.96767449378969,0,0_MinorDamage,0_MinorDamage,grid_0.005_23296_19606,grid_0.005_23296_19606,VgUWZnMHbBqG2Xlhe1F0xs,808182194077850,808182194077850,2022-09-30T16:17:47Z,train
001185,train,26.531355462522257,-82.1936559677124,0,0_MinorDamage,0_MinorDamage,grid_0.005_23306_19561,grid_0.005_23306_19561,6o40Ksad9vEmtgTrx7VLPR,808464940582029,808464940582029,2022-10-20T14:58:01Z,train
001186,train,26.44022979350035,-82.0662671327591,0,0_MinorDamage,0_MinorDamage,grid_0.005_23288_19586,grid_0.005_23288_19586,wJ8ZYp4KuVjgI6xsXOUWkA,808524914125187,808524914125187,2022-10-22T17:14:27Z,train
001187,train,26.445594950625605,-82.06685721874237,0,0_MinorDamage,0_MinorDamage,grid_0.005_23289_19586,grid_0.005_23289_19586,wsuK3zob9RL5EY1FcZThlt,808575000884554,808575000884554,2022-10-22T16:58:36Z,train
001188,val,26.43911542335237,-82.06696450710297,0,0_MinorDamage,0_MinorDamage,grid_0.005_23287_19586,grid_0.005_23287_19586,GFA5Eq24e1SxuJVjWM0kyt,808684854244673,808684854244673,2022-10-20T16:01:18Z,train
001189,test,26.4498455915233,-82.03766405582427,0,0_MinorDamage,0_MinorDamage,grid_0.005_23289_19592,grid_0.005_23289_19592,vJTbXQK6BOxPeaoVgcHlrM,808905187225102,808905187225102,2022-10-22T19:49:39Z,train
001190,train,26.587898725748232,-81.88446164131165,0,0_MinorDamage,0_MinorDamage,grid_0.005_23317_19623,grid_0.005_23317_19623,LAfaqUIhtYyXgkoBSlTnVQ,809057597244124,809057597244124,2022-09-30T15:23:06Z,train
001191,test,26.447055075468683,-82.03928411006927,0,0_MinorDamage,0_MinorDamage,grid_0.005_23289_19592,grid_0.005_23289_19592,oAbgmNBZR9JTjufiX5eCxP,809115197185604,809115197185604,2022-10-20T17:01:49Z,train
001192,train,26.64389144527649,-82.05013632774353,0,0_MinorDamage,0_MinorDamage,grid_0.005_23328_19589,grid_0.005_23328_19589,drTBZKzuP9aN3QOSstv6cg,809193057502007,809193057502007,2022-10-06T18:22:09Z,train
001193,train,26.55880047050876,-82.03171491622925,0,0_MinorDamage,0_MinorDamage,grid_0.005_23311_19593,grid_0.005_23311_19593,hlR0Dk3AOGdzQXwW45MUnC,809219697291881,809219697291881,2022-10-01T19:01:15Z,train
001194,train,26.45075813804129,-82.02401161193848,0,0_MinorDamage,0_MinorDamage,grid_0.005_23290_19595,grid_0.005_23290_19595,2GE5DnWJXaevYfqkA4pId1,809385054125812,809385054125812,2022-10-20T17:09:15Z,train
001195,train,26.43973024959439,-82.07450687885284,0,0_MinorDamage,0_MinorDamage,grid_0.005_23287_19585,grid_0.005_23287_19585,eGaqwKdfoI8yJ7kgjAtD3F,809436447454640,809436447454640,2022-10-22T17:31:06Z,train
001196,train,26.56271105337765,-82.01408207416534,0,0_MinorDamage,0_MinorDamage,grid_0.005_23312_19597,grid_0.005_23312_19597,ujCJMr0AKpFb7W1ESNeTDO,809840580499303,809840580499303,2022-10-01T19:08:23Z,train
001197,train,26.644744912157407,-82.04865038394928,0,0_MinorDamage,0_MinorDamage,grid_0.005_23328_19590,grid_0.005_23328_19590,AYscjdF84i3BtZO0SMQmNE,809885027415553,809885027415553,2022-10-01T18:43:26Z,train
001198,train,26.43127610121229,-82.06582188606262,0,0_MinorDamage,0_MinorDamage,grid_0.005_23286_19586,grid_0.005_23286_19586,njtp7LVIeUbyEwXSkgYzCT,809951210579436,809951210579436,2022-10-20T13:41:36Z,train
001199,train,26.437208480469025,-82.07390069961548,0,0_MinorDamage,0_MinorDamage,grid_0.005_23287_19585,grid_0.005_23287_19585,lAtIQeO0Rwg2YVoC6Pa93F,810479197183258,810479197183258,2022-10-22T19:29:52Z,train
001200,train,26.553598948637003,-81.95797562599182,0,0_MinorDamage,0_MinorDamage,grid_0.005_23310_19608,grid_0.005_23310_19608,VecsRgmLhUDpGFlidWPAvx,812349233414138,812349233414138,2022-10-01T19:18:03Z,train
001201,train,26.56510052177258,-81.94387257099152,0,0_MinorDamage,0_MinorDamage,grid_0.005_23313_19611,grid_0.005_23313_19611,Rtl3bIkgGFj0NUi9XHQ48v,812944779799373,812944779799373,2022-10-02T11:41:26.333000Z,train
001202,train,26.59267656185358,-81.88353896141052,0,0_MinorDamage,0_MinorDamage,grid_0.005_23318_19623,grid_0.005_23318_19623,4qwBospeLyEXaUHTk08C9j,813015660313978,813015660313978,2022-09-30T19:14:46Z,test
001203,train,26.562749438805863,-81.9801253080368,0,0_MinorDamage,0_MinorDamage,grid_0.005_23312_19603,grid_0.005_23312_19603,D6APhLYyJ4Qn795ZzMigtk,814299169877334,814299169877334,2022-10-01T19:13:25Z,train
001204,train,26.552644031066663,-81.95785760879517,0,0_MinorDamage,0_MinorDamage,grid_0.005_23310_19608,grid_0.005_23310_19608,iQ8qdRyzw1sO690ZmthlMa,814312013461393,814312013461393,2022-10-01T19:23:36Z,train
001205,train,26.583797110985785,-81.88212275505066,0,0_MinorDamage,0_MinorDamage,grid_0.005_23316_19623,grid_0.005_23316_19623,4qwBospeLyEXaUHTk08C9j,814317866767172,814317866767172,2022-09-30T19:13:01Z,train
001206,train,26.58383069205412,-82.02405989170076,0,0_MinorDamage,0_MinorDamage,grid_0.005_23316_19595,grid_0.005_23316_19595,vq7tLagm23c10F69GpHouZ,814335270203466,814335270203466,2022-10-01T18:54:44Z,train
001207,train,26.43523906048773,-82.0802253484726,0,0_MinorDamage,0_MinorDamage,grid_0.005_23287_19583,grid_0.005_23287_19583,lAtIQeO0Rwg2YVoC6Pa93F,814480043373948,814480043373948,2022-10-22T19:28:41Z,train
001208,train,26.60296550146508,-81.87169969081879,0,0_MinorDamage,0_MinorDamage,grid_0.005_23320_19625,grid_0.005_23320_19625,3b7Seq5IvynogcVhRjwrHT,815139746509509,815139746509509,2022-10-04T17:18:01Z,train
001209,train,26.42837464826721,-82.08014488220215,0,0_MinorDamage,0_MinorDamage,grid_0.005_23285_19583,grid_0.005_23285_19583,8isur9JBeVPXWMDpmQNSqw,815179366666422,815179366666422,2022-10-20T15:57:13Z,train
001210,train,26.55801833792391,-81.91003918647766,0,0_MinorDamage,0_MinorDamage,grid_0.005_23311_19617,grid_0.005_23311_19617,5oHpaXMLceW1wvFmUQ4krN,815656933516490,815656933516490,2022-09-30T15:56:05Z,train
001211,train,26.557826402731763,-81.91010892391205,0,0_MinorDamage,0_MinorDamage,grid_0.005_23311_19617,grid_0.005_23311_19617,5oHpaXMLceW1wvFmUQ4krN,815772633540696,815772633540696,2022-09-30T15:56:06Z,train
001212,train,26.66621373830808,-81.88904285430908,0,0_MinorDamage,0_MinorDamage,grid_0.005_23333_19622,grid_0.005_23333_19622,QKkwleGU1ptHioYPFhIrb4,815965329924332,815965329924332,2022-10-01T21:06:46Z,train
001213,train,26.53040035975954,-82.19339847564697,0,0_MinorDamage,0_MinorDamage,grid_0.005_23306_19561,grid_0.005_23306_19561,UrYR9Pj1lqNfZIh4g76Ozp,816617446689462,816617446689462,2022-10-20T14:47:29Z,train
001214,train,26.428273768622645,-82.10089981555939,0,0_MinorDamage,0_MinorDamage,grid_0.005_23285_19579,grid_0.005_23285_19579,n0eqGd6TKA3CmjSspwxEUl,816711399659890,816711399659890,2022-10-22T18:36:10Z,train
001215,train,26.5918466909783,-82.0317417383194,0,0_MinorDamage,0_MinorDamage,grid_0.005_23318_19593,grid_0.005_23318_19593,1g7U20mtTZlvEFOWhPqcM8,817771376590463,817771376590463,2022-10-01T18:52:55Z,train
001216,train,26.45405285107435,-82.04014778137207,0,0_MinorDamage,0_MinorDamage,grid_0.005_23290_19591,grid_0.005_23290_19591,0YIfZrHA3aCDs75ngd9Kcx,818129683168596,818129683168596,2022-10-20T16:34:00Z,train
001217,val,26.45196845174169,-82.03867256641387,0,0_MinorDamage,0_MinorDamage,grid_0.005_23290_19592,grid_0.005_23290_19592,0YIfZrHA3aCDs75ngd9Kcx,819169292899132,819169292899132,2022-10-20T16:35:05Z,train
001218,test,26.448092521346368,-82.0397025346756,0,0_MinorDamage,0_MinorDamage,grid_0.005_23289_19592,grid_0.005_23289_19592,ZoPOLpxfckCaEiQWqzs2Hg,819600255959094,819600255959094,2022-10-20T16:05:43Z,train
001219,train,26.57348245968204,-82.03353881835938,0,0_MinorDamage,0_MinorDamage,grid_0.005_23314_19593,grid_0.005_23314_19593,7KzyVZCGDc9EQamML5gwsT,820064876368417,820064876368417,2022-10-01T18:57:55Z,train
001220,train,26.56895811258144,-81.90322637557983,0,0_MinorDamage,0_MinorDamage,grid_0.005_23313_19619,grid_0.005_23313_19619,M5eOhXKrUp6RGLtk7lZcbB,820252322814698,820252322814698,2022-10-11T15:26:17Z,train
001221,test,26.44406756338469,-82.06144452095032,0,0_MinorDamage,0_MinorDamage,grid_0.005_23288_19587,grid_0.005_23288_19587,wsuK3zob9RL5EY1FcZThlt,820725036077532,820725036077532,2022-10-22T17:04:49Z,train
001222,train,26.447958038148613,-82.04824805259705,0,0_MinorDamage,0_MinorDamage,grid_0.005_23289_19590,grid_0.005_23289_19590,6e3WJg5uL72BZAq0QDM9hj,822122492869689,822122492869689,2022-10-20T16:57:25Z,train
001223,train,26.434427265382567,-82.08018779754639,0,0_MinorDamage,0_MinorDamage,grid_0.005_23286_19583,grid_0.005_23286_19583,GFA5Eq24e1SxuJVjWM0kyt,823490249353795,823490249353795,2022-10-20T15:58:24Z,train
001224,train,26.458432848379417,-82.0429801940918,0,0_MinorDamage,0_MinorDamage,grid_0.005_23291_19591,grid_0.005_23291_19591,0YIfZrHA3aCDs75ngd9Kcx,824209425985674,824209425985674,2022-10-20T16:31:35Z,train
001225,train,26.67551340509688,-82.05565631389618,0,0_MinorDamage,0_MinorDamage,grid_0.005_23335_19588,grid_0.005_23335_19588,fUL31KX9eukHREaZDYrxBi,824402485862628,824402485862628,2022-10-06T18:28:24Z,train
001226,train,26.604673040152164,-81.87473058700562,0,0_MinorDamage,0_MinorDamage,grid_0.005_23320_19625,grid_0.005_23320_19625,vcSl4NqPnwEhQ5OeCxbJXf,829962921819610,829962921819610,2022-09-30T19:20:44Z,test
001227,train,26.42513684800474,-82.08011269569397,0,0_MinorDamage,0_MinorDamage,grid_0.005_23285_19583,grid_0.005_23285_19583,yILRGFcu1KtAQg0WzVjEhZ,833241208231364,833241208231364,2022-10-22T19:08:04Z,test
001228,train,26.588901320339616,-81.93725287914276,0,0_MinorDamage,0_MinorDamage,grid_0.005_23317_19612,grid_0.005_23317_19612,wiH9IhMKLGuXlbgzVC2asf,8346638585410465,8346638585410465,2022-10-02T11:20:32.500000Z,train
001229,train,26.62780384004111,-81.88035249710083,0,0_MinorDamage,0_MinorDamage,grid_0.005_23325_19623,grid_0.005_23325_19623,Em7Mc1GUux6lXtdyqTzJRF,836033524283608,836033524283608,2022-09-30T20:18:36Z,train
001230,train,26.442977246268285,-82.10910201072693,0,0_MinorDamage,0_MinorDamage,grid_0.005_23288_19578,grid_0.005_23288_19578,Hdxcg6t5vyaoX8lCwfM391,836458338075430,836458338075430,2022-10-20T15:44:47Z,train
001231,train,26.52891249539909,-82.19205737113953,0,0_MinorDamage,0_MinorDamage,grid_0.005_23305_19561,grid_0.005_23305_19561,UrYR9Pj1lqNfZIh4g76Ozp,837261584430712,837261584430712,2022-10-20T14:47:03Z,train
001232,val,26.56285979684036,-81.97164416313171,0,0_MinorDamage,0_MinorDamage,grid_0.005_23312_19605,grid_0.005_23312_19605,84IwNrn1PYRjEtAhZ7g3TV,838286550836885,838286550836885,2022-10-02T12:00:23.428000Z,train
001233,train,26.45106071765889,-82.02181220054628,0,0_MinorDamage,0_MinorDamage,grid_0.005_23290_19595,grid_0.005_23290_19595,2GE5DnWJXaevYfqkA4pId1,839737243695966,839737243695966,2022-10-20T17:09:51Z,train
001234,train,26.62228414271354,-81.8619954586029,0,0_MinorDamage,0_MinorDamage,grid_0.005_23324_19627,grid_0.005_23324_19627,0n7hGLKEry3cxT9IVFBND1,840003350645745,840003350645745,2022-09-30T20:11:43Z,train
001235,train,26.454715624523004,-82.13996887207033,0,0_MinorDamage,0_MinorDamage,grid_0.005_23290_19572,grid_0.005_23290_19572,OGaCM4S5pEvYyPLezZc0WK,840052091080753,840052091080753,2022-10-20T14:23:15Z,train
001236,train,26.454124891851407,-82.04027652740479,0,0_MinorDamage,0_MinorDamage,grid_0.005_23290_19591,grid_0.005_23290_19591,uGWfqep3o2ws7cldtXQBLk,840857353647380,840857353647380,2022-10-21T19:04:47Z,train
001237,train,26.58800426243453,-82.03555047512054,0,0_MinorDamage,0_MinorDamage,grid_0.005_23317_19592,grid_0.005_23317_19592,8sZOjKht4QF2gYVJl3ecXw,842552990403973,842552990403973,2022-10-02T12:23:24.666000Z,train
001238,train,26.604270140062766,-81.87060534954071,0,0_MinorDamage,0_MinorDamage,grid_0.005_23320_19625,grid_0.005_23320_19625,vcSl4NqPnwEhQ5OeCxbJXf,843002833909265,843002833909265,2022-09-30T19:21:57Z,train
001239,val,26.44025861327502,-82.05842435359955,0,0_MinorDamage,0_MinorDamage,grid_0.005_23288_19588,grid_0.005_23288_19588,X52NQsIPtuAZHEwoBkDhqv,843050016756440,843050016756440,2022-10-21T16:56:59Z,train
001240,train,26.431079150591074,-82.09622204303741,0,0_MinorDamage,0_MinorDamage,grid_0.005_23286_19580,grid_0.005_23286_19580,5ZrTVbvnpkBCqAUuj4foc1,843474867335704,843474867335704,2022-10-22T18:25:43Z,train
001241,train,26.43949488681117,-82.07495748996735,0,0_MinorDamage,0_MinorDamage,grid_0.005_23287_19585,grid_0.005_23287_19585,FDdzYnaCWL8jJN0GwxMkmV,844423063312559,844423063312559,2022-10-21T16:42:39Z,train
001242,train,26.56253352060496,-81.95792198181152,0,0_MinorDamage,0_MinorDamage,grid_0.005_23312_19608,grid_0.005_23312_19608,84IwNrn1PYRjEtAhZ7g3TV,8461096320629982,8461096320629982,2022-10-02T11:57:55Z,train
001243,test,26.4405372040583,-82.06201314926147,0,0_MinorDamage,0_MinorDamage,grid_0.005_23288_19587,grid_0.005_23288_19587,GFA5Eq24e1SxuJVjWM0kyt,847405320350616,847405320350616,2022-10-20T16:02:00Z,train
001244,train,26.44367370552878,-82.06563413143158,0,0_MinorDamage,0_MinorDamage,grid_0.005_23288_19586,grid_0.005_23288_19586,wsuK3zob9RL5EY1FcZThlt,847660443634720,847660443634720,2022-10-22T17:00:31Z,train
001245,train,26.43816916092913,-82.07766652107239,0,0_MinorDamage,0_MinorDamage,grid_0.005_23287_19584,grid_0.005_23287_19584,FDdzYnaCWL8jJN0GwxMkmV,847674029669159,847674029669159,2022-10-21T16:38:20Z,test
001246,train,26.652675136457944,-82.05228209495544,0,0_MinorDamage,0_MinorDamage,grid_0.005_23330_19589,grid_0.005_23330_19589,IOV8FkeKfqNbr4CDJx7ptQ,849219506117227,849219506117227,2022-10-02T12:39:12Z,test
001247,val,26.44254495909232,-82.05505013465881,0,0_MinorDamage,0_MinorDamage,grid_0.005_23288_19588,grid_0.005_23288_19588,6Enx3OZopQHazvV5Aye4tg,849648192760878,849648192760878,2022-10-21T19:36:10Z,train
001248,train,26.588901320339616,-81.93677544593811,0,0_MinorDamage,0_MinorDamage,grid_0.005_23317_19612,grid_0.005_23317_19612,lcKVYbXZvN9r0UMSWHznjR,850215243072114,850215243072114,2022-10-02T11:20:37Z,train
001249,train,26.443678508681472,-82.0667552947998,0,0_MinorDamage,0_MinorDamage,grid_0.005_23288_19586,grid_0.005_23288_19586,wsuK3zob9RL5EY1FcZThlt,850574209837819,850574209837819,2022-10-22T16:59:22Z,test
001250,train,26.431204046146,-82.06169664859772,0,0_MinorDamage,0_MinorDamage,grid_0.005_23286_19587,grid_0.005_23286_19587,d9OWh4IQeMXLPraFD8HZpy,851194082841741,851194082841741,2022-10-21T17:03:31Z,train
001251,val,26.44486007816022,-82.04622566699983,0,0_MinorDamage,0_MinorDamage,grid_0.005_23288_19590,grid_0.005_23288_19590,uGWfqep3o2ws7cldtXQBLk,851806955877559,851806955877559,2022-10-21T19:07:38Z,train
001252,train,26.44116643248644,-82.10337281227112,0,0_MinorDamage,0_MinorDamage,grid_0.005_23288_19579,grid_0.005_23288_19579,eXyup5h9qxj1LgGNY3DQiP,852117006298128,852117006298128,2022-10-22T17:36:35Z,train
001253,val,26.44458149783024,-82.05964744091034,0,0_MinorDamage,0_MinorDamage,grid_0.005_23288_19588,grid_0.005_23288_19588,vItnjg2h4oOkUXx819qbfM,852518242696182,852518242696182,2022-10-21T20:15:53Z,train
001254,train,26.439230703522625,-82.05835461616516,0,0_MinorDamage,0_MinorDamage,grid_0.005_23287_19588,grid_0.005_23287_19588,X52NQsIPtuAZHEwoBkDhqv,854658075764453,854658075764453,2022-10-21T16:57:09Z,train
001255,train,26.449350892230683,-82.05611765384674,0,0_MinorDamage,0_MinorDamage,grid_0.005_23289_19588,grid_0.005_23289_19588,fkzvtDXqFTJgKBrMpHPWEi,855905608829732,855905608829732,2022-10-21T20:10:48Z,train
001256,train,26.458730605305306,-82.03406989574432,0,0_MinorDamage,0_MinorDamage,grid_0.005_23291_19593,grid_0.005_23291_19593,hVtUpWFmwBTMDKgo9CRPIS,859465668648089,859465668648089,2022-10-21T21:24:03Z,train
001257,train,26.43742943768406,-82.07954406738281,0,0_MinorDamage,0_MinorDamage,grid_0.005_23287_19584,grid_0.005_23287_19584,FDdzYnaCWL8jJN0GwxMkmV,859516645162058,859516645162058,2022-10-21T16:36:51Z,train
001258,train,26.45505181249517,-82.04124748706818,0,0_MinorDamage,0_MinorDamage,grid_0.005_23291_19591,grid_0.005_23291_19591,tTMujQinkPSmUalNr8ODYC,860419018500723,860419018500723,2022-10-21T19:01:56Z,train
001259,train,26.4497207161742,-82.02006340026855,0,0_MinorDamage,0_MinorDamage,grid_0.005_23289_19595,grid_0.005_23289_19595,DtjgKvhZzkac5eR0ICSP47,862320318318802,862320318318802,2022-10-21T17:46:41Z,train
001260,train,26.43984552914955,-82.04294264316559,0,0_MinorDamage,0_MinorDamage,grid_0.005_23287_19591,grid_0.005_23287_19591,PioLgY63BXl1ItahOyTeME,862550558183420,862550558183420,2022-10-21T17:11:26Z,train
001261,train,26.459162831730566,-82.03385531902313,0,0_MinorDamage,0_MinorDamage,grid_0.005_23291_19593,grid_0.005_23291_19593,hVtUpWFmwBTMDKgo9CRPIS,863629154858255,863629154858255,2022-10-21T21:24:08Z,train
001262,train,26.55800874117195,-81.95787370204924,0,0_MinorDamage,0_MinorDamage,grid_0.005_23311_19608,grid_0.005_23311_19608,tIAfNHcP8OTlo2Xp1krhSu,863991798371469,863991798371469,2022-10-02T11:57:16.714000Z,train
001263,train,26.455498460711283,-82.03565239906311,0,0_MinorDamage,0_MinorDamage,grid_0.005_23291_19592,grid_0.005_23291_19592,hVtUpWFmwBTMDKgo9CRPIS,866098588032519,866098588032519,2022-10-21T21:23:29Z,test
001264,train,26.60426054718619,-81.8709647655487,0,0_MinorDamage,0_MinorDamage,grid_0.005_23320_19625,grid_0.005_23320_19625,vcSl4NqPnwEhQ5OeCxbJXf,866200055074781,866200055074781,2022-09-30T19:21:54Z,train
001265,train,26.645957974893832,-82.05601036548615,0,0_MinorDamage,0_MinorDamage,grid_0.005_23329_19588,grid_0.005_23329_19588,XefzjmUaV32kJsGZDPnY6B,866408387879506,866408387879506,2022-10-02T12:40:41.500000Z,train
001266,train,26.45863455476818,-82.03411281108856,0,0_MinorDamage,0_MinorDamage,grid_0.005_23291_19593,grid_0.005_23291_19593,hVtUpWFmwBTMDKgo9CRPIS,867234467829726,867234467829726,2022-10-21T21:24:02Z,train
001267,train,26.558195877690537,-81.95787370204924,0,0_MinorDamage,0_MinorDamage,grid_0.005_23311_19608,grid_0.005_23311_19608,tIAfNHcP8OTlo2Xp1krhSu,867652241076817,867652241076817,2022-10-02T11:57:18.142000Z,train
001268,train,26.455359183496427,-82.0357221364975,0,0_MinorDamage,0_MinorDamage,grid_0.005_23291_19592,grid_0.005_23291_19592,hVtUpWFmwBTMDKgo9CRPIS,867971794531198,867971794531198,2022-10-21T21:23:27Z,train
001269,train,26.56167944017885,-82.01720416545866,0,0_MinorDamage,0_MinorDamage,grid_0.005_23312_19596,grid_0.005_23312_19596,TsSrYVLcjRQlIymM5oNWJ2,868026180891828,868026180891828,2022-10-02T12:17:20.500000Z,train
001270,test,26.447506557693487,-82.03832924365997,0,0_MinorDamage,0_MinorDamage,grid_0.005_23289_19592,grid_0.005_23289_19592,hVtUpWFmwBTMDKgo9CRPIS,868842137739726,868842137739726,2022-10-21T21:22:02Z,train
001271,train,26.43934118024424,-82.07610547542573,0,0_MinorDamage,0_MinorDamage,grid_0.005_23287_19584,grid_0.005_23287_19584,FDdzYnaCWL8jJN0GwxMkmV,872610137400521,872610137400521,2022-10-21T16:42:22Z,train
001272,train,26.448102127283065,-82.05609083175659,0,0_MinorDamage,0_MinorDamage,grid_0.005_23289_19588,grid_0.005_23289_19588,fkzvtDXqFTJgKBrMpHPWEi,874375833895561,874375833895561,2022-10-21T20:11:00Z,train
001273,train,26.652468976778408,-82.04374194145203,0,0_MinorDamage,0_MinorDamage,grid_0.005_23330_19591,grid_0.005_23330_19591,IOV8FkeKfqNbr4CDJx7ptQ,874636617052441,874636617052441,2022-10-02T12:38:10.333000Z,train
001274,train,26.43640150269316,-82.05804347991943,0,0_MinorDamage,0_MinorDamage,grid_0.005_23287_19588,grid_0.005_23287_19588,X52NQsIPtuAZHEwoBkDhqv,8765675320141413,8765675320141413,2022-10-21T16:57:38Z,train
001275,train,26.44217511210978,-82.03846871852875,0,0_MinorDamage,0_MinorDamage,grid_0.005_23288_19592,grid_0.005_23288_19592,n8NHRsX3PiA1YpCSMoy20F,877262946759593,877262946759593,2022-10-21T18:51:00Z,train
001276,train,26.43629582661356,-82.07713007926941,0,0_MinorDamage,0_MinorDamage,grid_0.005_23287_19584,grid_0.005_23287_19584,FDdzYnaCWL8jJN0GwxMkmV,878226436843171,878226436843171,2022-10-21T16:38:52Z,train
001277,test,26.441089580343583,-82.06006050109865,0,0_MinorDamage,0_MinorDamage,grid_0.005_23288_19587,grid_0.005_23288_19587,X52NQsIPtuAZHEwoBkDhqv,880663113186231,880663113186231,2022-10-21T16:56:26Z,train
001278,val,26.453452509512942,-82.03662872314453,0,0_MinorDamage,0_MinorDamage,grid_0.005_23290_19592,grid_0.005_23290_19592,hVtUpWFmwBTMDKgo9CRPIS,881455679642245,881455679642245,2022-10-21T21:23:07Z,train
001279,train,26.45642537029765,-82.03519642353058,0,0_MinorDamage,0_MinorDamage,grid_0.005_23291_19592,grid_0.005_23291_19592,hVtUpWFmwBTMDKgo9CRPIS,882190829594546,882190829594546,2022-10-21T21:23:39Z,train
001280,train,26.599708636509177,-82.0297622680664,0,0_MinorDamage,0_MinorDamage,grid_0.005_23319_19594,grid_0.005_23319_19594,wtW748o169ZOVqShdaXple,882193032947483,882193032947483,2022-10-02T12:25:14.833000Z,train
001281,train,26.588982870709685,-81.93705439567566,0,0_MinorDamage,0_MinorDamage,grid_0.005_23317_19612,grid_0.005_23317_19612,RzaBZgGVuFHNtYlpPnj9wq,882481709417370,882481709417370,2022-10-02T11:24:49.750000Z,train
001282,train,26.456055567885823,-82.03537881374358,0,0_MinorDamage,0_MinorDamage,grid_0.005_23291_19592,grid_0.005_23291_19592,hVtUpWFmwBTMDKgo9CRPIS,882578672807746,882578672807746,2022-10-21T21:23:35Z,train
001283,train,26.434398444149465,-82.05858528614044,0,0_MinorDamage,0_MinorDamage,grid_0.005_23286_19588,grid_0.005_23286_19588,X52NQsIPtuAZHEwoBkDhqv,882859072926521,882859072926521,2022-10-21T16:59:39Z,train
001284,train,26.6526847252712,-82.05368757247925,0,0_MinorDamage,0_MinorDamage,grid_0.005_23330_19589,grid_0.005_23330_19589,IOV8FkeKfqNbr4CDJx7ptQ,883849156115543,883849156115543,2022-10-02T12:39:24.250000Z,train
001285,train,26.43791938477999,-82.04387605190277,0,0_MinorDamage,0_MinorDamage,grid_0.005_23287_19591,grid_0.005_23287_19591,PioLgY63BXl1ItahOyTeME,885297915842775,885297915842775,2022-10-21T17:10:42Z,train
001286,test,26.463509018357566,-82.0317417383194,0,0_MinorDamage,0_MinorDamage,grid_0.005_23292_19593,grid_0.005_23292_19593,hVtUpWFmwBTMDKgo9CRPIS,887198635939892,887198635939892,2022-10-21T21:24:54Z,train
001287,train,26.45236228123457,-82.02117383480072,0,0_MinorDamage,0_MinorDamage,grid_0.005_23290_19595,grid_0.005_23290_19595,DtjgKvhZzkac5eR0ICSP47,887966852391068,887966852391068,2022-10-21T17:43:00Z,train
001288,train,26.4864378379274,-81.99402987957,0,0_MinorDamage,0_MinorDamage,grid_0.005_23297_19601,grid_0.005_23297_19601,5G4oivF6N8ElUMxufdBjA7,892448745241580,892448745241580,2022-10-21T21:32:21Z,train
001289,train,26.4604450939106,-82.04785645008086,0,0_MinorDamage,0_MinorDamage,grid_0.005_23292_19590,grid_0.005_23292_19590,tTMujQinkPSmUalNr8ODYC,895295595007683,895295595007683,2022-10-21T18:59:53Z,train
001290,val,26.45438904098158,-82.03619420528412,0,0_MinorDamage,0_MinorDamage,grid_0.005_23290_19592,grid_0.005_23290_19592,hVtUpWFmwBTMDKgo9CRPIS,896661688415431,896661688415431,2022-10-21T21:23:17Z,train
001291,train,26.451761930859533,-82.05614447593689,0,0_MinorDamage,0_MinorDamage,grid_0.005_23290_19588,grid_0.005_23290_19588,6Enx3OZopQHazvV5Aye4tg,897549274766061,897549274766061,2022-10-21T19:37:57Z,train
001292,train,26.61253410434069,-82.03685939311981,0,0_MinorDamage,0_MinorDamage,grid_0.005_23322_19592,grid_0.005_23322_19592,p8LtWU9Og1cD67ial3KExC,897895448677349,897895448677349,2022-10-01T18:48:05Z,train
001293,test,26.448390305011145,-82.03810393810272,0,0_MinorDamage,0_MinorDamage,grid_0.005_23289_19592,grid_0.005_23289_19592,hVtUpWFmwBTMDKgo9CRPIS,898001371618915,898001371618915,2022-10-21T21:22:13Z,train
001294,train,26.446123287409705,-82.05606400966644,0,0_MinorDamage,0_MinorDamage,grid_0.005_23289_19588,grid_0.005_23289_19588,vItnjg2h4oOkUXx819qbfM,900893374662977,900893374662977,2022-10-21T20:14:11Z,train
001295,train,26.4331206955723,-82.05887496471405,0,0_MinorDamage,0_MinorDamage,grid_0.005_23286_19588,grid_0.005_23286_19588,NyYzSUec6DpPEo8ZrBnL17,905364127543930,905364127543930,2022-10-21T19:24:45Z,train
001296,test,26.44755458761325,-82.03831315040588,0,0_MinorDamage,0_MinorDamage,grid_0.005_23289_19592,grid_0.005_23289_19592,hVtUpWFmwBTMDKgo9CRPIS,905928110401939,905928110401939,2022-10-21T21:22:03Z,test
001297,train,26.43885604254752,-82.05832779407501,0,0_MinorDamage,0_MinorDamage,grid_0.005_23287_19588,grid_0.005_23287_19588,X52NQsIPtuAZHEwoBkDhqv,906852923654033,906852923654033,2022-10-21T16:57:12Z,train
001298,train,26.451949240512462,-82.05614447593689,0,0_MinorDamage,0_MinorDamage,grid_0.005_23290_19588,grid_0.005_23290_19588,6Enx3OZopQHazvV5Aye4tg,906978077395372,906978077395372,2022-10-21T19:37:59Z,train
001299,train,26.44829424584856,-82.03062057495117,0,0_MinorDamage,0_MinorDamage,grid_0.005_23289_19593,grid_0.005_23289_19593,nyw9GxcmVequiNU27Ka6LA,910228683328519,910228683328519,2022-10-21T18:38:50Z,train
001300,train,26.45587306755656,-82.04199314117432,0,0_MinorDamage,0_MinorDamage,grid_0.005_23291_19591,grid_0.005_23291_19591,tTMujQinkPSmUalNr8ODYC,9149008201779615,9149008201779615,2022-10-21T19:01:40Z,train
001301,train,26.430430652264903,-82.0639443397522,0,0_MinorDamage,0_MinorDamage,grid_0.005_23286_19587,grid_0.005_23286_19587,d9OWh4IQeMXLPraFD8HZpy,9172511759433517,9172511759433517,2022-10-21T17:05:37Z,train
001302,train,26.44502338355767,-82.05889105796814,0,0_MinorDamage,0_MinorDamage,grid_0.005_23289_19588,grid_0.005_23289_19588,vItnjg2h4oOkUXx819qbfM,920407229377979,920407229377979,2022-10-21T20:16:07Z,train
001303,train,26.5963413531778,-81.89087748527527,0,0_MinorDamage,0_MinorDamage,grid_0.005_23319_19621,grid_0.005_23319_19621,jV1ulN2mKqCW54bPfpLvgU,920959148967673,920959148967673,2022-10-04T16:07:41Z,train
001304,train,26.42435380550336,-82.0800966024399,0,0_MinorDamage,0_MinorDamage,grid_0.005_23284_19583,grid_0.005_23284_19583,8isur9JBeVPXWMDpmQNSqw,923626618698599,923626618698599,2022-10-20T15:56:33Z,train
001305,train,26.66624250133292,-81.83045268058778,0,0_MinorDamage,0_MinorDamage,grid_0.005_23333_19633,grid_0.005_23333_19633,sQhXIrmbztd4325OKqMlcy,924042978685150,924042978685150,2022-10-04T17:50:20Z,train
001306,train,26.43965819981385,-82.04720735549927,0,0_MinorDamage,0_MinorDamage,grid_0.005_23287_19590,grid_0.005_23287_19590,CDu3ifjIyq6W2ZEgm9Jecs,925113528556762,925113528556762,2022-10-22T19:39:12Z,train
001307,train,26.58775001479788,-81.94186091423035,0,0_MinorDamage,0_MinorDamage,grid_0.005_23317_19611,grid_0.005_23317_19611,6WcRwedpBUgz7IavylYPr0,925788531835162,925788531835162,2022-10-01T19:33:30Z,train
001308,train,26.666755440725,-81.82953536510468,0,0_MinorDamage,0_MinorDamage,grid_0.005_23333_19634,grid_0.005_23333_19634,WZvDsgIM57EqnltP1Oxrdy,928063518280979,928063518280979,2022-10-04T17:50:29Z,train
001309,train,26.45628609420404,-82.04235792160034,0,0_MinorDamage,0_MinorDamage,grid_0.005_23291_19591,grid_0.005_23291_19591,0YIfZrHA3aCDs75ngd9Kcx,928808501568072,928808501568072,2022-10-20T16:33:30Z,train
001310,train,26.45087820941326,-82.02318012714386,0,0_MinorDamage,0_MinorDamage,grid_0.005_23290_19595,grid_0.005_23290_19595,oA4ekOPWvzdE6Gc3J0qSLM,929491061565344,929491061565344,2022-10-21T17:52:06Z,train
001311,train,26.440076087913823,-82.09976255893707,0,0_MinorDamage,0_MinorDamage,grid_0.005_23288_19580,grid_0.005_23288_19580,eXyup5h9qxj1LgGNY3DQiP,929538178124455,929538178124455,2022-10-22T17:36:09Z,train
001312,train,26.44631060623305,-82.04138159751892,0,0_MinorDamage,0_MinorDamage,grid_0.005_23289_19591,grid_0.005_23289_19591,vJTbXQK6BOxPeaoVgcHlrM,930193631610364,930193631610364,2022-10-22T19:48:29Z,train
001313,train,26.448150156954497,-82.05609619617462,0,0_MinorDamage,0_MinorDamage,grid_0.005_23289_19588,grid_0.005_23289_19588,fkzvtDXqFTJgKBrMpHPWEi,930302028325909,930302028325909,2022-10-21T20:10:59Z,train
001314,train,26.44583990707225,-82.04248666763306,0,0_MinorDamage,0_MinorDamage,grid_0.005_23289_19591,grid_0.005_23289_19591,ZoPOLpxfckCaEiQWqzs2Hg,931105744665098,931105744665098,2022-10-20T16:04:53Z,train
001315,train,26.431890969279024,-82.10374295711517,0,0_MinorDamage,0_MinorDamage,grid_0.005_23286_19579,grid_0.005_23286_19579,0M2YgdFsf6GZmIwQJy5APK,931666221254049,931666221254049,2022-10-22T18:22:22Z,train
001316,train,26.45581543581352,-82.04192876815796,0,0_MinorDamage,0_MinorDamage,grid_0.005_23291_19591,grid_0.005_23291_19591,0YIfZrHA3aCDs75ngd9Kcx,931996181205688,931996181205688,2022-10-20T16:33:35Z,train
001317,train,26.44546046451181,-82.06690549850464,0,0_MinorDamage,0_MinorDamage,grid_0.005_23289_19586,grid_0.005_23289_19586,wsuK3zob9RL5EY1FcZThlt,934001444331611,934001444331611,2022-10-22T16:58:39Z,train
001318,train,26.61954577518067,-81.87011182308197,0,0_MinorDamage,0_MinorDamage,grid_0.005_23323_19625,grid_0.005_23323_19625,BW1snhSTmPNKyJMAcQHvxt,935699674379695,935699674379695,2022-10-04T18:15:06Z,train
001319,test,26.461184669347432,-82.03286826610565,0,0_MinorDamage,0_MinorDamage,grid_0.005_23292_19593,grid_0.005_23292_19593,hVtUpWFmwBTMDKgo9CRPIS,935807150769890,935807150769890,2022-10-21T21:24:29Z,train
001320,train,26.439811905957868,-82.07380414009094,0,0_MinorDamage,0_MinorDamage,grid_0.005_23287_19585,grid_0.005_23287_19585,eGaqwKdfoI8yJ7kgjAtD3F,938373123942320,938373123942320,2022-10-22T17:30:51Z,train
001321,train,26.439418033553352,-82.04371511936188,0,0_MinorDamage,0_MinorDamage,grid_0.005_23287_19591,grid_0.005_23287_19591,XAsVlIPBUv5ME0hunTGam1,939075057384993,939075057384993,2022-10-20T13:35:03Z,train
001322,val,26.454739637982144,-82.0360118150711,0,0_MinorDamage,0_MinorDamage,grid_0.005_23290_19592,grid_0.005_23290_19592,vJTbXQK6BOxPeaoVgcHlrM,939388853958199,939388853958199,2022-10-22T19:50:27Z,train
001323,train,26.4460368324654,-82.03401625156403,0,0_MinorDamage,0_MinorDamage,grid_0.005_23289_19593,grid_0.005_23289_19593,9UT5ZHyS3c7kMrjfsgzh10,9428087277265597,9428087277265597,2022-10-20T18:13:47Z,train
001324,train,26.596667533105474,-81.88913941383362,0,0_MinorDamage,0_MinorDamage,grid_0.005_23319_19622,grid_0.005_23319_19622,GsUfeMbK7JEiHPl9ApZI1O,943040820308311,943040820308311,2022-10-01T18:04:46Z,train
001325,train,26.510163752083216,-81.97544753551483,0,0_MinorDamage,0_MinorDamage,grid_0.005_23302_19604,grid_0.005_23302_19604,edntlwFA590gu1YVE4vSCf,943183620249388,943183620249388,2022-10-02T17:11:27Z,train
001326,train,26.437549522949325,-82.04611837863922,0,0_MinorDamage,0_MinorDamage,grid_0.005_23287_19590,grid_0.005_23287_19590,uGWfqep3o2ws7cldtXQBLk,943413563311146,943413563311146,2022-10-21T19:09:22Z,train
001327,train,26.66682255411969,-81.88945591449738,0,0_MinorDamage,0_MinorDamage,grid_0.005_23333_19622,grid_0.005_23333_19622,5mMvESRoVi0xUPZ3u67tgj,9449123621827978,9449123621827978,2022-10-04T19:10:29Z,train
001328,train,26.43408621366217,-82.08018243312836,0,0_MinorDamage,0_MinorDamage,grid_0.005_23286_19583,grid_0.005_23286_19583,GFA5Eq24e1SxuJVjWM0kyt,945285513193403,945285513193403,2022-10-20T15:58:18Z,train
001329,train,26.57856314123688,-81.94290697574615,0,0_MinorDamage,0_MinorDamage,grid_0.005_23315_19611,grid_0.005_23315_19611,WmQdwiocP5OUB0GtTrCj17,948313069475310,948313069475310,2022-10-02T11:33:18.500000Z,train
001330,train,26.43117042043301,-82.09622740745544,0,0_MinorDamage,0_MinorDamage,grid_0.005_23286_19580,grid_0.005_23286_19580,5ZrTVbvnpkBCqAUuj4foc1,948583026412850,948583026412850,2022-10-22T18:25:45Z,test
001331,train,26.436584033875107,-82.07605719566345,0,0_MinorDamage,0_MinorDamage,grid_0.005_23287_19584,grid_0.005_23287_19584,GFA5Eq24e1SxuJVjWM0kyt,948656072904233,948656072904233,2022-10-20T15:59:40Z,train
001332,train,26.583691570421195,-81.88192963600159,0,0_MinorDamage,0_MinorDamage,grid_0.005_23316_19623,grid_0.005_23316_19623,4qwBospeLyEXaUHTk08C9j,948848983088995,948848983088995,2022-09-30T19:13:00Z,train
001333,train,26.60430371512441,-81.868314743042,0,0_MinorDamage,0_MinorDamage,grid_0.005_23320_19626,grid_0.005_23320_19626,vcSl4NqPnwEhQ5OeCxbJXf,949516083005560,949516083005560,2022-09-30T19:22:13Z,train
001334,val,26.562749438805863,-81.97142958641052,0,0_MinorDamage,0_MinorDamage,grid_0.005_23312_19605,grid_0.005_23312_19605,7bhZ5InU1C36A0pYTlgVRS,9506257542778157,9506257542778157,2022-10-01T19:14:26Z,train
001335,train,26.42917687848886,-82.06109046936035,0,0_MinorDamage,0_MinorDamage,grid_0.005_23285_19587,grid_0.005_23285_19587,njtp7LVIeUbyEwXSkgYzCT,951156996213537,951156996213537,2022-10-20T13:40:15Z,train
001336,val,26.443779374841824,-82.05888569355011,0,0_MinorDamage,0_MinorDamage,grid_0.005_23288_19588,grid_0.005_23288_19588,wsuK3zob9RL5EY1FcZThlt,951826526138642,951826526138642,2022-10-22T17:05:57Z,train
001337,val,26.44099831835733,-82.04608082771301,0,0_MinorDamage,0_MinorDamage,grid_0.005_23288_19590,grid_0.005_23288_19590,CDu3ifjIyq6W2ZEgm9Jecs,952762892673556,952762892673556,2022-10-22T19:34:53Z,train
001338,train,26.429359421112864,-82.06394970417023,0,0_MinorDamage,0_MinorDamage,grid_0.005_23285_19587,grid_0.005_23285_19587,njtp7LVIeUbyEwXSkgYzCT,953590032520382,953590032520382,2022-10-20T13:40:45Z,train
001339,train,26.72624554346657,-82.06298410892487,0,0_MinorDamage,0_MinorDamage,grid_0.005_23345_19587,grid_0.005_23345_19587,lNF4GEDycBA6ZfXdQtuV10,956146758844238,956146758844238,2022-10-06T18:44:20Z,train
001340,train,26.726250334779465,-82.06271052360535,0,0_MinorDamage,0_MinorDamage,grid_0.005_23345_19587,grid_0.005_23345_19587,lNF4GEDycBA6ZfXdQtuV10,956398015595189,956398015595189,2022-10-06T18:44:17Z,train
001341,train,26.42741388616417,-82.0801341533661,0,0_MinorDamage,0_MinorDamage,grid_0.005_23285_19583,grid_0.005_23285_19583,8isur9JBeVPXWMDpmQNSqw,956738368887216,956738368887216,2022-10-20T15:57:05Z,train
001342,train,26.648340910414845,-81.85490369796753,0,0_MinorDamage,0_MinorDamage,grid_0.005_23329_19629,grid_0.005_23329_19629,OxYSHNnDlusU3fieJTMwZE,957057088677063,957057088677063,2022-10-04T17:46:23Z,train
001343,train,26.6966457553619,-82.05558657646179,0,0_MinorDamage,0_MinorDamage,grid_0.005_23339_19588,grid_0.005_23339_19588,sd2tRl8cCQY59mo7ZzjiGp,957585138904479,957585138904479,2022-10-06T18:33:44Z,train
001344,train,26.662532011260183,-82.05592453479767,0,0_MinorDamage,0_MinorDamage,grid_0.005_23332_19588,grid_0.005_23332_19588,EPFsKuD63QTpJI85LrjBZo,958000975508090,958000975508090,2022-10-01T18:40:38Z,train
001345,val,26.444422994928004,-82.05772161483765,0,0_MinorDamage,0_MinorDamage,grid_0.005_23288_19588,grid_0.005_23288_19588,vItnjg2h4oOkUXx819qbfM,959341958428606,959341958428606,2022-10-21T20:14:55Z,train
001346,train,26.43191018385326,-82.103710770607,0,0_MinorDamage,0_MinorDamage,grid_0.005_23286_19579,grid_0.005_23286_19579,5ZrTVbvnpkBCqAUuj4foc1,959831815063178,959831815063178,2022-10-22T18:28:14Z,test
001347,val,26.450714912316755,-82.03964352607727,0,0_MinorDamage,0_MinorDamage,grid_0.005_23290_19592,grid_0.005_23290_19592,0YIfZrHA3aCDs75ngd9Kcx,960512648506141,960512648506141,2022-10-20T16:36:44Z,train
001348,train,26.60427973293852,-81.8700098991394,0,0_MinorDamage,0_MinorDamage,grid_0.005_23320_19625,grid_0.005_23320_19625,vcSl4NqPnwEhQ5OeCxbJXf,960842931803992,960842931803992,2022-09-30T19:22:01Z,train
001349,train,26.57917722156872,-81.94276750087738,0,0_MinorDamage,0_MinorDamage,grid_0.005_23315_19611,grid_0.005_23315_19611,WmQdwiocP5OUB0GtTrCj17,961240551946240,961240551946240,2022-10-02T11:33:13.666000Z,train
001350,train,26.43523906048773,-82.08019852638245,0,0_MinorDamage,0_MinorDamage,grid_0.005_23287_19583,grid_0.005_23287_19583,GFA5Eq24e1SxuJVjWM0kyt,961275654922858,961275654922858,2022-10-20T15:58:45Z,train
001351,train,26.565282848640308,-81.94386720657349,0,0_MinorDamage,0_MinorDamage,grid_0.005_23313_19611,grid_0.005_23313_19611,l90Knb873yTBCkuegs1Pfv,962043355027925,962043355027925,2022-10-02T11:41:24Z,train
001352,train,26.592220853158267,-81.88354432582857,0,0_MinorDamage,0_MinorDamage,grid_0.005_23318_19623,grid_0.005_23318_19623,4qwBospeLyEXaUHTk08C9j,962647584939114,962647584939114,2022-09-30T19:14:42Z,train
001353,train,26.42905198073747,-82.06386387348175,0,0_MinorDamage,0_MinorDamage,grid_0.005_23285_19587,grid_0.005_23285_19587,njtp7LVIeUbyEwXSkgYzCT,962832971631311,962832971631311,2022-10-20T13:40:42Z,train
001354,train,26.511104622190004,-81.9531798362732,0,0_MinorDamage,0_MinorDamage,grid_0.005_23302_19609,grid_0.005_23302_19609,0PV43Mhwl1DSCuTpoyvfFt,962896034958423,962896034958423,2022-09-30T16:05:45Z,train
001355,train,26.549198583969883,-81.95797562599182,0,0_MinorDamage,0_MinorDamage,grid_0.005_23309_19608,grid_0.005_23309_19608,Ji8ThzOkeWg6AvlIbStQjm,963163288339221,963163288339221,2022-10-01T19:18:54Z,train
001356,train,26.695313416258543,-82.05558121204376,0,0_MinorDamage,0_MinorDamage,grid_0.005_23339_19588,grid_0.005_23339_19588,sd2tRl8cCQY59mo7ZzjiGp,964338884782418,964338884782418,2022-10-06T18:33:34Z,train
001357,train,26.43283728325413,-82.08019316196442,0,0_MinorDamage,0_MinorDamage,grid_0.005_23286_19583,grid_0.005_23286_19583,8zouvat6BbkWiE0A1VYwfq,964405454809123,964405454809123,2022-10-22T19:09:12Z,train
001358,train,26.429162467216766,-82.06977546215057,0,0_MinorDamage,0_MinorDamage,grid_0.005_23285_19586,grid_0.005_23285_19586,aLbXpouwqyjD4cWNZMfF2Y,966217281253446,966217281253446,2022-10-20T13:42:16Z,train
001359,train,26.47062584470104,-82.16117978096008,0,0_MinorDamage,0_MinorDamage,grid_0.005_23294_19567,grid_0.005_23294_19567,V9j3Lpa2hEK7wUbA8cGd65,967058481105716,967058481105716,2022-10-20T14:27:11Z,train
001360,train,26.65643868377049,-82.055983543396,0,0_MinorDamage,0_MinorDamage,grid_0.005_23331_19588,grid_0.005_23331_19588,JvXAw9z8CROFSaGbhZjQ6E,9671052449601979,9671052449601979,2022-10-01T18:41:20Z,train
001361,train,26.65989528477266,-81.89866662025452,0,0_MinorDamage,0_MinorDamage,grid_0.005_23331_19620,grid_0.005_23331_19620,ap1HcAByI3zCZf9nvt6uTL,967433241040124,967433241040124,2022-10-06T17:35:17Z,train
001362,train,26.601099650557487,-82.02717125415802,0,0_MinorDamage,0_MinorDamage,grid_0.005_23320_19594,grid_0.005_23320_19594,k8yLIB1NPrhcxv65eoJ0HG,967715884654414,967715884654414,2022-10-01T18:50:33Z,train
001363,train,26.47149981057441,-82.02812075614929,0,0_MinorDamage,0_MinorDamage,grid_0.005_23294_19594,grid_0.005_23294_19594,V5ucivCID0wpRWN2z19Gsg,967824864541462,967824864541462,2022-10-22T19:53:13Z,train
001364,train,26.57177445568452,-81.94384574890135,0,0_MinorDamage,0_MinorDamage,grid_0.005_23314_19611,grid_0.005_23314_19611,l90Knb873yTBCkuegs1Pfv,967940754167766,967940754167766,2022-10-02T11:40:28Z,train
001365,train,26.43667049591302,-82.07577288150787,0,0_MinorDamage,0_MinorDamage,grid_0.005_23287_19584,grid_0.005_23287_19584,GFA5Eq24e1SxuJVjWM0kyt,969124661081354,969124661081354,2022-10-20T15:59:42Z,train
001366,train,26.43061319290345,-82.08016097545624,0,0_MinorDamage,0_MinorDamage,grid_0.005_23286_19583,grid_0.005_23286_19583,8isur9JBeVPXWMDpmQNSqw,969458727608467,969458727608467,2022-10-20T15:57:32Z,test
001367,train,26.595688990533294,-81.9273716211319,0,0_MinorDamage,0_MinorDamage,grid_0.005_23319_19614,grid_0.005_23319_19614,0v4ndRP6xtjBy2q9OreIHz,969567001115367,969567001115367,2022-10-02T11:13:59Z,train
001368,test,26.440801384351232,-82.06444323062895,0,0_MinorDamage,0_MinorDamage,grid_0.005_23288_19587,grid_0.005_23288_19587,wJ8ZYp4KuVjgI6xsXOUWkA,969890697481354,969890697481354,2022-10-22T17:11:07Z,train
001369,train,26.45673273763217,-82.0427656173706,0,0_MinorDamage,0_MinorDamage,grid_0.005_23291_19591,grid_0.005_23291_19591,0YIfZrHA3aCDs75ngd9Kcx,970122601074523,970122601074523,2022-10-20T16:33:25Z,train
001370,train,26.51197348008671,-81.97547435760498,0,0_MinorDamage,0_MinorDamage,grid_0.005_23302_19604,grid_0.005_23302_19604,edntlwFA590gu1YVE4vSCf,972522357289715,972522357289715,2022-10-02T17:10:56Z,train
001371,val,26.44130092361314,-82.0595133304596,0,0_MinorDamage,0_MinorDamage,grid_0.005_23288_19588,grid_0.005_23288_19588,wJ8ZYp4KuVjgI6xsXOUWkA,973321703793674,973321703793674,2022-10-22T17:09:42Z,train
001372,test,26.44720877174387,-82.03890323638917,0,0_MinorDamage,0_MinorDamage,grid_0.005_23289_19592,grid_0.005_23289_19592,vJTbXQK6BOxPeaoVgcHlrM,974490337198997,974490337198997,2022-10-22T19:49:00Z,train
001373,train,26.441723608989207,-82.10515916347504,0,0_MinorDamage,0_MinorDamage,grid_0.005_23288_19578,grid_0.005_23288_19578,eXyup5h9qxj1LgGNY3DQiP,976117700474008,976117700474008,2022-10-22T17:36:49Z,train
001374,train,26.43955252672092,-82.07581043243408,0,0_MinorDamage,0_MinorDamage,grid_0.005_23287_19584,grid_0.005_23287_19584,eGaqwKdfoI8yJ7kgjAtD3F,976327513419412,976327513419412,2022-10-22T17:31:32Z,train
001375,train,26.64508054345299,-82.05566167831421,0,0_MinorDamage,0_MinorDamage,grid_0.005_23329_19588,grid_0.005_23329_19588,hpNV8qm2UeKswaICARQF7n,976594536993533,976594536993533,2022-10-01T18:42:35Z,train
001376,train,26.497970146554024,-81.97012603282928,0,0_MinorDamage,0_MinorDamage,grid_0.005_23299_19605,grid_0.005_23299_19605,KyXkONJvZP3tYgjpIdABzR,976814920438173,976814920438173,2022-10-02T16:00:49Z,train
001377,test,26.44041712190672,-82.06241548061371,0,0_MinorDamage,0_MinorDamage,grid_0.005_23288_19587,grid_0.005_23288_19587,X52NQsIPtuAZHEwoBkDhqv,977446630307162,977446630307162,2022-10-21T16:56:05Z,train
001378,train,26.43668490624636,-82.07571387290955,0,0_MinorDamage,0_MinorDamage,grid_0.005_23287_19584,grid_0.005_23287_19584,GFA5Eq24e1SxuJVjWM0kyt,978347193308399,978347193308399,2022-10-20T15:59:43Z,train
001379,train,26.443572839275934,-82.11057186126709,0,0_MinorDamage,0_MinorDamage,grid_0.005_23288_19577,grid_0.005_23288_19577,2Paqk0DWtz8RdQbBmMsEnO,979611569904435,979611569904435,2022-10-20T14:19:33Z,train
001380,train,26.726250334779465,-82.0620185136795,0,0_MinorDamage,0_MinorDamage,grid_0.005_23345_19587,grid_0.005_23345_19587,lNF4GEDycBA6ZfXdQtuV10,980976426391188,980976426391188,2022-10-06T18:44:06Z,train
001381,train,26.728957394294525,-82.06328451633453,0,0_MinorDamage,0_MinorDamage,grid_0.005_23345_19587,grid_0.005_23345_19587,lNF4GEDycBA6ZfXdQtuV10,981306502996943,981306502996943,2022-10-06T18:44:47Z,train
001382,train,26.431468247835497,-82.05407381057739,0,0_MinorDamage,0_MinorDamage,grid_0.005_23286_19589,grid_0.005_23286_19589,njtp7LVIeUbyEwXSkgYzCT,981348603044580,981348603044580,2022-10-20T13:39:09Z,train
001383,train,26.43954292007129,-82.07591235637663,0,0_MinorDamage,0_MinorDamage,grid_0.005_23287_19584,grid_0.005_23287_19584,eGaqwKdfoI8yJ7kgjAtD3F,981788826295111,981788826295111,2022-10-22T17:31:34Z,train
001384,test,26.44072453196486,-82.06135869026184,0,0_MinorDamage,0_MinorDamage,grid_0.005_23288_19587,grid_0.005_23288_19587,lAtIQeO0Rwg2YVoC6Pa93F,982661179536841,982661179536841,2022-10-22T19:31:45Z,train
001385,val,26.43964859317306,-82.06510305404663,0,0_MinorDamage,0_MinorDamage,grid_0.005_23287_19586,grid_0.005_23287_19586,lAtIQeO0Rwg2YVoC6Pa93F,982775799809418,982775799809418,2022-10-22T19:31:12Z,train
001386,test,26.443697721290263,-82.0614230632782,0,0_MinorDamage,0_MinorDamage,grid_0.005_23288_19587,grid_0.005_23288_19587,wsuK3zob9RL5EY1FcZThlt,983896672798536,983896672798536,2022-10-22T17:04:59Z,train
001387,train,26.55761047525644,-81.91016256809235,0,0_MinorDamage,0_MinorDamage,grid_0.005_23311_19617,grid_0.005_23311_19617,x5dDWwRLGpSfraO7AbKz16,983979299317642,983979299317642,2022-09-29T19:18:23Z,train
001388,train,26.55754329773668,-81.9580078125,0,0_MinorDamage,0_MinorDamage,grid_0.005_23311_19608,grid_0.005_23311_19608,VecsRgmLhUDpGFlidWPAvx,984530332671432,984530332671432,2022-10-01T19:17:33Z,train
001389,train,26.57198076089037,-81.9437438249588,0,0_MinorDamage,0_MinorDamage,grid_0.005_23314_19611,grid_0.005_23314_19611,n08LMX7RkoOsFI4BAj52zT,985869305900625,985869305900625,2022-10-01T19:30:44Z,train
001390,train,26.549030627774258,-81.95785224437714,0,0_MinorDamage,0_MinorDamage,grid_0.005_23309_19608,grid_0.005_23309_19608,iQ8qdRyzw1sO690ZmthlMa,986076006179547,986076006179547,2022-10-01T19:22:53Z,train
001391,train,26.43945165685996,-82.0753276348114,0,0_MinorDamage,0_MinorDamage,grid_0.005_23287_19584,grid_0.005_23287_19584,FDdzYnaCWL8jJN0GwxMkmV,9868142536561095,9868142536561095,2022-10-21T16:42:34Z,train
001392,train,26.557668055956285,-82.03171491622925,0,0_MinorDamage,0_MinorDamage,grid_0.005_23311_19593,grid_0.005_23311_19593,hlR0Dk3AOGdzQXwW45MUnC,987332662616801,987332662616801,2022-10-01T19:01:25Z,test
001393,train,26.431016702762875,-82.08836853504181,0,0_MinorDamage,0_MinorDamage,grid_0.005_23286_19582,grid_0.005_23286_19582,8DuCakHvNX3A4ErGBom1lf,988654778954953,988654778954953,2022-10-22T18:51:25Z,train
001394,train,26.696056269119097,-82.05559194087982,0,0_MinorDamage,0_MinorDamage,grid_0.005_23339_19588,grid_0.005_23339_19588,sd2tRl8cCQY59mo7ZzjiGp,989921025477932,989921025477932,2022-10-06T18:33:39Z,train
001395,train,26.525557530465733,-82.19253480434418,0,0_MinorDamage,0_MinorDamage,grid_0.005_23305_19561,grid_0.005_23305_19561,YeKk9dJpcaH7tzifUmZxhj,989965548671757,989965548671757,2022-10-20T14:44:30Z,train
001396,train,26.439783086071472,-82.06463634967803,0,0_MinorDamage,0_MinorDamage,grid_0.005_23287_19587,grid_0.005_23287_19587,lAtIQeO0Rwg2YVoC6Pa93F,990700718733898,990700718733898,2022-10-22T19:31:16Z,train
001397,train,26.552418496610134,-81.95785760879517,0,0_MinorDamage,0_MinorDamage,grid_0.005_23310_19608,grid_0.005_23310_19608,iQ8qdRyzw1sO690ZmthlMa,993213558691778,993213558691778,2022-10-01T19:23:32Z,train
001398,train,26.470985996277165,-82.16245114803314,0,0_MinorDamage,0_MinorDamage,grid_0.005_23294_19567,grid_0.005_23294_19567,V9j3Lpa2hEK7wUbA8cGd65,993676684981524,993676684981524,2022-10-20T14:27:19Z,train
001399,train,26.44126730084618,-82.10368931293488,0,0_MinorDamage,0_MinorDamage,grid_0.005_23288_19579,grid_0.005_23288_19579,eXyup5h9qxj1LgGNY3DQiP,994976811504862,994976811504862,2022-10-22T17:36:37Z,train
001400,val,26.452098127455145,-82.03705787658691,0,0_MinorDamage,0_MinorDamage,grid_0.005_23290_19592,grid_0.005_23290_19592,vJTbXQK6BOxPeaoVgcHlrM,995973955170318,995973955170318,2022-10-22T19:50:01Z,train
001401,val,26.452515970427413,-82.03693985939026,0,0_MinorDamage,0_MinorDamage,grid_0.005_23290_19592,grid_0.005_23290_19592,vJTbXQK6BOxPeaoVgcHlrM,996742015082249,996742015082249,2022-10-22T19:50:05Z,train
001402,train,26.59670111039819,-81.88827574253082,0,0_MinorDamage,0_MinorDamage,grid_0.005_23319_19622,grid_0.005_23319_19622,GsUfeMbK7JEiHPl9ApZI1O,996993398318309,996993398318309,2022-10-01T18:04:42Z,train
001403,test,26.440791777805728,-82.06121385097504,0,0_MinorDamage,0_MinorDamage,grid_0.005_23288_19587,grid_0.005_23288_19587,wJ8ZYp4KuVjgI6xsXOUWkA,997504814995450,997504814995450,2022-10-22T17:09:58Z,train
001404,train,26.66584940603228,-81.88847959041595,0,0_MinorDamage,0_MinorDamage,grid_0.005_23333_19622,grid_0.005_23333_19622,5mMvESRoVi0xUPZ3u67tgj,998068367999746,998068367999746,2022-10-04T19:10:17Z,train
001405,train,26.599296125643704,-82.03080832958221,0,0_MinorDamage,0_MinorDamage,grid_0.005_23319_19593,grid_0.005_23319_19593,ZHJK5CzPYGdvf9RW8qkujl,998550231339386,998550231339386,2022-10-01T18:51:01Z,train
001406,train,26.43105993587831,-82.09622204303741,0,0_MinorDamage,0_MinorDamage,grid_0.005_23286_19580,grid_0.005_23286_19580,0M2YgdFsf6GZmIwQJy5APK,999362227729090,999362227729090,2022-10-22T18:19:20Z,train
001407,test,26.448236610312577,-82.03506231307983,1,1_ModerateDamage,1_ModerateDamage,grid_0.005_23289_19592,grid_0.005_23289_19592,9UT5ZHyS3c7kMrjfsgzh10,10000605239951334,10000605239951334,2022-10-20T18:12:43Z,train
001408,train,26.432169580291912,-82.10196733474731,1,1_ModerateDamage,1_ModerateDamage,grid_0.005_23286_19579,grid_0.005_23286_19579,5ZrTVbvnpkBCqAUuj4foc1,1001281397902437,1001281397902437,2022-10-22T18:27:47Z,train
001409,train,26.429484318531152,-82.10523426532745,1,1_ModerateDamage,1_ModerateDamage,grid_0.005_23285_19578,grid_0.005_23285_19578,mlt8kfA0uSC5rYi7VQhg2P,1002452147835202,1002452147835202,2022-10-20T15:49:46Z,train
001410,train,26.44777072200438,-82.04846262931824,1,1_ModerateDamage,1_ModerateDamage,grid_0.005_23289_19590,grid_0.005_23289_19590,6e3WJg5uL72BZAq0QDM9hj,1006840720349276,1006840720349276,2022-10-20T16:57:19Z,train
001411,train,26.42981577640822,-82.09235429763794,1,1_ModerateDamage,1_ModerateDamage,grid_0.005_23285_19581,grid_0.005_23285_19581,8DuCakHvNX3A4ErGBom1lf,1007778937062512,1007778937062512,2022-10-22T18:45:20Z,train
001412,test,26.42736584784884,-82.09858775138855,1,1_ModerateDamage,1_ModerateDamage,grid_0.005_23285_19580,grid_0.005_23285_19580,n0eqGd6TKA3CmjSspwxEUl,1012768603511405,1012768603511405,2022-10-22T18:37:11Z,train
001413,train,26.49419658756585,-81.95756256580351,1,1_ModerateDamage,1_ModerateDamage,grid_0.005_23298_19608,grid_0.005_23298_19608,gti6f8hpWRsqrUX3FwLajT,1013594542970109,1013594542970109,2022-09-30T16:35:25Z,train
001414,test,26.44023940009272,-82.06303775310516,1,1_ModerateDamage,1_ModerateDamage,grid_0.005_23288_19587,grid_0.005_23288_19587,GFA5Eq24e1SxuJVjWM0kyt,1016218122724779,1016218122724779,2022-10-20T16:01:51Z,train
001415,train,26.428653267779367,-82.1015328168869,1,1_ModerateDamage,1_ModerateDamage,grid_0.005_23285_19579,grid_0.005_23285_19579,0M2YgdFsf6GZmIwQJy5APK,1016739343067839,1016739343067839,2022-10-22T18:17:40Z,train
001416,train,26.43982151258507,-82.06451296806335,1,1_ModerateDamage,1_ModerateDamage,grid_0.005_23287_19587,grid_0.005_23287_19587,GFA5Eq24e1SxuJVjWM0kyt,1018745379115067,1018745379115067,2022-10-20T16:01:38Z,train
001417,val,26.450911829374974,-82.03993320465088,1,1_ModerateDamage,1_ModerateDamage,grid_0.005_23290_19592,grid_0.005_23290_19592,6e3WJg5uL72BZAq0QDM9hj,1019733402770798,1019733402770798,2022-10-20T17:00:08Z,train
001418,train,26.44704546944466,-82.11800158023834,1,1_ModerateDamage,1_ModerateDamage,grid_0.005_23289_19576,grid_0.005_23289_19576,Hdxcg6t5vyaoX8lCwfM391,1023119668702432,1023119668702432,2022-10-20T15:42:17Z,train
001419,train,26.452962628479806,-82.04647243022919,1,1_ModerateDamage,1_ModerateDamage,grid_0.005_23290_19590,grid_0.005_23290_19590,cy8maM4ht0X3eRY9jKSwxo,1025814068446771,1025814068446771,2022-10-20T16:51:38Z,train
001420,train,26.44418283859996,-82.06740975379944,1,1_ModerateDamage,1_ModerateDamage,grid_0.005_23288_19586,grid_0.005_23288_19586,wsuK3zob9RL5EY1FcZThlt,1026149845418747,1026149845418747,2022-10-22T16:59:03Z,train
001421,train,26.42571331761312,-82.07033336162566,1,1_ModerateDamage,1_ModerateDamage,grid_0.005_23285_19585,grid_0.005_23285_19585,aLbXpouwqyjD4cWNZMfF2Y,1026421318265960,1026421318265960,2022-10-20T13:42:50Z,train
001422,train,26.44824621623724,-82.02487528324126,1,1_ModerateDamage,1_ModerateDamage,grid_0.005_23289_19595,grid_0.005_23289_19595,oAbgmNBZR9JTjufiX5eCxP,1028900261323883,1028900261323883,2022-10-20T17:08:10Z,train
001423,test,26.44359205190232,-82.06277489662172,1,1_ModerateDamage,1_ModerateDamage,grid_0.005_23288_19587,grid_0.005_23288_19587,mOxFlgIhNsDMV6H72nawdZ,1029966738377060,1029966738377060,2022-10-22T16:49:54Z,train
001424,train,26.51249671178188,-81.97548508644104,1,1_ModerateDamage,1_ModerateDamage,grid_0.005_23302_19604,grid_0.005_23302_19604,edntlwFA590gu1YVE4vSCf,1029997031710629,1029997031710629,2022-10-02T17:10:48Z,train
001425,train,26.45794298853544,-82.14434623718262,1,1_ModerateDamage,1_ModerateDamage,grid_0.005_23291_19571,grid_0.005_23291_19571,5bepm7EUv2gLRdyB0VZTJ1,1030057391492817,1030057391492817,2022-10-20T15:39:05Z,train
001426,test,26.44355362664633,-82.061026096344,1,1_ModerateDamage,1_ModerateDamage,grid_0.005_23288_19587,grid_0.005_23288_19587,wsuK3zob9RL5EY1FcZThlt,1030348257864199,1030348257864199,2022-10-22T17:05:10Z,train
001427,train,26.4507293208934,-82.04861283302307,1,1_ModerateDamage,1_ModerateDamage,grid_0.005_23290_19590,grid_0.005_23290_19590,cy8maM4ht0X3eRY9jKSwxo,103340046151733,103340046151733,2022-10-20T16:49:12Z,train
001428,train,26.443404728658265,-82.05161690711975,1,1_ModerateDamage,1_ModerateDamage,grid_0.005_23288_19589,grid_0.005_23288_19589,CDu3ifjIyq6W2ZEgm9Jecs,1035448084555930,1035448084555930,2022-10-22T19:33:20Z,train
001429,train,26.463753936697515,-82.1525913476944,1,1_ModerateDamage,1_ModerateDamage,grid_0.005_23292_19569,grid_0.005_23292_19569,5bepm7EUv2gLRdyB0VZTJ1,1035961694445231,1035961694445231,2022-10-20T15:36:38Z,train
001430,train,26.432241634754604,-82.09899544715881,1,1_ModerateDamage,1_ModerateDamage,grid_0.005_23286_19580,grid_0.005_23286_19580,5ZrTVbvnpkBCqAUuj4foc1,1037431430580028,1037431430580028,2022-10-22T18:26:58Z,test
001431,train,26.47035212874925,-82.15959191322327,1,1_ModerateDamage,1_ModerateDamage,grid_0.005_23294_19568,grid_0.005_23294_19568,V9j3Lpa2hEK7wUbA8cGd65,1040664927309467,1040664927309467,2022-10-20T14:27:01Z,train
001432,train,26.438625481341926,-82.0764809846878,1,1_ModerateDamage,1_ModerateDamage,grid_0.005_23287_19584,grid_0.005_23287_19584,eGaqwKdfoI8yJ7kgjAtD3F,1040808090413015,1040808090413015,2022-10-22T17:31:58Z,train
001433,train,26.54931375379043,-82.19752907752991,1,1_ModerateDamage,1_ModerateDamage,grid_0.005_23309_19560,grid_0.005_23309_19560,pNkvj5h6tMqTefxRbUK4VE,1046211153027747,1046211153027747,2022-10-20T14:52:50Z,train
001434,train,26.614342216555286,-81.86033248901366,1,1_ModerateDamage,1_ModerateDamage,grid_0.005_23322_19627,grid_0.005_23322_19627,0n7hGLKEry3cxT9IVFBND1,104836942662494,104836942662494,2022-09-30T20:09:49Z,train
001435,val,26.444130004140632,-82.04899907112122,1,1_ModerateDamage,1_ModerateDamage,grid_0.005_23288_19590,grid_0.005_23288_19590,6Enx3OZopQHazvV5Aye4tg,105069012457004,105069012457004,2022-10-21T19:35:09Z,train
001436,train,26.445657390553635,-82.0430713891983,1,1_ModerateDamage,1_ModerateDamage,grid_0.005_23289_19591,grid_0.005_23289_19591,hVtUpWFmwBTMDKgo9CRPIS,105098279155038,105098279155038,2022-10-21T21:21:10Z,train
001437,val,26.45214135266052,-82.03859746456146,1,1_ModerateDamage,1_ModerateDamage,grid_0.005_23290_19592,grid_0.005_23290_19592,ZoPOLpxfckCaEiQWqzs2Hg,1051644512910037,1051644512910037,2022-10-20T16:07:09Z,test
001438,train,26.425261749997816,-82.09221482276917,1,1_ModerateDamage,1_ModerateDamage,grid_0.005_23285_19581,grid_0.005_23285_19581,8isur9JBeVPXWMDpmQNSqw,1052446312385134,1052446312385134,2022-10-20T15:52:25Z,train
001439,train,26.4552487221373,-82.0417195558548,1,1_ModerateDamage,1_ModerateDamage,grid_0.005_23291_19591,grid_0.005_23291_19591,YokgWzSGxZtXC8EUIeavm5,1052787919037024,1052787919037024,2022-10-20T16:38:10Z,train
001440,train,26.44935569514664,-82.0309317111969,1,1_ModerateDamage,1_ModerateDamage,grid_0.005_23289_19593,grid_0.005_23289_19593,9UT5ZHyS3c7kMrjfsgzh10,105456749270801,105456749270801,2022-10-20T18:07:33Z,train
001441,train,26.476018396367124,-82.17357695102692,1,1_ModerateDamage,1_ModerateDamage,grid_0.005_23295_19565,grid_0.005_23295_19565,V9j3Lpa2hEK7wUbA8cGd65,1055915505792386,1055915505792386,2022-10-20T14:28:45Z,train
001442,val,26.442444091851183,-82.05539345741272,1,1_ModerateDamage,1_ModerateDamage,grid_0.005_23288_19588,grid_0.005_23288_19588,wJ8ZYp4KuVjgI6xsXOUWkA,1056295198708931,1056295198708931,2022-10-22T17:08:49Z,train
001443,train,26.4368434197942,-82.08021998405457,1,1_ModerateDamage,1_ModerateDamage,grid_0.005_23287_19583,grid_0.005_23287_19583,FDdzYnaCWL8jJN0GwxMkmV,105675715762584,105675715762584,2022-10-21T16:39:42Z,train
001444,train,26.43244819063132,-82.0962542295456,1,1_ModerateDamage,1_ModerateDamage,grid_0.005_23286_19580,grid_0.005_23286_19580,0M2YgdFsf6GZmIwQJy5APK,1060996214884641,1060996214884641,2022-10-22T18:19:38Z,train
001445,train,26.4543698301562,-82.13890671730042,1,1_ModerateDamage,1_ModerateDamage,grid_0.005_23290_19572,grid_0.005_23290_19572,5bepm7EUv2gLRdyB0VZTJ1,1061069665258570,1061069665258570,2022-10-20T15:39:53Z,train
001446,train,26.42929697235297,-82.09345400333405,1,1_ModerateDamage,1_ModerateDamage,grid_0.005_23285_19581,grid_0.005_23285_19581,8DuCakHvNX3A4ErGBom1lf,1065679461082923,1065679461082923,2022-10-22T18:44:45Z,train
001447,val,26.43898573302292,-82.06739366054535,1,1_ModerateDamage,1_ModerateDamage,grid_0.005_23287_19586,grid_0.005_23287_19586,lAtIQeO0Rwg2YVoC6Pa93F,106979539103996,106979539103996,2022-10-22T19:30:53Z,train
001448,train,26.43274601473213,-82.0962542295456,1,1_ModerateDamage,1_ModerateDamage,grid_0.005_23286_19580,grid_0.005_23286_19580,0M2YgdFsf6GZmIwQJy5APK,107149712420806,107149712420806,2022-10-22T18:19:41Z,train
001449,train,26.455397604813925,-82.04192340373993,1,1_ModerateDamage,1_ModerateDamage,grid_0.005_23291_19591,grid_0.005_23291_19591,YokgWzSGxZtXC8EUIeavm5,1073808070263351,1073808070263351,2022-10-20T16:38:13Z,train
001450,train,26.55066219183365,-81.9824481010437,1,1_ModerateDamage,1_ModerateDamage,grid_0.005_23310_19603,grid_0.005_23310_19603,LdAR3S0E9p7g5saOr1qQXy,1074630306564340,1074630306564340,2022-10-02T12:04:02Z,train
001451,val,26.438942502880646,-82.06753313541412,1,1_ModerateDamage,1_ModerateDamage,grid_0.005_23287_19586,grid_0.005_23287_19586,ojkNER9alymT7XHIBhWvS2,1082520019809143,1082520019809143,2022-10-21T16:44:34Z,train
001452,train,26.48662989250556,-81.99343979358673,1,1_ModerateDamage,1_ModerateDamage,grid_0.005_23297_19601,grid_0.005_23297_19601,o3urlx7HenjaMLPT9hqkEs,108561048956935,108561048956935,2022-10-22T19:58:44Z,train
001453,train,26.43125688653236,-82.09622740745544,1,1_ModerateDamage,1_ModerateDamage,grid_0.005_23286_19580,grid_0.005_23286_19580,0M2YgdFsf6GZmIwQJy5APK,1087470508885372,1087470508885372,2022-10-22T18:19:23Z,train
001454,train,26.455243919467108,-82.04138696193695,1,1_ModerateDamage,1_ModerateDamage,grid_0.005_23291_19591,grid_0.005_23291_19591,cjXdAN6SYHtunWF5TIOlCq,109485505309670,109485505309670,2022-10-21T18:54:37Z,train
001455,train,26.448390305011145,-82.03064739704134,1,1_ModerateDamage,1_ModerateDamage,grid_0.005_23289_19593,grid_0.005_23289_19593,nyw9GxcmVequiNU27Ka6LA,109573575295968,109573575295968,2022-10-21T18:38:51Z,train
001456,train,26.573472864225096,-82.03448832035065,1,1_ModerateDamage,1_ModerateDamage,grid_0.005_23314_19593,grid_0.005_23314_19593,7KzyVZCGDc9EQamML5gwsT,1096277517999285,1096277517999285,2022-10-01T18:58:01Z,test
001457,train,26.455311156831584,-82.04148352146149,1,1_ModerateDamage,1_ModerateDamage,grid_0.005_23291_19591,grid_0.005_23291_19591,tTMujQinkPSmUalNr8ODYC,1101583417204641,1101583417204641,2022-10-21T19:01:50Z,train
001458,val,26.439523706769634,-82.06555902957916,1,1_ModerateDamage,1_ModerateDamage,grid_0.005_23287_19586,grid_0.005_23287_19586,ojkNER9alymT7XHIBhWvS2,110512075192667,110512075192667,2022-10-21T16:44:50Z,test
001459,train,26.4397350529115,-82.06481337547302,1,1_ModerateDamage,1_ModerateDamage,grid_0.005_23287_19587,grid_0.005_23287_19587,X52NQsIPtuAZHEwoBkDhqv,1109149006412610,1109149006412610,2022-10-21T16:54:30Z,train
001460,train,26.45015777930368,-82.02764332294464,1,1_ModerateDamage,1_ModerateDamage,grid_0.005_23290_19594,grid_0.005_23290_19594,oA4ekOPWvzdE6Gc3J0qSLM,1110625433665483,1110625433665483,2022-10-21T17:58:50Z,train
001461,test,26.447453724758603,-82.02506303787231,1,1_ModerateDamage,1_ModerateDamage,grid_0.005_23289_19594,grid_0.005_23289_19594,n8NHRsX3PiA1YpCSMoy20F,111079275216217,111079275216217,2022-10-21T18:47:23Z,train
001462,train,26.42562204345053,-82.09268152713776,1,1_ModerateDamage,1_ModerateDamage,grid_0.005_23285_19581,grid_0.005_23285_19581,yILRGFcu1KtAQg0WzVjEhZ,1118367299566533,1118367299566533,2022-10-22T19:00:40Z,train
001463,test,26.440056874701085,-82.06288754940033,1,1_ModerateDamage,1_ModerateDamage,grid_0.005_23288_19587,grid_0.005_23288_19587,X52NQsIPtuAZHEwoBkDhqv,1129145970993187,1129145970993187,2022-10-21T16:55:50Z,train
001464,train,26.56345956690862,-81.9069653749466,1,1_ModerateDamage,1_ModerateDamage,grid_0.005_23312_19618,grid_0.005_23312_19618,5oHpaXMLceW1wvFmUQ4krN,1130645254993114,1130645254993114,2022-09-30T15:55:21Z,train
001465,train,26.437352583048646,-82.04611837863922,1,1_ModerateDamage,1_ModerateDamage,grid_0.005_23287_19590,grid_0.005_23287_19590,uGWfqep3o2ws7cldtXQBLk,1132927434071189,1132927434071189,2022-10-21T19:09:24Z,train
001466,train,26.436977915966864,-82.04858064651489,1,1_ModerateDamage,1_ModerateDamage,grid_0.005_23287_19590,grid_0.005_23287_19590,cK9RIBTNm6s1M7DYd2raCk,1138296950178663,1138296950178663,2022-10-21T19:27:42Z,test
001467,val,26.4440627602482,-82.0492672920227,1,1_ModerateDamage,1_ModerateDamage,grid_0.005_23288_19590,grid_0.005_23288_19590,6Enx3OZopQHazvV5Aye4tg,114028064919957,114028064919957,2022-10-21T19:35:11Z,train
001468,train,26.439110620009416,-82.07615375518799,1,1_ModerateDamage,1_ModerateDamage,grid_0.005_23287_19584,grid_0.005_23287_19584,FDdzYnaCWL8jJN0GwxMkmV,1141438376563352,1141438376563352,2022-10-21T16:42:18Z,train
001469,val,26.444730394297324,-82.0467084646225,1,1_ModerateDamage,1_ModerateDamage,grid_0.005_23288_19590,grid_0.005_23288_19590,6Enx3OZopQHazvV5Aye4tg,1147678849232910,1147678849232910,2022-10-21T19:34:50Z,train
001470,train,26.43417748112288,-82.05358564853668,1,1_ModerateDamage,1_ModerateDamage,grid_0.005_23286_19589,grid_0.005_23286_19589,cK9RIBTNm6s1M7DYd2raCk,115381451322569,115381451322569,2022-10-21T19:26:29Z,train
001471,train,26.44526353813337,-82.03273415565491,1,1_ModerateDamage,1_ModerateDamage,grid_0.005_23289_19593,grid_0.005_23289_19593,9oftQ5hvKsIWYCqU7guZaA,1153914695123612,1153914695123612,2022-10-21T18:29:00Z,train
001472,train,26.45023462539676,-82.02732682228088,1,1_ModerateDamage,1_ModerateDamage,grid_0.005_23290_19594,grid_0.005_23290_19594,oA4ekOPWvzdE6Gc3J0qSLM,1156376701686725,1156376701686725,2022-10-21T17:58:46Z,train
001473,train,26.43013762589856,-82.05701351165771,1,1_ModerateDamage,1_ModerateDamage,grid_0.005_23286_19588,grid_0.005_23286_19588,d9OWh4IQeMXLPraFD8HZpy,1164718724405434,1164718724405434,2022-10-21T17:07:10Z,train
001474,test,26.44615690875941,-82.02577114105225,1,1_ModerateDamage,1_ModerateDamage,grid_0.005_23289_19594,grid_0.005_23289_19594,n8NHRsX3PiA1YpCSMoy20F,1166147497597336,1166147497597336,2022-10-21T18:47:50Z,test
001475,train,26.450897420821164,-82.0207554101944,1,1_ModerateDamage,1_ModerateDamage,grid_0.005_23290_19595,grid_0.005_23290_19595,DtjgKvhZzkac5eR0ICSP47,1170595763591578,1170595763591578,2022-10-21T17:47:57Z,train
001476,val,26.43944205020192,-82.06516742706299,1,1_ModerateDamage,1_ModerateDamage,grid_0.005_23287_19586,grid_0.005_23287_19586,X52NQsIPtuAZHEwoBkDhqv,117403431099336,117403431099336,2022-10-21T16:54:19Z,train
001477,test,26.426808601928016,-82.09624350070953,1,1_ModerateDamage,1_ModerateDamage,grid_0.005_23285_19580,grid_0.005_23285_19580,mlt8kfA0uSC5rYi7VQhg2P,1179562620104482,1179562620104482,2022-10-20T15:51:34Z,test
001478,train,26.439254720210258,-82.04387605190277,1,1_ModerateDamage,1_ModerateDamage,grid_0.005_23287_19591,grid_0.005_23287_19591,PioLgY63BXl1ItahOyTeME,1185092915464041,1185092915464041,2022-10-21T17:11:01Z,train
001479,train,26.57347766195366,-82.03420400619507,1,1_ModerateDamage,1_ModerateDamage,grid_0.005_23314_19593,grid_0.005_23314_19593,J4vAOg5PZoRfzkFraNc9KB,1185956118668148,1185956118668148,2022-10-02T12:21:00.285000Z,train
001480,train,26.42911923338964,-82.05934703350067,1,1_ModerateDamage,1_ModerateDamage,grid_0.005_23285_19588,grid_0.005_23285_19588,d9OWh4IQeMXLPraFD8HZpy,1186139055603784,1186139055603784,2022-10-21T17:06:43Z,train
001481,train,26.560902125494646,-81.9573962688446,1,1_ModerateDamage,1_ModerateDamage,grid_0.005_23312_19608,grid_0.005_23312_19608,xK6cfvZPLDM7rywSqFXU9Q,1187068801925821,1187068801925821,2022-10-02T11:46:59Z,train
001482,train,26.437837727075333,-82.05028653144836,1,1_ModerateDamage,1_ModerateDamage,grid_0.005_23287_19589,grid_0.005_23287_19589,ZD02REoSqG75BNbzd4CTlv,1190554801565146,1190554801565146,2022-10-21T19:11:15Z,train
001483,train,26.443337484342493,-82.05196559429169,1,1_ModerateDamage,1_ModerateDamage,grid_0.005_23288_19589,grid_0.005_23288_19589,6Enx3OZopQHazvV5Aye4tg,1197029720929764,1197029720929764,2022-10-21T19:35:34Z,test
001484,train,26.46094935040564,-82.04818904399872,1,1_ModerateDamage,1_ModerateDamage,grid_0.005_23292_19590,grid_0.005_23292_19590,0YIfZrHA3aCDs75ngd9Kcx,119953107802855,119953107802855,2022-10-20T16:29:14Z,train
001485,val,26.43938441023691,-82.06602573394775,1,1_ModerateDamage,1_ModerateDamage,grid_0.005_23287_19586,grid_0.005_23287_19586,ojkNER9alymT7XHIBhWvS2,1200838454156017,1200838454156017,2022-10-21T16:44:46Z,train
001486,val,26.441641953980564,-82.05841898918152,1,1_ModerateDamage,1_ModerateDamage,grid_0.005_23288_19588,grid_0.005_23288_19588,wJ8ZYp4KuVjgI6xsXOUWkA,1202282553797047,1202282553797047,2022-10-22T17:09:30Z,train
001487,train,26.444456616773977,-82.06730246543884,1,1_ModerateDamage,1_ModerateDamage,grid_0.005_23288_19586,grid_0.005_23288_19586,wsuK3zob9RL5EY1FcZThlt,1202502770443794,1202502770443794,2022-10-22T16:58:58Z,train
001488,train,26.42992626215546,-82.06913173198699,1,1_ModerateDamage,1_ModerateDamage,grid_0.005_23285_19586,grid_0.005_23285_19586,njtp7LVIeUbyEwXSkgYzCT,1203018657043079,1203018657043079,2022-10-20T13:42:07Z,train
001489,test,26.44957182615792,-82.02980518341064,1,1_ModerateDamage,1_ModerateDamage,grid_0.005_23289_19594,grid_0.005_23289_19594,nyw9GxcmVequiNU27Ka6LA,1203065553963639,1203065553963639,2022-10-21T18:41:13Z,train
001490,train,26.47188396929762,-82.1646934747696,1,1_ModerateDamage,1_ModerateDamage,grid_0.005_23294_19567,grid_0.005_23294_19567,V9j3Lpa2hEK7wUbA8cGd65,1203945373748562,1203945373748562,2022-10-20T14:27:35Z,train
001491,val,26.440570827038314,-82.0470678806305,1,1_ModerateDamage,1_ModerateDamage,grid_0.005_23288_19590,grid_0.005_23288_19590,cK9RIBTNm6s1M7DYd2raCk,1207723900174599,1207723900174599,2022-10-21T19:29:55Z,train
001492,train,26.45093584362733,-82.0228099822998,1,1_ModerateDamage,1_ModerateDamage,grid_0.005_23290_19595,grid_0.005_23290_19595,oA4ekOPWvzdE6Gc3J0qSLM,1208283116724894,1208283116724894,2022-10-21T17:52:01Z,train
001493,train,26.432006256676388,-82.05775916576385,1,1_ModerateDamage,1_ModerateDamage,grid_0.005_23286_19588,grid_0.005_23286_19588,NyYzSUec6DpPEo8ZrBnL17,1208368906458786,1208368906458786,2022-10-21T19:20:18Z,train
001494,train,26.59586167512464,-81.89105987548828,1,1_ModerateDamage,1_ModerateDamage,grid_0.005_23319_19621,grid_0.005_23319_19621,PuC0D89odsv45LQAMIZWNn,1208543433168933,1208543433168933,2022-09-29T19:10:40Z,train
001495,train,26.45547444741038,-82.04206824302673,1,1_ModerateDamage,1_ModerateDamage,grid_0.005_23291_19591,grid_0.005_23291_19591,YokgWzSGxZtXC8EUIeavm5,1209784276304648,1209784276304648,2022-10-20T16:38:15Z,train
001496,train,26.548848275054723,-81.95790588855743,1,1_ModerateDamage,1_ModerateDamage,grid_0.005_23309_19608,grid_0.005_23309_19608,Ji8ThzOkeWg6AvlIbStQjm,1210617689647624,1210617689647624,2022-10-01T19:18:59Z,train
001497,train,26.450834983733785,-82.02040135860443,1,1_ModerateDamage,1_ModerateDamage,grid_0.005_23290_19595,grid_0.005_23290_19595,2GE5DnWJXaevYfqkA4pId1,1211803489502486,1211803489502486,2022-10-20T17:10:06Z,train
001498,train,26.571937580761755,-81.90358042716979,1,1_ModerateDamage,1_ModerateDamage,grid_0.005_23314_19619,grid_0.005_23314_19619,R6NX8Ev17S4qMjZcJWGtfd,1212069572684807,1212069572684807,2022-10-11T15:18:04Z,train
001499,train,26.49685633541445,-81.97162806987764,1,1_ModerateDamage,1_ModerateDamage,grid_0.005_23299_19605,grid_0.005_23299_19605,KyXkONJvZP3tYgjpIdABzR,1213719955998384,1213719955998384,2022-10-02T16:00:34Z,train
001500,train,26.585917496262468,-81.89502954483032,1,1_ModerateDamage,1_ModerateDamage,grid_0.005_23317_19620,grid_0.005_23317_19620,8A7LHDQn1ygtXENFlMw6hP,1215015262531761,1215015262531761,2022-09-30T15:52:00Z,train
001501,test,26.428893456473503,-82.09954798221588,1,1_ModerateDamage,1_ModerateDamage,grid_0.005_23285_19580,grid_0.005_23285_19580,n0eqGd6TKA3CmjSspwxEUl,121725867623975,121725867623975,2022-10-22T18:31:35Z,train
001502,train,26.433135106349525,-82.05547392368317,1,1_ModerateDamage,1_ModerateDamage,grid_0.005_23286_19588,grid_0.005_23286_19588,cK9RIBTNm6s1M7DYd2raCk,1217293488899878,1217293488899878,2022-10-21T19:26:03Z,train
001503,train,26.431199242473312,-82.06035017967224,1,1_ModerateDamage,1_ModerateDamage,grid_0.005_23286_19587,grid_0.005_23286_19587,d9OWh4IQeMXLPraFD8HZpy,1217954559106180,1217954559106180,2022-10-21T17:02:00Z,train
001504,test,26.44950458544232,-82.02988564968109,1,1_ModerateDamage,1_ModerateDamage,grid_0.005_23289_19594,grid_0.005_23289_19594,nyw9GxcmVequiNU27Ka6LA,1220077855262233,1220077855262233,2022-10-21T18:39:29Z,train
001505,test,26.449768745170623,-82.02910244464874,1,1_ModerateDamage,1_ModerateDamage,grid_0.005_23289_19594,grid_0.005_23289_19594,nyw9GxcmVequiNU27Ka6LA,1225350358363765,1225350358363765,2022-10-21T18:41:24Z,train
001506,train,26.428677286671302,-82.06345617771149,1,1_ModerateDamage,1_ModerateDamage,grid_0.005_23285_19587,grid_0.005_23285_19587,d9OWh4IQeMXLPraFD8HZpy,1227047254877684,1227047254877684,2022-10-21T17:05:57Z,test
001507,train,26.4851702696664,-82.00640559196472,1,1_ModerateDamage,1_ModerateDamage,grid_0.005_23297_19598,grid_0.005_23297_19598,5G4oivF6N8ElUMxufdBjA7,1227939317833474,1227939317833474,2022-10-21T21:30:39Z,train
001508,val,26.438687925047347,-82.0685201883316,1,1_ModerateDamage,1_ModerateDamage,grid_0.005_23287_19586,grid_0.005_23287_19586,GIdmeE2xtHZPsDkr8qAcoB,1228411414465762,1228411414465762,2022-10-22T17:23:54Z,train
001509,train,26.42707761753643,-82.06985056400299,1,1_ModerateDamage,1_ModerateDamage,grid_0.005_23285_19586,grid_0.005_23285_19586,aLbXpouwqyjD4cWNZMfF2Y,1229386567725381,1229386567725381,2022-10-20T13:42:35Z,train
001510,val,26.44180046070915,-82.04662263393402,1,1_ModerateDamage,1_ModerateDamage,grid_0.005_23288_19590,grid_0.005_23288_19590,CDu3ifjIyq6W2ZEgm9Jecs,1229676211045307,1229676211045307,2022-10-22T19:40:22Z,train
001511,train,26.450743729468257,-82.05026507377625,1,1_ModerateDamage,1_ModerateDamage,grid_0.005_23290_19589,grid_0.005_23290_19589,cy8maM4ht0X3eRY9jKSwxo,1230876844153367,1230876844153367,2022-10-20T16:48:36Z,train
001512,val,26.450268245546354,-82.03757286071777,1,1_ModerateDamage,1_ModerateDamage,grid_0.005_23290_19592,grid_0.005_23290_19592,hVtUpWFmwBTMDKgo9CRPIS,1233686194023279,1233686194023279,2022-10-21T21:22:32Z,train
001513,train,26.44571502738023,-82.04285144805908,1,1_ModerateDamage,1_ModerateDamage,grid_0.005_23289_19591,grid_0.005_23289_19591,cK9RIBTNm6s1M7DYd2raCk,1234400707172675,1234400707172675,2022-10-21T19:34:12Z,train
001514,train,26.438332475810824,-82.08653926849365,1,1_ModerateDamage,1_ModerateDamage,grid_0.005_23287_19582,grid_0.005_23287_19582,eGaqwKdfoI8yJ7kgjAtD3F,123534997440014,123534997440014,2022-10-22T17:34:25Z,train
001515,test,26.44351520137749,-82.0601785182953,1,1_ModerateDamage,1_ModerateDamage,grid_0.005_23288_19587,grid_0.005_23288_19587,mOxFlgIhNsDMV6H72nawdZ,1237069377006222,1237069377006222,2022-10-22T16:50:32Z,train
001516,train,26.588248915287608,-81.8835711479187,1,1_ModerateDamage,1_ModerateDamage,grid_0.005_23317_19623,grid_0.005_23317_19623,4qwBospeLyEXaUHTk08C9j,1237965810240423,1237965810240423,2022-09-30T19:13:37Z,train
001517,train,26.437756069312822,-82.06452369689941,1,1_ModerateDamage,1_ModerateDamage,grid_0.005_23287_19587,grid_0.005_23287_19587,X52NQsIPtuAZHEwoBkDhqv,123888823719188,123888823719188,2022-10-21T16:53:31Z,train
001518,train,26.50321739605185,-81.97728216648102,1,1_ModerateDamage,1_ModerateDamage,grid_0.005_23300_19604,grid_0.005_23300_19604,X5lqZsudxrJMCFcQmwtD9L,1242120736439640,1242120736439640,2022-10-02T17:24:30Z,train
001519,train,26.571625723794018,-81.90288841724396,1,1_ModerateDamage,1_ModerateDamage,grid_0.005_23314_19619,grid_0.005_23314_19619,R6NX8Ev17S4qMjZcJWGtfd,1242196483150411,1242196483150411,2022-10-11T15:18:26Z,train
001520,test,26.44199258978473,-82.06224918365479,1,1_ModerateDamage,1_ModerateDamage,grid_0.005_23288_19587,grid_0.005_23288_19587,wJ8ZYp4KuVjgI6xsXOUWkA,1243383709698874,1243383709698874,2022-10-22T17:12:08Z,train
001521,train,26.47274351979516,-82.16648519039154,1,1_ModerateDamage,1_ModerateDamage,grid_0.005_23294_19566,grid_0.005_23294_19566,V9j3Lpa2hEK7wUbA8cGd65,1243469379867043,1243469379867043,2022-10-20T14:27:48Z,train
001522,train,26.44990802914708,-82.04451441764832,1,1_ModerateDamage,1_ModerateDamage,grid_0.005_23289_19591,grid_0.005_23289_19591,6e3WJg5uL72BZAq0QDM9hj,1243798669658866,1243798669658866,2022-10-20T16:58:41Z,train
001523,train,26.444547876020707,-82.04282999038696,1,1_ModerateDamage,1_ModerateDamage,grid_0.005_23288_19591,grid_0.005_23288_19591,cK9RIBTNm6s1M7DYd2raCk,1245079969374941,1245079969374941,2022-10-21T19:32:55Z,train
001524,val,26.45046516336832,-82.03906416893005,1,1_ModerateDamage,1_ModerateDamage,grid_0.005_23290_19592,grid_0.005_23290_19592,cjXdAN6SYHtunWF5TIOlCq,1245160246080523,1245160246080523,2022-10-21T18:53:18Z,train
001525,train,26.433841232226044,-82.05961525440216,1,1_ModerateDamage,1_ModerateDamage,grid_0.005_23286_19588,grid_0.005_23286_19588,X52NQsIPtuAZHEwoBkDhqv,124536963850586,124536963850586,2022-10-21T16:59:50Z,train
001526,train,26.43872635192615,-82.04829633235931,1,1_ModerateDamage,1_ModerateDamage,grid_0.005_23287_19590,grid_0.005_23287_19590,cK9RIBTNm6s1M7DYd2raCk,1245994972936835,1245994972936835,2022-10-21T19:28:25Z,train
001527,train,26.534777448866983,-82.19472885131835,1,1_ModerateDamage,1_ModerateDamage,grid_0.005_23306_19561,grid_0.005_23306_19561,6o40Ksad9vEmtgTrx7VLPR,1251761958808252,1251761958808252,2022-10-20T14:57:18Z,train
001528,val,26.4507293208934,-82.03900516033173,1,1_ModerateDamage,1_ModerateDamage,grid_0.005_23290_19592,grid_0.005_23290_19592,0YIfZrHA3aCDs75ngd9Kcx,1252486645657582,1252486645657582,2022-10-20T16:35:33Z,train
001529,train,26.59665314283416,-81.88982069492342,1,1_ModerateDamage,1_ModerateDamage,grid_0.005_23319_19622,grid_0.005_23319_19622,GsUfeMbK7JEiHPl9ApZI1O,125557747230050,125557747230050,2022-10-01T18:04:50Z,train
001530,train,26.428216123071792,-82.10198879241943,1,1_ModerateDamage,1_ModerateDamage,grid_0.005_23285_19579,grid_0.005_23285_19579,mlt8kfA0uSC5rYi7VQhg2P,125670677218521,125670677218521,2022-10-20T15:50:30Z,test
001531,train,26.548857872573507,-81.95766985416412,1,1_ModerateDamage,1_ModerateDamage,grid_0.005_23309_19608,grid_0.005_23309_19608,iQ8qdRyzw1sO690ZmthlMa,1257876508226528,1257876508226528,2022-10-01T19:22:48Z,test
001532,train,26.502108436483184,-81.97797417640686,1,1_ModerateDamage,1_ModerateDamage,grid_0.005_23300_19604,grid_0.005_23300_19604,gGiay1PDJMqSpoxQ67F2fE,1258148271733783,1258148271733783,2022-10-02T15:45:07Z,train
001533,train,26.59185148793708,-82.02881813049316,1,1_ModerateDamage,1_ModerateDamage,grid_0.005_23318_19594,grid_0.005_23318_19594,1g7U20mtTZlvEFOWhPqcM8,1260309734615155,1260309734615155,2022-10-01T18:53:15Z,train
001534,train,26.428696501781246,-82.10089981555939,1,1_ModerateDamage,1_ModerateDamage,grid_0.005_23285_19579,grid_0.005_23285_19579,n0eqGd6TKA3CmjSspwxEUl,1261345228087294,1261345228087294,2022-10-22T18:36:02Z,train
001535,train,26.48508864547378,-82.00691521167755,1,1_ModerateDamage,1_ModerateDamage,grid_0.005_23297_19598,grid_0.005_23297_19598,o3urlx7HenjaMLPT9hqkEs,1262008594674656,1262008594674656,2022-10-22T19:57:01Z,train
001536,train,26.478745788400147,-82.17963337898254,1,1_ModerateDamage,1_ModerateDamage,grid_0.005_23295_19564,grid_0.005_23295_19564,SyLB57XMjdtCGqc6ZnJ4Pv,1264015041148165,1264015041148165,2022-10-20T14:29:28Z,train
001537,train,26.44854880245427,-82.02411890029907,1,1_ModerateDamage,1_ModerateDamage,grid_0.005_23289_19595,grid_0.005_23289_19595,oAbgmNBZR9JTjufiX5eCxP,1265213314386012,1265213314386012,2022-10-20T17:08:21Z,train
001538,train,26.42998871057442,-82.10690796375275,1,1_ModerateDamage,1_ModerateDamage,grid_0.005_23285_19578,grid_0.005_23285_19578,mlt8kfA0uSC5rYi7VQhg2P,1265944834294947,1265944834294947,2022-10-20T15:48:59Z,train
001539,train,26.59668672013109,-81.88859224319458,1,1_ModerateDamage,1_ModerateDamage,grid_0.005_23319_19622,grid_0.005_23319_19622,GsUfeMbK7JEiHPl9ApZI1O,1266019974032692,1266019974032692,2022-10-01T18:04:43Z,train
001540,train,26.644812038495445,-81.86451673507692,1,1_ModerateDamage,1_ModerateDamage,grid_0.005_23328_19627,grid_0.005_23328_19627,OxYSHNnDlusU3fieJTMwZE,1266791463969491,1266791463969491,2022-10-04T17:44:19Z,train
001541,test,26.44632501536072,-82.02565848827362,1,1_ModerateDamage,1_ModerateDamage,grid_0.005_23289_19594,grid_0.005_23289_19594,n8NHRsX3PiA1YpCSMoy20F,1268891453979059,1268891453979059,2022-10-21T18:47:47Z,train
001542,train,26.42954196344781,-82.08015561103821,1,1_ModerateDamage,1_ModerateDamage,grid_0.005_23285_19583,grid_0.005_23285_19583,8zouvat6BbkWiE0A1VYwfq,1269476353684304,1269476353684304,2022-10-22T19:08:45Z,test
001543,train,26.56553234809442,-81.9429874420166,1,1_ModerateDamage,1_ModerateDamage,grid_0.005_23313_19611,grid_0.005_23313_19611,bjfPglrpn9UZ1t38MJWXNw,1269855323657077,1269855323657077,2022-10-01T19:29:32Z,train
001544,train,26.45821193145292,-82.04279243946075,1,1_ModerateDamage,1_ModerateDamage,grid_0.005_23291_19591,grid_0.005_23291_19591,0YIfZrHA3aCDs75ngd9Kcx,1270123416946827,1270123416946827,2022-10-20T16:31:20Z,train
001545,train,26.439216293507656,-82.07839071750642,1,1_ModerateDamage,1_ModerateDamage,grid_0.005_23287_19584,grid_0.005_23287_19584,FDdzYnaCWL8jJN0GwxMkmV,1271275296850749,1271275296850749,2022-10-21T16:38:07Z,train
001546,test,26.44359205190232,-82.06319868564606,1,1_ModerateDamage,1_ModerateDamage,grid_0.005_23288_19587,grid_0.005_23288_19587,mOxFlgIhNsDMV6H72nawdZ,1271369543506808,1271369543506808,2022-10-22T16:49:48Z,train
001547,train,26.43206870396847,-82.05298483371735,1,1_ModerateDamage,1_ModerateDamage,grid_0.005_23286_19589,grid_0.005_23286_19589,PioLgY63BXl1ItahOyTeME,1272925339928976,1272925339928976,2022-10-21T17:07:52Z,train
001548,train,26.475494998599217,-82.17240750789641,1,1_ModerateDamage,1_ModerateDamage,grid_0.005_23295_19565,grid_0.005_23295_19565,V9j3Lpa2hEK7wUbA8cGd65,1273256169983462,1273256169983462,2022-10-20T14:28:37Z,train
001549,val,26.439485280156745,-82.06589162349701,1,1_ModerateDamage,1_ModerateDamage,grid_0.005_23287_19586,grid_0.005_23287_19586,bHW0YasAr5m2fTOgSIokNq,1274167786822981,1274167786822981,2022-10-22T17:18:47Z,train
001550,train,26.467600526957995,-82.1541953086853,1,1_ModerateDamage,1_ModerateDamage,grid_0.005_23293_19569,grid_0.005_23293_19569,V9j3Lpa2hEK7wUbA8cGd65,1274440433132530,1274440433132530,2022-10-20T14:26:24Z,train
001551,train,26.428211319274595,-82.10173666477203,1,1_ModerateDamage,1_ModerateDamage,grid_0.005_23285_19579,grid_0.005_23285_19579,0M2YgdFsf6GZmIwQJy5APK,1276252179931701,1276252179931701,2022-10-22T18:17:32Z,train
001552,train,26.44022979350035,-82.06631541252136,1,1_ModerateDamage,1_ModerateDamage,grid_0.005_23288_19586,grid_0.005_23288_19586,wJ8ZYp4KuVjgI6xsXOUWkA,1276985796259362,1276985796259362,2022-10-22T17:14:28Z,train
001553,train,26.49421579174202,-81.95641994476318,1,1_ModerateDamage,1_ModerateDamage,grid_0.005_23298_19608,grid_0.005_23298_19608,gti6f8hpWRsqrUX3FwLajT,1277854959517186,1277854959517186,2022-09-30T16:35:19Z,train
001554,train,26.448284639927905,-82.04697132110596,1,1_ModerateDamage,1_ModerateDamage,grid_0.005_23289_19590,grid_0.005_23289_19590,6e3WJg5uL72BZAq0QDM9hj,127898846996747,127898846996747,2022-10-20T16:57:42Z,train
001555,test,26.44356803611884,-82.06229209899902,1,1_ModerateDamage,1_ModerateDamage,grid_0.005_23288_19587,grid_0.005_23288_19587,mOxFlgIhNsDMV6H72nawdZ,1282939412321225,1282939412321225,2022-10-22T16:50:01Z,train
001556,val,26.45334684907425,-82.03903198242188,1,1_ModerateDamage,1_ModerateDamage,grid_0.005_23290_19592,grid_0.005_23290_19592,ZoPOLpxfckCaEiQWqzs2Hg,1282955535981515,1282955535981515,2022-10-20T16:07:38Z,train
001557,test,26.447799539892543,-82.03974545001984,1,1_ModerateDamage,1_ModerateDamage,grid_0.005_23289_19592,grid_0.005_23289_19592,cjXdAN6SYHtunWF5TIOlCq,1283542638879035,1283542638879035,2022-10-21T18:52:46Z,train
001558,val,26.452885784207098,-82.03840970993042,1,1_ModerateDamage,1_ModerateDamage,grid_0.005_23290_19592,grid_0.005_23290_19592,cjXdAN6SYHtunWF5TIOlCq,1285745262282470,1285745262282470,2022-10-21T18:53:55Z,train
001559,train,26.450268245546354,-82.12493240833284,1,1_ModerateDamage,1_ModerateDamage,grid_0.005_23290_19575,grid_0.005_23290_19575,2Paqk0DWtz8RdQbBmMsEnO,1285817992032705,1285817992032705,2022-10-20T14:21:34Z,train
001560,test,26.428091224279456,-82.09612548351288,1,1_ModerateDamage,1_ModerateDamage,grid_0.005_23285_19580,grid_0.005_23285_19580,n0eqGd6TKA3CmjSspwxEUl,1290529304938797,1290529304938797,2022-10-22T18:38:54Z,train
001561,test,26.426693309332265,-82.09527254104614,1,1_ModerateDamage,1_ModerateDamage,grid_0.005_23285_19580,grid_0.005_23285_19580,2ek5PhnmIQDEKNjtAzLxuV,1290577508212406,1290577508212406,2022-10-22T18:56:14Z,train
001562,train,26.43820758798094,-82.07011342048645,1,1_ModerateDamage,1_ModerateDamage,grid_0.005_23287_19585,grid_0.005_23287_19585,GFA5Eq24e1SxuJVjWM0kyt,1292231474751804,1292231474751804,2022-10-20T16:00:41Z,train
001563,val,26.44428370431872,-82.04816222190857,1,1_ModerateDamage,1_ModerateDamage,grid_0.005_23288_19590,grid_0.005_23288_19590,ZoPOLpxfckCaEiQWqzs2Hg,1295104401438009,1295104401438009,2022-10-20T16:04:05Z,train
001564,train,26.42975332789557,-82.0693624019623,1,1_ModerateDamage,1_ModerateDamage,grid_0.005_23285_19586,grid_0.005_23285_19586,njtp7LVIeUbyEwXSkgYzCT,1297093564265306,1297093564265306,2022-10-20T13:42:09Z,train
001565,train,26.44407236652097,-82.11170375347137,1,1_ModerateDamage,1_ModerateDamage,grid_0.005_23288_19577,grid_0.005_23288_19577,Hdxcg6t5vyaoX8lCwfM391,1298416654401659,1298416654401659,2022-10-20T15:43:51Z,train
001566,train,26.432159973026813,-82.1022891998291,1,1_ModerateDamage,1_ModerateDamage,grid_0.005_23286_19579,grid_0.005_23286_19579,5ZrTVbvnpkBCqAUuj4foc1,1299263967651021,1299263967651021,2022-10-22T18:27:52Z,train
001567,test,26.42644831218344,-82.09532082080841,1,1_ModerateDamage,1_ModerateDamage,grid_0.005_23285_19580,grid_0.005_23285_19580,Rd8l2zEjuKLNrOXf5Q3CDB,1299562553993429,1299562553993429,2022-10-20T13:50:52Z,train
001568,train,26.42352752175988,-82.08061158657074,1,1_ModerateDamage,1_ModerateDamage,grid_0.005_23284_19583,grid_0.005_23284_19583,yILRGFcu1KtAQg0WzVjEhZ,1299885540959342,1299885540959342,2022-10-22T19:07:33Z,train
001569,train,26.42381576094759,-82.08552539348602,1,1_ModerateDamage,1_ModerateDamage,grid_0.005_23284_19582,grid_0.005_23284_19582,yILRGFcu1KtAQg0WzVjEhZ,1300474404227628,1300474404227628,2022-10-22T19:05:49Z,train
001570,train,26.43205909669497,-82.08018243312836,1,1_ModerateDamage,1_ModerateDamage,grid_0.005_23286_19583,grid_0.005_23286_19583,8zouvat6BbkWiE0A1VYwfq,1301069590792011,1301069590792011,2022-10-22T19:09:06Z,train
001571,train,26.644744912157407,-82.04826951026917,1,1_ModerateDamage,1_ModerateDamage,grid_0.005_23328_19590,grid_0.005_23328_19590,AYscjdF84i3BtZO0SMQmNE,1301864910736963,1301864910736963,2022-10-01T18:43:29Z,train
001572,train,26.451046309123697,-82.04790472984314,1,1_ModerateDamage,1_ModerateDamage,grid_0.005_23290_19590,grid_0.005_23290_19590,cy8maM4ht0X3eRY9jKSwxo,1302087097392933,1302087097392933,2022-10-20T16:49:26Z,train
001573,train,26.429229719804468,-82.05908954143524,1,1_ModerateDamage,1_ModerateDamage,grid_0.005_23285_19588,grid_0.005_23285_19588,d9OWh4IQeMXLPraFD8HZpy,1302162603684354,1302162603684354,2022-10-21T17:06:46Z,train
001574,train,26.432140758494228,-82.10329234600067,1,1_ModerateDamage,1_ModerateDamage,grid_0.005_23286_19579,grid_0.005_23286_19579,5ZrTVbvnpkBCqAUuj4foc1,1302256160364151,1302256160364151,2022-10-22T18:28:04Z,train
001575,train,26.460512328237574,-82.14666903018951,1,1_ModerateDamage,1_ModerateDamage,grid_0.005_23292_19570,grid_0.005_23292_19570,OGaCM4S5pEvYyPLezZc0WK,1303032836962396,1303032836962396,2022-10-20T14:24:09Z,test
001576,train,26.470688271055,-82.16142654418945,1,1_ModerateDamage,1_ModerateDamage,grid_0.005_23294_19567,grid_0.005_23294_19567,V9j3Lpa2hEK7wUbA8cGd65,1304244193858195,1304244193858195,2022-10-20T14:27:13Z,train
001577,train,26.429349813613555,-82.093266248703,1,1_ModerateDamage,1_ModerateDamage,grid_0.005_23285_19581,grid_0.005_23285_19581,8DuCakHvNX3A4ErGBom1lf,1305181660373494,1305181660373494,2022-10-22T18:49:28Z,train
001578,train,26.45037390880977,-82.0211523771286,1,1_ModerateDamage,1_ModerateDamage,grid_0.005_23290_19595,grid_0.005_23290_19595,oA4ekOPWvzdE6Gc3J0qSLM,1306602966856734,1306602966856734,2022-10-21T17:50:54Z,train
001579,train,26.4522950421482,-82.02084124088287,1,1_ModerateDamage,1_ModerateDamage,grid_0.005_23290_19595,grid_0.005_23290_19595,DtjgKvhZzkac5eR0ICSP47,1306606906857940,1306606906857940,2022-10-21T17:43:56Z,train
001580,train,26.51067739131101,-81.95378065109253,1,1_ModerateDamage,1_ModerateDamage,grid_0.005_23302_19609,grid_0.005_23302_19609,0PV43Mhwl1DSCuTpoyvfFt,1307587553202072,1307587553202072,2022-09-30T16:05:50Z,train
001581,test,26.4482558221611,-82.03812539577484,1,1_ModerateDamage,1_ModerateDamage,grid_0.005_23289_19592,grid_0.005_23289_19592,vJTbXQK6BOxPeaoVgcHlrM,1307663006845964,1307663006845964,2022-10-22T19:49:24Z,train
001582,train,26.449259636789208,-82.03108191490173,1,1_ModerateDamage,1_ModerateDamage,grid_0.005_23289_19593,grid_0.005_23289_19593,9oftQ5hvKsIWYCqU7guZaA,1311561889691221,1311561889691221,2022-10-21T18:33:13Z,train
001583,train,26.452520773211383,-82.13355302810669,1,1_ModerateDamage,1_ModerateDamage,grid_0.005_23290_19573,grid_0.005_23290_19573,Hdxcg6t5vyaoX8lCwfM391,1313638965919617,1313638965919617,2022-10-20T15:40:26Z,train
001584,train,26.43756393317276,-82.04829096794128,1,1_ModerateDamage,1_ModerateDamage,grid_0.005_23287_19590,grid_0.005_23287_19590,cK9RIBTNm6s1M7DYd2raCk,131455319801378,131455319801378,2022-10-21T19:27:57Z,train
001585,test,26.42985420624538,-82.0989203453064,1,1_ModerateDamage,1_ModerateDamage,grid_0.005_23285_19580,grid_0.005_23285_19580,n0eqGd6TKA3CmjSspwxEUl,1315539162388299,1315539162388299,2022-10-22T18:32:24Z,train
001586,train,26.429503533506576,-82.09353446960449,1,1_ModerateDamage,1_ModerateDamage,grid_0.005_23285_19581,grid_0.005_23285_19581,8DuCakHvNX3A4ErGBom1lf,131659083283744,131659083283744,2022-10-22T18:47:12Z,train
001587,val,26.453399679305704,-82.03913390636444,1,1_ModerateDamage,1_ModerateDamage,grid_0.005_23290_19592,grid_0.005_23290_19592,0YIfZrHA3aCDs75ngd9Kcx,1316841422586507,1316841422586507,2022-10-20T16:34:20Z,train
001588,train,26.562288812818835,-82.01719343662262,1,1_ModerateDamage,1_ModerateDamage,grid_0.005_23312_19596,grid_0.005_23312_19596,TsSrYVLcjRQlIymM5oNWJ2,131809313023677,131809313023677,2022-10-02T12:17:27Z,train
001589,train,26.49403815299001,-81.95721387863158,1,1_ModerateDamage,1_ModerateDamage,grid_0.005_23298_19608,grid_0.005_23298_19608,JHDW6pvMyY8Q5lPqU0NFBV,1318315818760750,1318315818760750,2022-10-02T17:51:47Z,train
001590,train,26.435147793867728,-82.0517349243164,1,1_ModerateDamage,1_ModerateDamage,grid_0.005_23287_19589,grid_0.005_23287_19589,NyYzSUec6DpPEo8ZrBnL17,1319063808635722,1319063808635722,2022-10-21T19:18:20Z,train
001591,train,26.58654592869852,-81.89484179019928,1,1_ModerateDamage,1_ModerateDamage,grid_0.005_23317_19621,grid_0.005_23317_19621,8A7LHDQn1ygtXENFlMw6hP,1319522631997885,1319522631997885,2022-09-30T15:51:56Z,train
001592,train,26.43797702547785,-82.08021998405457,1,1_ModerateDamage,1_ModerateDamage,grid_0.005_23287_19583,grid_0.005_23287_19583,FDdzYnaCWL8jJN0GwxMkmV,132061536406191,132061536406191,2022-10-21T16:37:21Z,train
001593,val,26.443380712835705,-82.04763114452362,1,1_ModerateDamage,1_ModerateDamage,grid_0.005_23288_19590,grid_0.005_23288_19590,CDu3ifjIyq6W2ZEgm9Jecs,1320897218825920,1320897218825920,2022-10-22T19:34:19Z,train
001594,val,26.4391250300376,-82.06701278686523,1,1_ModerateDamage,1_ModerateDamage,grid_0.005_23287_19586,grid_0.005_23287_19586,GIdmeE2xtHZPsDkr8qAcoB,1321761008418462,1321761008418462,2022-10-22T17:23:39Z,train
001595,train,26.43890887942547,-82.0836853981018,1,1_ModerateDamage,1_ModerateDamage,grid_0.005_23287_19583,grid_0.005_23287_19583,eGaqwKdfoI8yJ7kgjAtD3F,1322301582045241,1322301582045241,2022-10-22T17:34:01Z,train
001596,train,26.45223740861435,-82.04964280128479,1,1_ModerateDamage,1_ModerateDamage,grid_0.005_23290_19590,grid_0.005_23290_19590,cy8maM4ht0X3eRY9jKSwxo,1322694631964317,1322694631964317,2022-10-20T16:47:02Z,train
001597,train,26.43949008348406,-82.0629358291626,1,1_ModerateDamage,1_ModerateDamage,grid_0.005_23287_19587,grid_0.005_23287_19587,X52NQsIPtuAZHEwoBkDhqv,1323081231808240,1323081231808240,2022-10-21T16:55:40Z,train
001598,train,26.42929697235297,-82.05893397331238,1,1_ModerateDamage,1_ModerateDamage,grid_0.005_23285_19588,grid_0.005_23285_19588,d9OWh4IQeMXLPraFD8HZpy,1323196541588292,1323196541588292,2022-10-21T17:06:48Z,train
001599,train,26.57062297794436,-81.90331220626831,1,1_ModerateDamage,1_ModerateDamage,grid_0.005_23314_19619,grid_0.005_23314_19619,R6NX8Ev17S4qMjZcJWGtfd,1323820591539896,1323820591539896,2022-10-11T15:19:23Z,train
001600,test,26.42734663251708,-82.0982551574707,1,1_ModerateDamage,1_ModerateDamage,grid_0.005_23285_19580,grid_0.005_23285_19580,mlt8kfA0uSC5rYi7VQhg2P,1324643171497823,1324643171497823,2022-10-20T15:51:10Z,train
001601,test,26.443563232961537,-82.06213653087616,1,1_ModerateDamage,1_ModerateDamage,grid_0.005_23288_19587,grid_0.005_23288_19587,mOxFlgIhNsDMV6H72nawdZ,1324795978113597,1324795978113597,2022-10-22T16:50:03Z,train
001602,train,26.560921318513262,-81.95017576217651,1,1_ModerateDamage,1_ModerateDamage,grid_0.005_23312_19609,grid_0.005_23312_19609,xK6cfvZPLDM7rywSqFXU9Q,132536032961712,132536032961712,2022-10-02T11:43:53Z,train
001603,train,26.511771867237726,-81.9640588760376,1,1_ModerateDamage,1_ModerateDamage,grid_0.005_23302_19607,grid_0.005_23302_19607,UiTVbHcRCdI730PgBtJYFL,1325410475041463,1325410475041463,2022-10-02T16:15:48Z,train
001604,train,26.511440645360395,-81.96405351161957,1,1_ModerateDamage,1_ModerateDamage,grid_0.005_23302_19607,grid_0.005_23302_19607,UiTVbHcRCdI730PgBtJYFL,1327304421214984,1327304421214984,2022-10-02T16:15:43Z,train
001605,train,26.43989356226349,-82.04295337200165,1,1_ModerateDamage,1_ModerateDamage,grid_0.005_23287_19591,grid_0.005_23287_19591,XAsVlIPBUv5ME0hunTGam1,1328045838139391,1328045838139391,2022-10-20T13:34:32Z,train
001606,train,26.427788584336795,-82.10091590881348,1,1_ModerateDamage,1_ModerateDamage,grid_0.005_23285_19579,grid_0.005_23285_19579,5ZrTVbvnpkBCqAUuj4foc1,1328877077972148,1328877077972148,2022-10-22T18:30:24Z,train
001607,train,26.44660359147417,-82.11703062057494,1,1_ModerateDamage,1_ModerateDamage,grid_0.005_23289_19576,grid_0.005_23289_19576,Hdxcg6t5vyaoX8lCwfM391,1329395190980921,1329395190980921,2022-10-20T15:42:24Z,train
001608,train,26.431242475520293,-82.06175565719604,1,1_ModerateDamage,1_ModerateDamage,grid_0.005_23286_19587,grid_0.005_23286_19587,d9OWh4IQeMXLPraFD8HZpy,1330917027449504,1330917027449504,2022-10-21T17:01:17Z,train
001609,train,26.528451733492105,-82.19197154045105,1,1_ModerateDamage,1_ModerateDamage,grid_0.005_23305_19561,grid_0.005_23305_19561,6o40Ksad9vEmtgTrx7VLPR,1331257187774520,1331257187774520,2022-10-20T14:58:47Z,train
001610,train,26.44397630375745,-82.03091025352478,1,1_ModerateDamage,1_ModerateDamage,grid_0.005_23288_19593,grid_0.005_23288_19593,n8NHRsX3PiA1YpCSMoy20F,1332892847546645,1332892847546645,2022-10-21T18:49:03Z,train
001611,train,26.55649244426776,-81.95869982242584,1,1_ModerateDamage,1_ModerateDamage,grid_0.005_23311_19608,grid_0.005_23311_19608,ZPlHNo3BhFseuWtwfCJd26,133362872860189,133362872860189,2022-10-02T11:48:09.333000Z,train
001612,test,26.4498455915233,-82.02888786792755,1,1_ModerateDamage,1_ModerateDamage,grid_0.005_23289_19594,grid_0.005_23289_19594,qLOwB6Mxsdzou8VFbWP7SU,1334114960796440,1334114960796440,2022-10-20T17:27:14Z,train
001613,train,26.503582246210726,-81.9779849052429,1,1_ModerateDamage,1_ModerateDamage,grid_0.005_23300_19604,grid_0.005_23300_19604,gGiay1PDJMqSpoxQ67F2fE,1336350810310723,1336350810310723,2022-10-02T15:44:54Z,train
001614,train,26.4970867799841,-81.9714617729187,1,1_ModerateDamage,1_ModerateDamage,grid_0.005_23299_19605,grid_0.005_23299_19605,RXf0eK8SQjNG3mF96dHBPA,1336765986910081,1336765986910081,2022-09-30T16:08:38Z,train
001615,train,26.573472864225096,-82.03531980514526,1,1_ModerateDamage,1_ModerateDamage,grid_0.005_23314_19592,grid_0.005_23314_19592,7KzyVZCGDc9EQamML5gwsT,1340781156795492,1340781156795492,2022-10-01T18:58:06Z,train
001616,train,26.43687224041587,-82.0750379562378,1,1_ModerateDamage,1_ModerateDamage,grid_0.005_23287_19584,grid_0.005_23287_19584,lAtIQeO0Rwg2YVoC6Pa93F,1341701623387547,1341701623387547,2022-10-22T19:29:41Z,train
001617,train,26.57838563302751,-81.88134491443634,1,1_ModerateDamage,1_ModerateDamage,grid_0.005_23315_19623,grid_0.005_23315_19623,eCyYuSTjx2BgQfoV1Nt6JH,134188909659621,134188909659621,2022-10-04T16:37:42Z,train
001618,test,26.440032858180658,-82.06378340721129,1,1_ModerateDamage,1_ModerateDamage,grid_0.005_23288_19587,grid_0.005_23288_19587,GFA5Eq24e1SxuJVjWM0kyt,1343402183260249,1343402183260249,2022-10-20T16:01:44Z,train
001619,train,26.44022018690721,-82.0661598443985,1,1_ModerateDamage,1_ModerateDamage,grid_0.005_23288_19586,grid_0.005_23288_19586,wJ8ZYp4KuVjgI6xsXOUWkA,1343781819682028,1343781819682028,2022-10-22T17:14:25Z,train
001620,train,26.59863898317012,-82.03191876411438,1,1_ModerateDamage,1_ModerateDamage,grid_0.005_23319_19593,grid_0.005_23319_19593,wtW748o169ZOVqShdaXple,1347180492785047,1347180492785047,2022-10-02T12:24:59.142000Z,train
001621,train,26.450229822517443,-82.04946577548981,1,1_ModerateDamage,1_ModerateDamage,grid_0.005_23290_19590,grid_0.005_23290_19590,6e3WJg5uL72BZAq0QDM9hj,1348867412391655,1348867412391655,2022-10-20T16:55:09Z,train
001622,val,26.452837756510604,-82.03839898109437,1,1_ModerateDamage,1_ModerateDamage,grid_0.005_23290_19592,grid_0.005_23290_19592,cjXdAN6SYHtunWF5TIOlCq,1349147392596183,1349147392596183,2022-10-21T18:53:54Z,train
001623,train,26.451906015235,-82.02585160732269,1,1_ModerateDamage,1_ModerateDamage,grid_0.005_23290_19594,grid_0.005_23290_19594,oA4ekOPWvzdE6Gc3J0qSLM,1350207645711313,1350207645711313,2022-10-21T17:53:21Z,train
001624,train,26.450834983733785,-82.0200687646866,1,1_ModerateDamage,1_ModerateDamage,grid_0.005_23290_19595,grid_0.005_23290_19595,DtjgKvhZzkac5eR0ICSP47,1350710805760207,1350710805760207,2022-10-21T17:45:35Z,train
001625,train,26.45189640961557,-82.02652752399445,1,1_ModerateDamage,1_ModerateDamage,grid_0.005_23290_19594,grid_0.005_23290_19594,oA4ekOPWvzdE6Gc3J0qSLM,1355431785212998,1355431785212998,2022-10-21T17:57:36Z,train
001626,train,26.648657352840004,-81.85465157032013,1,1_ModerateDamage,1_ModerateDamage,grid_0.005_23329_19629,grid_0.005_23329_19629,OxYSHNnDlusU3fieJTMwZE,1355735448308818,1355735448308818,2022-10-04T17:46:29Z,train
001627,train,26.45087340656079,-82.1297174692154,1,1_ModerateDamage,1_ModerateDamage,grid_0.005_23290_19574,grid_0.005_23290_19574,Hdxcg6t5vyaoX8lCwfM391,1357698388201102,1357698388201102,2022-10-20T15:40:53Z,train
001628,train,26.42981097267769,-82.10632860660553,1,1_ModerateDamage,1_ModerateDamage,grid_0.005_23285_19578,grid_0.005_23285_19578,mlt8kfA0uSC5rYi7VQhg2P,1359044421340735,1359044421340735,2022-10-20T15:49:06Z,train
001629,val,26.450911829374974,-82.03987956047058,1,1_ModerateDamage,1_ModerateDamage,grid_0.005_23290_19592,grid_0.005_23290_19592,6e3WJg5uL72BZAq0QDM9hj,1361940461204625,1361940461204625,2022-10-20T17:00:09Z,train
001630,test,26.427389867009,-82.09916710853577,1,1_ModerateDamage,1_ModerateDamage,grid_0.005_23285_19580,grid_0.005_23285_19580,mlt8kfA0uSC5rYi7VQhg2P,1362540141335070,1362540141335070,2022-10-20T15:50:59Z,train
001631,train,26.455676158982115,-82.04991102218627,1,1_ModerateDamage,1_ModerateDamage,grid_0.005_23291_19590,grid_0.005_23291_19590,YokgWzSGxZtXC8EUIeavm5,1363254744598597,1363254744598597,2022-10-20T16:42:46Z,train
001632,train,26.439999235043658,-82.07324624061584,1,1_ModerateDamage,1_ModerateDamage,grid_0.005_23287_19585,grid_0.005_23287_19585,FDdzYnaCWL8jJN0GwxMkmV,136704392333937,136704392333937,2022-10-21T16:43:01Z,train
001633,train,26.43765039447543,-82.07740366458893,1,1_ModerateDamage,1_ModerateDamage,grid_0.005_23287_19584,grid_0.005_23287_19584,FDdzYnaCWL8jJN0GwxMkmV,1368186290653426,1368186290653426,2022-10-21T16:38:27Z,train
001634,train,26.42562204345053,-82.09318041801453,1,1_ModerateDamage,1_ModerateDamage,grid_0.005_23285_19581,grid_0.005_23285_19581,8isur9JBeVPXWMDpmQNSqw,1368573307037315,1368573307037315,2022-10-20T15:52:11Z,train
001635,test,26.44824621623724,-82.03503549098969,1,1_ModerateDamage,1_ModerateDamage,grid_0.005_23289_19592,grid_0.005_23289_19592,9oftQ5hvKsIWYCqU7guZaA,1372975343462374,1372975343462374,2022-10-21T18:25:31Z,train
001636,train,26.466774553371835,-82.15321362018585,1,1_ModerateDamage,1_ModerateDamage,grid_0.005_23293_19569,grid_0.005_23293_19569,V9j3Lpa2hEK7wUbA8cGd65,1373881753177409,1373881753177409,2022-10-20T14:26:16Z,train
001637,train,26.569768957812,-81.90275967121124,1,1_ModerateDamage,1_ModerateDamage,grid_0.005_23313_19619,grid_0.005_23313_19619,x5dDWwRLGpSfraO7AbKz16,1379692299279748,1379692299279748,2022-09-29T19:15:45Z,train
001638,train,26.42626576494976,-82.08012342453003,1,1_ModerateDamage,1_ModerateDamage,grid_0.005_23285_19583,grid_0.005_23285_19583,8isur9JBeVPXWMDpmQNSqw,1381228649276421,1381228649276421,2022-10-20T15:56:54Z,train
001639,val,26.45220859183661,-82.03858137130737,1,1_ModerateDamage,1_ModerateDamage,grid_0.005_23290_19592,grid_0.005_23290_19592,uGWfqep3o2ws7cldtXQBLk,138310962411543,138310962411543,2022-10-21T19:05:33Z,train
001640,train,26.45070050373829,-82.0507264137268,1,1_ModerateDamage,1_ModerateDamage,grid_0.005_23290_19589,grid_0.005_23290_19589,cy8maM4ht0X3eRY9jKSwxo,1383865682394087,1383865682394087,2022-10-20T16:48:32Z,train
001641,test,26.44707428751427,-82.02543318271637,1,1_ModerateDamage,1_ModerateDamage,grid_0.005_23289_19594,grid_0.005_23289_19594,5bS0CBxDknPTVWIs6OLvru,1384370482099208,1384370482099208,2022-10-21T17:20:56Z,train
001642,train,26.59685940321685,-81.94155514240265,1,1_ModerateDamage,1_ModerateDamage,grid_0.005_23319_19611,grid_0.005_23319_19611,C4Jw1xS3BjmcTDEkyU0gNO,1387873375388389,1387873375388389,2022-10-01T19:35:27Z,train
001643,train,26.51011094792024,-81.95452094078064,1,1_ModerateDamage,1_ModerateDamage,grid_0.005_23302_19609,grid_0.005_23302_19609,0PV43Mhwl1DSCuTpoyvfFt,1389321625250297,1389321625250297,2022-09-30T16:05:56Z,train
001644,test,26.42954196344781,-82.09761142730713,1,1_ModerateDamage,1_ModerateDamage,grid_0.005_23285_19580,grid_0.005_23285_19580,n0eqGd6TKA3CmjSspwxEUl,1389368661620856,1389368661620856,2022-10-22T18:34:47Z,test
001645,train,26.43816916092913,-82.07981765270233,1,1_ModerateDamage,1_ModerateDamage,grid_0.005_23287_19584,grid_0.005_23287_19584,FDdzYnaCWL8jJN0GwxMkmV,138957765697976,138957765697976,2022-10-21T16:40:05Z,train
001646,train,26.45975834103613,-82.1460145711899,1,1_ModerateDamage,1_ModerateDamage,grid_0.005_23291_19570,grid_0.005_23291_19570,5bepm7EUv2gLRdyB0VZTJ1,138988072544338,138988072544338,2022-10-20T15:38:23Z,train
001647,train,26.43807309324353,-82.08021998405457,1,1_ModerateDamage,1_ModerateDamage,grid_0.005_23287_19583,grid_0.005_23287_19583,FDdzYnaCWL8jJN0GwxMkmV,1391791008315312,1391791008315312,2022-10-21T16:37:22Z,test
001648,test,26.44808771837772,-82.03967034816742,1,1_ModerateDamage,1_ModerateDamage,grid_0.005_23289_19592,grid_0.005_23289_19592,cjXdAN6SYHtunWF5TIOlCq,1392271348209817,1392271348209817,2022-10-21T18:52:49Z,train
001649,train,26.46733160597616,-82.1538519859314,1,1_ModerateDamage,1_ModerateDamage,grid_0.005_23293_19569,grid_0.005_23293_19569,V9j3Lpa2hEK7wUbA8cGd65,1394276081144737,1394276081144737,2022-10-20T14:26:21Z,train
001650,test,26.429844598787284,-82.09932804107666,1,1_ModerateDamage,1_ModerateDamage,grid_0.005_23285_19580,grid_0.005_23285_19580,n0eqGd6TKA3CmjSspwxEUl,1394941964410814,1394941964410814,2022-10-22T18:35:20Z,train
001651,train,26.43043545596961,-82.09650099277496,1,1_ModerateDamage,1_ModerateDamage,grid_0.005_23286_19580,grid_0.005_23286_19580,0M2YgdFsf6GZmIwQJy5APK,1397252950852613,1397252950852613,2022-10-22T18:19:07Z,train
001652,train,26.43399494612917,-82.05932021141052,1,1_ModerateDamage,1_ModerateDamage,grid_0.005_23286_19588,grid_0.005_23286_19588,X52NQsIPtuAZHEwoBkDhqv,1397616604310737,1397616604310737,2022-10-21T16:59:47Z,train
001653,train,26.437333369381776,-82.04437494277954,1,1_ModerateDamage,1_ModerateDamage,grid_0.005_23287_19591,grid_0.005_23287_19591,PioLgY63BXl1ItahOyTeME,1399710214109480,1399710214109480,2022-10-21T17:10:22Z,train
001654,train,26.43608927763272,-82.07785964012146,1,1_ModerateDamage,1_ModerateDamage,grid_0.005_23287_19584,grid_0.005_23287_19584,FDdzYnaCWL8jJN0GwxMkmV,1399930820815315,1399930820815315,2022-10-21T16:39:00Z,test
001655,train,26.505219257004786,-81.97802245616914,1,1_ModerateDamage,1_ModerateDamage,grid_0.005_23301_19604,grid_0.005_23301_19604,X5lqZsudxrJMCFcQmwtD9L,1400887334094713,1400887334094713,2022-10-02T17:16:18Z,train
001656,train,26.423657229483524,-82.08368003368378,1,1_ModerateDamage,1_ModerateDamage,grid_0.005_23284_19583,grid_0.005_23284_19583,aLbXpouwqyjD4cWNZMfF2Y,1402009253979995,1402009253979995,2022-10-20T13:45:10Z,train
001657,val,26.450858998002147,-82.03894078731538,1,1_ModerateDamage,1_ModerateDamage,grid_0.005_23290_19592,grid_0.005_23290_19592,uGWfqep3o2ws7cldtXQBLk,140640881900060,140640881900060,2022-10-21T19:05:50Z,train
001659,train,26.453644619153124,-82.04778671264648,1,1_ModerateDamage,1_ModerateDamage,grid_0.005_23290_19590,grid_0.005_23290_19590,cy8maM4ht0X3eRY9jKSwxo,140894665681841,140894665681841,2022-10-20T16:52:16Z,train
001660,train,26.447727495158603,-82.04847335815431,1,1_ModerateDamage,1_ModerateDamage,grid_0.005_23289_19590,grid_0.005_23289_19590,6e3WJg5uL72BZAq0QDM9hj,1410208016430273,1410208016430273,2022-10-20T16:57:18Z,train
001661,train,26.588335263228554,-81.88462793827058,1,1_ModerateDamage,1_ModerateDamage,grid_0.005_23317_19623,grid_0.005_23317_19623,LAfaqUIhtYyXgkoBSlTnVQ,1411029413015311,1411029413015311,2022-09-30T15:23:21Z,train
001662,train,26.42370526934413,-82.08451688289641,1,1_ModerateDamage,1_ModerateDamage,grid_0.005_23284_19583,grid_0.005_23284_19583,yILRGFcu1KtAQg0WzVjEhZ,1411293166326133,1411293166326133,2022-10-22T19:06:05Z,train
001663,test,26.42717849822773,-82.09734857082367,1,1_ModerateDamage,1_ModerateDamage,grid_0.005_23285_19580,grid_0.005_23285_19580,Rd8l2zEjuKLNrOXf5Q3CDB,1411650172946151,1411650172946151,2022-10-20T13:52:33Z,train
001664,train,26.442362437353225,-82.03851163387299,1,1_ModerateDamage,1_ModerateDamage,grid_0.005_23288_19592,grid_0.005_23288_19592,oAbgmNBZR9JTjufiX5eCxP,1415620182339026,1415620182339026,2022-10-20T17:02:57Z,train
001665,train,26.42558361220256,-82.07049429416656,1,1_ModerateDamage,1_ModerateDamage,grid_0.005_23285_19585,grid_0.005_23285_19585,aLbXpouwqyjD4cWNZMfF2Y,1416376115899003,1416376115899003,2022-10-20T13:42:53Z,train
001666,val,26.44063807296891,-82.05844044685364,1,1_ModerateDamage,1_ModerateDamage,grid_0.005_23288_19588,grid_0.005_23288_19588,X52NQsIPtuAZHEwoBkDhqv,141655732076004,141655732076004,2022-10-21T16:56:55Z,test
001667,train,26.6661322430316,-81.8306565284729,1,1_ModerateDamage,1_ModerateDamage,grid_0.005_23333_19633,grid_0.005_23333_19633,sQhXIrmbztd4325OKqMlcy,1417652762349609,1417652762349609,2022-10-04T17:50:18Z,train
001668,train,26.62157437949324,-81.862011551857,1,1_ModerateDamage,1_ModerateDamage,grid_0.005_23324_19627,grid_0.005_23324_19627,0n7hGLKEry3cxT9IVFBND1,1419918562118662,1419918562118662,2022-09-30T20:11:36Z,test
001669,train,26.44583990707225,-82.06673383712769,1,1_ModerateDamage,1_ModerateDamage,grid_0.005_23289_19586,grid_0.005_23289_19586,wsuK3zob9RL5EY1FcZThlt,1421378782034491,1421378782034491,2022-10-22T16:57:55Z,train
001670,train,26.423537129744417,-82.08043456077576,1,1_ModerateDamage,1_ModerateDamage,grid_0.005_23284_19583,grid_0.005_23284_19583,8isur9JBeVPXWMDpmQNSqw,1422085355310445,1422085355310445,2022-10-20T15:56:16Z,train
001671,test,26.42746192445948,-82.09997713565828,1,1_ModerateDamage,1_ModerateDamage,grid_0.005_23285_19580,grid_0.005_23285_19580,n0eqGd6TKA3CmjSspwxEUl,1422215485209282,1422215485209282,2022-10-22T18:36:53Z,train
001672,train,26.43674254756172,-82.04689085483551,1,1_ModerateDamage,1_ModerateDamage,grid_0.005_23287_19590,grid_0.005_23287_19590,CDu3ifjIyq6W2ZEgm9Jecs,1423353501775263,1423353501775263,2022-10-22T19:38:01Z,train
001673,train,26.59297397076045,-82.03567922115326,1,1_ModerateDamage,1_ModerateDamage,grid_0.005_23318_19592,grid_0.005_23318_19592,GUTHyQZaqr5AKCSzi3wuc8,1423549075133137,1423549075133137,2022-10-01T18:52:10Z,train
001674,train,26.428225730665616,-82.10089981555939,1,1_ModerateDamage,1_ModerateDamage,grid_0.005_23285_19579,grid_0.005_23285_19579,n0eqGd6TKA3CmjSspwxEUl,1424184155071552,1424184155071552,2022-10-22T18:36:11Z,train
001675,train,26.43145864051193,-82.09622740745544,1,1_ModerateDamage,1_ModerateDamage,grid_0.005_23286_19580,grid_0.005_23286_19580,5ZrTVbvnpkBCqAUuj4foc1,1429178351210427,1429178351210427,2022-10-22T18:25:49Z,train
001676,train,26.48686996027716,-81.99291408061981,1,1_ModerateDamage,1_ModerateDamage,grid_0.005_23297_19601,grid_0.005_23297_19601,o3urlx7HenjaMLPT9hqkEs,143060572128090,143060572128090,2022-10-22T19:58:48Z,train
001677,train,26.437323762547123,-82.04442858695984,1,1_ModerateDamage,1_ModerateDamage,grid_0.005_23287_19591,grid_0.005_23287_19591,PioLgY63BXl1ItahOyTeME,1433372187070044,1433372187070044,2022-10-21T17:10:21Z,train
001678,val,26.45186759275248,-82.03865647315979,1,1_ModerateDamage,1_ModerateDamage,grid_0.005_23290_19592,grid_0.005_23290_19592,cjXdAN6SYHtunWF5TIOlCq,143719711838469,143719711838469,2022-10-21T18:53:39Z,train
001679,test,26.449418133036005,-82.02983736991881,1,1_ModerateDamage,1_ModerateDamage,grid_0.005_23289_19594,grid_0.005_23289_19594,nyw9GxcmVequiNU27Ka6LA,1438040983632057,1438040983632057,2022-10-21T18:39:32Z,train
001680,test,26.42727937883076,-82.09770798683167,1,1_ModerateDamage,1_ModerateDamage,grid_0.005_23285_19580,grid_0.005_23285_19580,Rd8l2zEjuKLNrOXf5Q3CDB,1439801053456009,1439801053456009,2022-10-20T13:52:38Z,train
001681,val,26.44367370552878,-82.05911636352539,1,1_ModerateDamage,1_ModerateDamage,grid_0.005_23288_19588,grid_0.005_23288_19588,mOxFlgIhNsDMV6H72nawdZ,1440963636444269,1440963636444269,2022-10-22T16:50:49Z,train
001682,train,26.56239917129689,-81.90767884254456,1,1_ModerateDamage,1_ModerateDamage,grid_0.005_23312_19618,grid_0.005_23312_19618,x5dDWwRLGpSfraO7AbKz16,1443468613141640,1443468613141640,2022-09-29T19:17:41Z,train
001683,train,26.44730483181175,-82.0485270023346,1,1_ModerateDamage,1_ModerateDamage,grid_0.005_23289_19590,grid_0.005_23289_19590,6e3WJg5uL72BZAq0QDM9hj,1449509025840856,1449509025840856,2022-10-20T16:57:10Z,train
001684,train,26.43824121164077,-82.0790559053421,1,1_ModerateDamage,1_ModerateDamage,grid_0.005_23287_19584,grid_0.005_23287_19584,FDdzYnaCWL8jJN0GwxMkmV,145003234734523,145003234734523,2022-10-21T16:40:14Z,train
001685,val,26.444960943285963,-82.04532980918884,1,1_ModerateDamage,1_ModerateDamage,grid_0.005_23288_19590,grid_0.005_23288_19590,vJTbXQK6BOxPeaoVgcHlrM,1450170099078616,1450170099078616,2022-10-22T19:47:40Z,train
001686,train,26.434158266926616,-82.10146844387054,1,1_ModerateDamage,1_ModerateDamage,grid_0.005_23286_19579,grid_0.005_23286_19579,0M2YgdFsf6GZmIwQJy5APK,1452744988792534,1452744988792534,2022-10-22T18:21:02Z,train
001687,train,26.43860146452316,-82.05028116703033,1,1_ModerateDamage,1_ModerateDamage,grid_0.005_23287_19589,grid_0.005_23287_19589,ZD02REoSqG75BNbzd4CTlv,145449321681145,145449321681145,2022-10-21T19:11:25Z,train
001688,train,26.42364762150899,-82.08348155021667,1,1_ModerateDamage,1_ModerateDamage,grid_0.005_23284_19583,grid_0.005_23284_19583,yILRGFcu1KtAQg0WzVjEhZ,1454647558643311,1454647558643311,2022-10-22T19:06:51Z,train
001689,train,26.44282834753525,-82.0539665222168,1,1_ModerateDamage,1_ModerateDamage,grid_0.005_23288_19589,grid_0.005_23288_19589,6Enx3OZopQHazvV5Aye4tg,145630001636921,145630001636921,2022-10-21T19:35:57Z,train
001690,train,26.432020667592937,-82.06119775772095,1,1_ModerateDamage,1_ModerateDamage,grid_0.005_23286_19587,grid_0.005_23286_19587,d9OWh4IQeMXLPraFD8HZpy,145645018322832,145645018322832,2022-10-21T17:00:40Z,train
001691,train,26.43422551659945,-82.09845900535583,1,1_ModerateDamage,1_ModerateDamage,grid_0.005_23286_19580,grid_0.005_23286_19580,0M2YgdFsf6GZmIwQJy5APK,1458201348348023,1458201348348023,2022-10-22T18:20:21Z,train
001692,val,26.44290519851826,-82.0552808046341,1,1_ModerateDamage,1_ModerateDamage,grid_0.005_23288_19588,grid_0.005_23288_19588,wJ8ZYp4KuVjgI6xsXOUWkA,1460649508099798,1460649508099798,2022-10-22T17:08:15Z,train
001693,train,26.424382629248,-82.0897525548935,1,1_ModerateDamage,1_ModerateDamage,grid_0.005_23284_19582,grid_0.005_23284_19582,8isur9JBeVPXWMDpmQNSqw,1460926724676469,1460926724676469,2022-10-20T15:53:07Z,train
001694,train,26.464286992459407,-82.1525913476944,1,1_ModerateDamage,1_ModerateDamage,grid_0.005_23292_19569,grid_0.005_23292_19569,5bepm7EUv2gLRdyB0VZTJ1,1461350158009469,1461350158009469,2022-10-20T15:36:43Z,train
001695,test,26.446315409275822,-82.02562093734741,1,1_ModerateDamage,1_ModerateDamage,grid_0.005_23289_19594,grid_0.005_23289_19594,oAbgmNBZR9JTjufiX5eCxP,1461975987890340,1461975987890340,2022-10-20T17:07:33Z,train
001696,train,26.440657286084715,-82.03759431838989,1,1_ModerateDamage,1_ModerateDamage,grid_0.005_23288_19592,grid_0.005_23288_19592,5bS0CBxDknPTVWIs6OLvru,146247431561353,146247431561353,2022-10-21T17:18:07Z,train
001697,val,26.44292921443996,-82.04723954200745,1,1_ModerateDamage,1_ModerateDamage,grid_0.005_23288_19590,grid_0.005_23288_19590,cAwCT0DeaQh89tvBRsHUz4,1463552097726791,1463552097726791,2022-10-22T19:45:24Z,train
001698,val,26.45348132597941,-82.03660190105438,1,1_ModerateDamage,1_ModerateDamage,grid_0.005_23290_19592,grid_0.005_23290_19592,vJTbXQK6BOxPeaoVgcHlrM,1463990227767705,1463990227767705,2022-10-22T19:50:15Z,train
001699,train,26.57337690961145,-82.034010887146,1,1_ModerateDamage,1_ModerateDamage,grid_0.005_23314_19593,grid_0.005_23314_19593,IbPKsX6RDFErtiJYACNo9z,1465557720927981,1465557720927981,2022-10-01T18:58:50Z,train
001700,train,26.50445596161886,-81.97795808315277,1,1_ModerateDamage,1_ModerateDamage,grid_0.005_23300_19604,grid_0.005_23300_19604,X5lqZsudxrJMCFcQmwtD9L,1465844904233066,1465844904233066,2022-10-02T17:17:27Z,train
001701,test,26.427999951999467,-82.09612011909485,1,1_ModerateDamage,1_ModerateDamage,grid_0.005_23285_19580,grid_0.005_23285_19580,n0eqGd6TKA3CmjSspwxEUl,1466558014189848,1466558014189848,2022-10-22T18:38:51Z,train
001702,val,26.4505372063898,-82.039595246315,1,1_ModerateDamage,1_ModerateDamage,grid_0.005_23290_19592,grid_0.005_23290_19592,0YIfZrHA3aCDs75ngd9Kcx,1467503104061885,1467503104061885,2022-10-20T16:36:39Z,train
001703,test,26.449182790045583,-82.03939139842987,1,1_ModerateDamage,1_ModerateDamage,grid_0.005_23289_19592,grid_0.005_23289_19592,ZoPOLpxfckCaEiQWqzs2Hg,147108228388323,147108228388323,2022-10-20T16:05:58Z,train
001704,train,26.433432928675344,-82.05484092235565,1,1_ModerateDamage,1_ModerateDamage,grid_0.005_23286_19589,grid_0.005_23286_19589,cK9RIBTNm6s1M7DYd2raCk,147120461515162,147120461515162,2022-10-21T19:26:11Z,train
001705,train,26.51031736405561,-81.95425271987915,1,1_ModerateDamage,1_ModerateDamage,grid_0.005_23302_19609,grid_0.005_23302_19609,0PV43Mhwl1DSCuTpoyvfFt,147411328302831,147411328302831,2022-09-30T16:05:54Z,train
001706,train,26.603354016720743,-81.87173187732697,1,1_ModerateDamage,1_ModerateDamage,grid_0.005_23320_19625,grid_0.005_23320_19625,3b7Seq5IvynogcVhRjwrHT,1474504996618734,1474504996618734,2022-10-04T17:18:06Z,train
001707,val,26.44470637875113,-82.0467460155487,1,1_ModerateDamage,1_ModerateDamage,grid_0.005_23288_19590,grid_0.005_23288_19590,vJTbXQK6BOxPeaoVgcHlrM,147726464944433,147726464944433,2022-10-22T19:46:35Z,train
001708,train,26.452347872862248,-82.05054938793182,1,1_ModerateDamage,1_ModerateDamage,grid_0.005_23290_19589,grid_0.005_23290_19589,cy8maM4ht0X3eRY9jKSwxo,1481533039259727,1481533039259727,2022-10-20T16:47:38Z,train
001709,train,26.434590585567364,-82.04847872257233,1,1_ModerateDamage,1_ModerateDamage,grid_0.005_23286_19590,grid_0.005_23286_19590,PioLgY63BXl1ItahOyTeME,148418928013039,148418928013039,2022-10-21T17:08:42Z,train
001710,train,26.42408478353932,-82.07443177700043,1,1_ModerateDamage,1_ModerateDamage,grid_0.005_23284_19585,grid_0.005_23284_19585,aLbXpouwqyjD4cWNZMfF2Y,1484785602264479,1484785602264479,2022-10-20T13:43:40Z,test
001711,train,26.45795259365046,-82.04257249832153,1,1_ModerateDamage,1_ModerateDamage,grid_0.005_23291_19591,grid_0.005_23291_19591,0YIfZrHA3aCDs75ngd9Kcx,148982728199463,148982728199463,2022-10-20T16:31:07Z,train
001712,train,26.44369291813836,-82.06688940525055,1,1_ModerateDamage,1_ModerateDamage,grid_0.005_23288_19586,grid_0.005_23288_19586,mOxFlgIhNsDMV6H72nawdZ,149248421455241,149248421455241,2022-10-22T16:48:43Z,train
001713,train,26.42364762150899,-82.08342790603638,1,1_ModerateDamage,1_ModerateDamage,grid_0.005_23284_19583,grid_0.005_23284_19583,aLbXpouwqyjD4cWNZMfF2Y,1496482767847906,1496482767847906,2022-10-20T13:45:08Z,test
001714,test,26.440719728689004,-82.06138014793395,1,1_ModerateDamage,1_ModerateDamage,grid_0.005_23288_19587,grid_0.005_23288_19587,GFA5Eq24e1SxuJVjWM0kyt,149653604745722,149653604745722,2022-10-20T16:02:05Z,train
001715,train,26.44266023583117,-82.10809886455536,1,1_ModerateDamage,1_ModerateDamage,grid_0.005_23288_19578,grid_0.005_23288_19578,mlt8kfA0uSC5rYi7VQhg2P,1498331430700685,1498331430700685,2022-10-20T15:45:07Z,train
001716,train,26.45557050058386,-82.0425456762314,1,1_ModerateDamage,1_ModerateDamage,grid_0.005_23291_19591,grid_0.005_23291_19591,YokgWzSGxZtXC8EUIeavm5,149901704722246,149901704722246,2022-10-20T16:38:21Z,test
001717,train,26.435906745667083,-82.05057621002197,1,1_ModerateDamage,1_ModerateDamage,grid_0.005_23287_19589,grid_0.005_23287_19589,cK9RIBTNm6s1M7DYd2raCk,1504084323416919,1504084323416919,2022-10-21T19:27:15Z,train
001718,val,26.45122401426505,-82.03885495662689,1,1_ModerateDamage,1_ModerateDamage,grid_0.005_23290_19592,grid_0.005_23290_19592,ZoPOLpxfckCaEiQWqzs2Hg,1504635890275384,1504635890275384,2022-10-20T16:06:56Z,train
001719,val,26.44179085424695,-82.04664409160614,1,1_ModerateDamage,1_ModerateDamage,grid_0.005_23288_19590,grid_0.005_23288_19590,CDu3ifjIyq6W2ZEgm9Jecs,150514778043407,150514778043407,2022-10-22T19:34:40Z,train
001720,train,26.42864366022121,-82.06327915191649,1,1_ModerateDamage,1_ModerateDamage,grid_0.005_23285_19587,grid_0.005_23285_19587,njtp7LVIeUbyEwXSkgYzCT,1509275486272262,1509275486272262,2022-10-20T13:40:35Z,train
001721,test,26.446392257932544,-82.03837215900421,1,1_ModerateDamage,1_ModerateDamage,grid_0.005_23289_19592,grid_0.005_23289_19592,n8NHRsX3PiA1YpCSMoy20F,1513794349158605,1513794349158605,2022-10-21T18:51:48Z,train
001722,train,26.425002338014707,-82.071653008461,1,1_ModerateDamage,1_ModerateDamage,grid_0.005_23285_19585,grid_0.005_23285_19585,aLbXpouwqyjD4cWNZMfF2Y,1514776515721383,1514776515721383,2022-10-20T13:43:17Z,train
001723,val,26.45381271482539,-82.03977763652802,1,1_ModerateDamage,1_ModerateDamage,grid_0.005_23290_19592,grid_0.005_23290_19592,0DuASRpWhNdcQmeEMBIaX8,151541174606884,151541174606884,2022-10-20T16:23:45Z,test
001724,val,26.45195884612749,-82.03862965106964,1,1_ModerateDamage,1_ModerateDamage,grid_0.005_23290_19592,grid_0.005_23290_19592,cjXdAN6SYHtunWF5TIOlCq,151634017683133,151634017683133,2022-10-21T18:53:40Z,train
001725,train,26.450767743755648,-82.02392041683197,1,1_ModerateDamage,1_ModerateDamage,grid_0.005_23290_19595,grid_0.005_23290_19595,oA4ekOPWvzdE6Gc3J0qSLM,1518146791998481,1518146791998481,2022-10-21T17:52:17Z,train
001726,test,26.447463330748576,-82.02769160270691,1,1_ModerateDamage,1_ModerateDamage,grid_0.005_23289_19594,grid_0.005_23289_19594,nyw9GxcmVequiNU27Ka6LA,1521427864934541,1521427864934541,2022-10-21T18:37:30Z,train
001727,train,26.431823718244,-82.0962381362915,1,1_ModerateDamage,1_ModerateDamage,grid_0.005_23286_19580,grid_0.005_23286_19580,0M2YgdFsf6GZmIwQJy5APK,152575757837634,152575757837634,2022-10-22T18:19:30Z,train
001728,train,26.449009884684955,-82.03207433223724,1,1_ModerateDamage,1_ModerateDamage,grid_0.005_23289_19593,grid_0.005_23289_19593,Zw6rtyuVDIGF5YfAngi7bX,1528377587902002,1528377587902002,2022-10-20T18:17:08Z,train
001729,train,26.448515181802733,-82.12113976478577,1,1_ModerateDamage,1_ModerateDamage,grid_0.005_23289_19575,grid_0.005_23289_19575,2Paqk0DWtz8RdQbBmMsEnO,1530849440784737,1530849440784737,2022-10-20T14:21:06Z,train
001730,train,26.557687249516466,-81.95331931114197,1,1_ModerateDamage,1_ModerateDamage,grid_0.005_23311_19609,grid_0.005_23311_19609,xK6cfvZPLDM7rywSqFXU9Q,1534132713716992,1534132713716992,2022-10-02T11:45:22Z,train
001731,test,26.449831182836093,-82.03923046588898,1,1_ModerateDamage,1_ModerateDamage,grid_0.005_23289_19592,grid_0.005_23289_19592,uGWfqep3o2ws7cldtXQBLk,1534931863640921,1534931863640921,2022-10-21T19:06:01Z,test
001732,train,26.54924177266616,-81.98744773864746,1,1_ModerateDamage,1_ModerateDamage,grid_0.005_23309_19602,grid_0.005_23309_19602,LdAR3S0E9p7g5saOr1qQXy,1544332552672735,1544332552672735,2022-10-02T12:05:03Z,train
001733,val,26.44448063237222,-82.04747557640076,1,1_ModerateDamage,1_ModerateDamage,grid_0.005_23288_19590,grid_0.005_23288_19590,vJTbXQK6BOxPeaoVgcHlrM,1544371396097453,1544371396097453,2022-10-22T19:46:27Z,train
001734,test,26.446920591059623,-82.02542781829834,1,1_ModerateDamage,1_ModerateDamage,grid_0.005_23289_19594,grid_0.005_23289_19594,5bS0CBxDknPTVWIs6OLvru,154516777345610,154516777345610,2022-10-21T17:20:54Z,train
001735,train,26.44802047679568,-82.05445468425751,1,1_ModerateDamage,1_ModerateDamage,grid_0.005_23289_19589,grid_0.005_23289_19589,fkzvtDXqFTJgKBrMpHPWEi,1545733969268454,1545733969268454,2022-10-21T20:13:18Z,train
001736,train,26.442689054997857,-82.0334529876709,1,1_ModerateDamage,1_ModerateDamage,grid_0.005_23288_19593,grid_0.005_23288_19593,5bS0CBxDknPTVWIs6OLvru,154649274030306,154649274030306,2022-10-21T17:18:58Z,train
001737,train,26.449970466737,-82.02046036720276,1,1_ModerateDamage,1_ModerateDamage,grid_0.005_23289_19595,grid_0.005_23289_19595,DtjgKvhZzkac5eR0ICSP47,154965190678189,154965190678189,2022-10-21T17:46:13Z,train
001738,train,26.43812593048054,-82.06456661224365,1,1_ModerateDamage,1_ModerateDamage,grid_0.005_23287_19587,grid_0.005_23287_19587,ojkNER9alymT7XHIBhWvS2,155075457313172,155075457313172,2022-10-21T16:48:19Z,train
001739,train,26.50773473546376,-81.96967005729675,1,1_ModerateDamage,1_ModerateDamage,grid_0.005_23301_19606,grid_0.005_23301_19606,UiTVbHcRCdI730PgBtJYFL,1554773365047199,1554773365047199,2022-10-02T16:10:44Z,train
001740,train,26.433159124307565,-82.05882668495178,1,1_ModerateDamage,1_ModerateDamage,grid_0.005_23286_19588,grid_0.005_23286_19588,NyYzSUec6DpPEo8ZrBnL17,1554902388349443,1554902388349443,2022-10-21T19:21:13Z,train
001741,train,26.42927295359017,-82.10462808609007,1,1_ModerateDamage,1_ModerateDamage,grid_0.005_23285_19579,grid_0.005_23285_19579,mlt8kfA0uSC5rYi7VQhg2P,155494134199055,155494134199055,2022-10-20T15:49:56Z,train
001742,train,26.557260192042435,-81.98243737220764,1,1_ModerateDamage,1_ModerateDamage,grid_0.005_23311_19603,grid_0.005_23311_19603,ixkKL50cubymHt6NBgvFT3,1561804064282547,1561804064282547,2022-10-02T12:02:58Z,train
001743,train,26.43537836203156,-82.05653607845305,1,1_ModerateDamage,1_ModerateDamage,grid_0.005_23287_19588,grid_0.005_23287_19588,X52NQsIPtuAZHEwoBkDhqv,156249627195305,156249627195305,2022-10-21T16:58:47Z,train
001744,train,26.43222242023562,-82.06107974052429,1,1_ModerateDamage,1_ModerateDamage,grid_0.005_23286_19587,grid_0.005_23286_19587,d9OWh4IQeMXLPraFD8HZpy,1562610967593659,1562610967593659,2022-10-21T17:04:17Z,train
001745,train,26.445047399037776,-82.0588481426239,1,1_ModerateDamage,1_ModerateDamage,grid_0.005_23289_19588,grid_0.005_23289_19588,vItnjg2h4oOkUXx819qbfM,156321553837464,156321553837464,2022-10-21T20:16:07Z,train
001746,train,26.43387966072106,-82.0497554540634,1,1_ModerateDamage,1_ModerateDamage,grid_0.005_23286_19590,grid_0.005_23286_19590,PioLgY63BXl1ItahOyTeME,156381337158743,156381337158743,2022-10-21T17:08:28Z,test
001747,test,26.44996566384667,-82.03919291496277,1,1_ModerateDamage,1_ModerateDamage,grid_0.005_23289_19592,grid_0.005_23289_19592,uGWfqep3o2ws7cldtXQBLk,1570439640067553,1570439640067553,2022-10-21T19:05:59Z,train
001748,train,26.4386302847051,-82.04388678073883,1,1_ModerateDamage,1_ModerateDamage,grid_0.005_23287_19591,grid_0.005_23287_19591,PioLgY63BXl1ItahOyTeME,1570964770039737,1570964770039737,2022-10-21T17:10:52Z,train
001749,val,26.43949969013809,-82.06764578819275,1,1_ModerateDamage,1_ModerateDamage,grid_0.005_23287_19586,grid_0.005_23287_19586,bHW0YasAr5m2fTOgSIokNq,1572000489990333,1572000489990333,2022-10-22T17:20:41Z,train
001750,train,26.598245655212565,-82.03293800354004,1,1_ModerateDamage,1_ModerateDamage,grid_0.005_23319_19593,grid_0.005_23319_19593,ZHJK5CzPYGdvf9RW8qkujl,1573952063013513,1573952063013513,2022-10-01T18:51:19Z,train
001751,train,26.43849098709229,-82.0502918958664,1,1_ModerateDamage,1_ModerateDamage,grid_0.005_23287_19589,grid_0.005_23287_19589,ZD02REoSqG75BNbzd4CTlv,1577810899331386,1577810899331386,2022-10-21T19:17:07Z,test
001752,train,26.4522950421482,-82.02114164829254,1,1_ModerateDamage,1_ModerateDamage,grid_0.005_23290_19595,grid_0.005_23290_19595,DtjgKvhZzkac5eR0ICSP47,158080983299265,158080983299265,2022-10-21T17:43:31Z,train
001753,test,26.44993684650049,-82.03765869140625,1,1_ModerateDamage,1_ModerateDamage,grid_0.005_23289_19592,grid_0.005_23289_19592,hVtUpWFmwBTMDKgo9CRPIS,158087643301218,158087643301218,2022-10-21T21:22:29Z,train
001754,train,26.446195333147045,-82.05854773521423,1,1_ModerateDamage,1_ModerateDamage,grid_0.005_23289_19588,grid_0.005_23289_19588,vItnjg2h4oOkUXx819qbfM,158426896970967,158426896970967,2022-10-21T20:16:48Z,train
001755,train,26.44628178797238,-82.03133940696716,1,1_ModerateDamage,1_ModerateDamage,grid_0.005_23289_19593,grid_0.005_23289_19593,9oftQ5hvKsIWYCqU7guZaA,1585838965178154,1585838965178154,2022-10-21T18:29:58Z,train
001756,train,26.440719728689004,-82.03843116760254,1,1_ModerateDamage,1_ModerateDamage,grid_0.005_23288_19592,grid_0.005_23288_19592,n8NHRsX3PiA1YpCSMoy20F,158840753590699,158840753590699,2022-10-21T18:50:44Z,train
001757,train,26.437852137262723,-82.06452906131744,1,1_ModerateDamage,1_ModerateDamage,grid_0.005_23287_19587,grid_0.005_23287_19587,X52NQsIPtuAZHEwoBkDhqv,1588586561589747,1588586561589747,2022-10-21T16:53:33Z,test
001758,train,26.444499844847243,-82.03019678592682,1,1_ModerateDamage,1_ModerateDamage,grid_0.005_23288_19593,grid_0.005_23288_19593,5bS0CBxDknPTVWIs6OLvru,1589543104809262,1589543104809262,2022-10-21T17:19:39Z,train
001759,val,26.439533313420867,-82.06778526306152,1,1_ModerateDamage,1_ModerateDamage,grid_0.005_23287_19586,grid_0.005_23287_19586,bHW0YasAr5m2fTOgSIokNq,159770943775688,159770943775688,2022-10-22T17:19:43Z,train
001760,train,26.445618965986554,-82.04325914382935,1,1_ModerateDamage,1_ModerateDamage,grid_0.005_23289_19591,grid_0.005_23289_19591,uGWfqep3o2ws7cldtXQBLk,1603395180122005,1603395180122005,2022-10-21T19:07:13Z,train
001761,test,26.44970630747136,-82.02886641025545,1,1_ModerateDamage,1_ModerateDamage,grid_0.005_23289_19594,grid_0.005_23289_19594,nyw9GxcmVequiNU27Ka6LA,160680153381430,160680153381430,2022-10-21T18:42:57Z,test
001762,train,26.54938573486953,-81.95797562599182,1,1_ModerateDamage,1_ModerateDamage,grid_0.005_23309_19608,grid_0.005_23309_19608,Ji8ThzOkeWg6AvlIbStQjm,1610162299480783,1610162299480783,2022-10-01T19:18:52Z,train
001763,train,26.424358609461308,-82.08965599536896,1,1_ModerateDamage,1_ModerateDamage,grid_0.005_23284_19582,grid_0.005_23284_19582,8isur9JBeVPXWMDpmQNSqw,1611249436030125,1611249436030125,2022-10-20T15:53:26Z,train
001765,train,26.43668010280213,-82.07702815532684,1,1_ModerateDamage,1_ModerateDamage,grid_0.005_23287_19584,grid_0.005_23287_19584,FDdzYnaCWL8jJN0GwxMkmV,162191743252285,162191743252285,2022-10-21T16:38:41Z,train
001766,train,26.44192534464472,-82.04294800758362,1,1_ModerateDamage,1_ModerateDamage,grid_0.005_23288_19591,grid_0.005_23288_19591,cK9RIBTNm6s1M7DYd2raCk,162343653250291,162343653250291,2022-10-21T19:31:41Z,train
001767,train,26.424036743836822,-82.07595527172089,1,1_ModerateDamage,1_ModerateDamage,grid_0.005_23284_19584,grid_0.005_23284_19584,aLbXpouwqyjD4cWNZMfF2Y,1624002628076784,1624002628076784,2022-10-20T13:43:51Z,train
001768,train,26.42835543310364,-82.10224092006683,1,1_ModerateDamage,1_ModerateDamage,grid_0.005_23285_19579,grid_0.005_23285_19579,Rd8l2zEjuKLNrOXf5Q3CDB,1627985714381028,1627985714381028,2022-10-20T13:53:24Z,train
001769,val,26.453519747923465,-82.03931093215942,1,1_ModerateDamage,1_ModerateDamage,grid_0.005_23290_19592,grid_0.005_23290_19592,ZoPOLpxfckCaEiQWqzs2Hg,1631482254029177,1631482254029177,2022-10-20T16:07:42Z,train
001770,train,26.497754106444035,-81.97057664394379,1,1_ModerateDamage,1_ModerateDamage,grid_0.005_23299_19605,grid_0.005_23299_19605,RXf0eK8SQjNG3mF96dHBPA,1634113670419613,1634113670419613,2022-09-30T16:08:30Z,train
001771,test,26.448678482018224,-82.03951478004456,1,1_ModerateDamage,1_ModerateDamage,grid_0.005_23289_19592,grid_0.005_23289_19592,cjXdAN6SYHtunWF5TIOlCq,163442369367909,163442369367909,2022-10-21T18:52:55Z,train
001772,train,26.43117522410687,-82.06146597862244,1,1_ModerateDamage,1_ModerateDamage,grid_0.005_23286_19587,grid_0.005_23286_19587,d9OWh4IQeMXLPraFD8HZpy,163647576006477,163647576006477,2022-10-21T17:01:26Z,train
001773,val,26.44254495909232,-82.04711616039276,1,1_ModerateDamage,1_ModerateDamage,grid_0.005_23288_19590,grid_0.005_23288_19590,CDu3ifjIyq6W2ZEgm9Jecs,163866813355671,163866813355671,2022-10-22T19:34:31Z,train
001774,train,26.438582251064545,-82.04829633235931,1,1_ModerateDamage,1_ModerateDamage,grid_0.005_23287_19590,grid_0.005_23287_19590,cK9RIBTNm6s1M7DYd2raCk,164375056358049,164375056358049,2022-10-21T19:28:19Z,train
001775,val,26.452981839539987,-82.03849017620087,1,1_ModerateDamage,1_ModerateDamage,grid_0.005_23290_19592,grid_0.005_23290_19592,0YIfZrHA3aCDs75ngd9Kcx,1644420129410405,1644420129410405,2022-10-20T16:34:34Z,train
001776,train,26.42355154171972,-82.08080470561981,1,1_ModerateDamage,1_ModerateDamage,grid_0.005_23284_19583,grid_0.005_23284_19583,8isur9JBeVPXWMDpmQNSqw,1644909679362055,1644909679362055,2022-10-20T15:56:11Z,train
001777,val,26.44483606264108,-82.05925583839417,1,1_ModerateDamage,1_ModerateDamage,grid_0.005_23288_19588,grid_0.005_23288_19588,vItnjg2h4oOkUXx819qbfM,1645016859277345,1645016859277345,2022-10-21T20:16:00Z,train
001778,train,26.42910962587031,-82.06979155540466,1,1_ModerateDamage,1_ModerateDamage,grid_0.005_23285_19586,grid_0.005_23285_19586,aLbXpouwqyjD4cWNZMfF2Y,164667719839847,164667719839847,2022-10-20T13:42:16Z,train
001779,train,26.44211267029428,-82.03499794006348,1,1_ModerateDamage,1_ModerateDamage,grid_0.005_23288_19593,grid_0.005_23288_19593,n8NHRsX3PiA1YpCSMoy20F,165335209572509,165335209572509,2022-10-21T18:49:47Z,train
001780,train,26.42940265484991,-82.1021980047226,1,1_ModerateDamage,1_ModerateDamage,grid_0.005_23285_19579,grid_0.005_23285_19579,5ZrTVbvnpkBCqAUuj4foc1,165912429815901,165912429815901,2022-10-22T18:29:08Z,train
001781,train,26.44339031916533,-82.11018562316895,1,1_ModerateDamage,1_ModerateDamage,grid_0.005_23288_19577,grid_0.005_23288_19577,2Paqk0DWtz8RdQbBmMsEnO,1661306530999367,1661306530999367,2022-10-20T14:19:28Z,train
001782,train,26.45011935623792,-82.02779352664948,1,1_ModerateDamage,1_ModerateDamage,grid_0.005_23290_19594,grid_0.005_23290_19594,oA4ekOPWvzdE6Gc3J0qSLM,166391796105727,166391796105727,2022-10-21T17:58:51Z,train
001783,test,26.42738506317737,-82.09911346435547,1,1_ModerateDamage,1_ModerateDamage,grid_0.005_23285_19580,grid_0.005_23285_19580,mlt8kfA0uSC5rYi7VQhg2P,1664507770725433,1664507770725433,2022-10-20T15:51:00Z,train
001784,train,26.52926286519444,-82.19259381294252,1,1_ModerateDamage,1_ModerateDamage,grid_0.005_23305_19561,grid_0.005_23305_19561,6o40Ksad9vEmtgTrx7VLPR,166496913090836,166496913090836,2022-10-20T14:58:34Z,train
001785,train,26.45566655367722,-82.04521179199219,1,1_ModerateDamage,1_ModerateDamage,grid_0.005_23291_19590,grid_0.005_23291_19590,YokgWzSGxZtXC8EUIeavm5,1665802587266281,1665802587266281,2022-10-20T16:38:55Z,train
001786,train,26.437328565964563,-82.08021998405457,1,1_ModerateDamage,1_ModerateDamage,grid_0.005_23287_19583,grid_0.005_23287_19583,FDdzYnaCWL8jJN0GwxMkmV,166775916069842,166775916069842,2022-10-21T16:39:48Z,train
001787,train,26.42972930922784,-82.10087299346924,1,1_ModerateDamage,1_ModerateDamage,grid_0.005_23285_19579,grid_0.005_23285_19579,n0eqGd6TKA3CmjSspwxEUl,1678795175951318,1678795175951318,2022-10-22T18:35:42Z,test
001788,train,26.44056602375605,-82.03842580318451,1,1_ModerateDamage,1_ModerateDamage,grid_0.005_23288_19592,grid_0.005_23288_19592,oAbgmNBZR9JTjufiX5eCxP,1685079111986703,1685079111986703,2022-10-20T17:03:20Z,train
001789,train,26.450782152325687,-82.02377021312714,1,1_ModerateDamage,1_ModerateDamage,grid_0.005_23290_19595,grid_0.005_23290_19595,qLOwB6Mxsdzou8VFbWP7SU,168690889400891,168690889400891,2022-10-20T17:26:22Z,train
001790,train,26.429431477332244,-82.09352374076843,1,1_ModerateDamage,1_ModerateDamage,grid_0.005_23285_19581,grid_0.005_23285_19581,8DuCakHvNX3A4ErGBom1lf,1688716444926876,1688716444926876,2022-10-22T18:49:02Z,test
001791,train,26.436175740041847,-82.0775431394577,1,1_ModerateDamage,1_ModerateDamage,grid_0.005_23287_19584,grid_0.005_23287_19584,FDdzYnaCWL8jJN0GwxMkmV,168892439197759,168892439197759,2022-10-21T16:38:57Z,train
001792,test,26.440686105752448,-82.06148743629456,1,1_ModerateDamage,1_ModerateDamage,grid_0.005_23288_19587,grid_0.005_23288_19587,GFA5Eq24e1SxuJVjWM0kyt,1689253258155254,1689253258155254,2022-10-20T16:02:04Z,train
001793,train,26.43223683112514,-82.0991563796997,1,1_ModerateDamage,1_ModerateDamage,grid_0.005_23286_19580,grid_0.005_23286_19580,5ZrTVbvnpkBCqAUuj4foc1,1691300424665634,1691300424665634,2022-10-22T18:27:02Z,train
001794,train,26.5716017347613,-81.94375991821289,1,1_ModerateDamage,1_ModerateDamage,grid_0.005_23314_19611,grid_0.005_23314_19611,n08LMX7RkoOsFI4BAj52zT,1693710131067449,1693710131067449,2022-10-01T19:30:41Z,train
001795,train,26.502871747464223,-81.97797954082489,1,1_ModerateDamage,1_ModerateDamage,grid_0.005_23300_19604,grid_0.005_23300_19604,gGiay1PDJMqSpoxQ67F2fE,1696755627430517,1696755627430517,2022-10-02T15:45:01Z,train
001796,train,26.424041547807988,-82.07574605941772,1,1_ModerateDamage,1_ModerateDamage,grid_0.005_23284_19584,grid_0.005_23284_19584,aLbXpouwqyjD4cWNZMfF2Y,169846212747295,169846212747295,2022-10-20T13:43:50Z,train
001797,train,26.52912847690625,-82.1922880411148,1,1_ModerateDamage,1_ModerateDamage,grid_0.005_23305_19561,grid_0.005_23305_19561,UrYR9Pj1lqNfZIh4g76Ozp,169847206073494,169847206073494,2022-10-20T14:47:07Z,train
001798,train,26.588982870709685,-81.9374567270279,1,1_ModerateDamage,1_ModerateDamage,grid_0.005_23317_19612,grid_0.005_23317_19612,RzaBZgGVuFHNtYlpPnj9wq,169930999000300,169930999000300,2022-10-02T11:24:52.750000Z,train
001799,train,26.51756089536586,-81.94124937057494,1,1_ModerateDamage,1_ModerateDamage,grid_0.005_23303_19611,grid_0.005_23303_19611,yncdCTLtEA1KWF8xI7hjbm,1702340956856196,1702340956856196,2022-10-02T18:02:06Z,train
001800,train,26.440066481307863,-82.07303702831268,1,1_ModerateDamage,1_ModerateDamage,grid_0.005_23288_19585,grid_0.005_23288_19585,eGaqwKdfoI8yJ7kgjAtD3F,1707419883046433,1707419883046433,2022-10-22T17:30:36Z,train
001801,train,26.44022018690721,-82.06636369228363,1,1_ModerateDamage,1_ModerateDamage,grid_0.005_23288_19586,grid_0.005_23288_19586,wJ8ZYp4KuVjgI6xsXOUWkA,171103722615196,171103722615196,2022-10-22T17:16:23Z,train
001802,train,26.42511763230148,-82.07141160964966,1,1_ModerateDamage,1_ModerateDamage,grid_0.005_23285_19585,grid_0.005_23285_19585,aLbXpouwqyjD4cWNZMfF2Y,1711421095964245,1711421095964245,2022-10-20T13:43:14Z,train
001803,train,26.42990704725049,-82.09128141403198,1,1_ModerateDamage,1_ModerateDamage,grid_0.005_23285_19581,grid_0.005_23285_19581,8DuCakHvNX3A4ErGBom1lf,171280919126391,171280919126391,2022-10-22T18:50:12Z,train
001804,train,26.494042954040992,-81.95687592029572,1,1_ModerateDamage,1_ModerateDamage,grid_0.005_23298_19608,grid_0.005_23298_19608,JHDW6pvMyY8Q5lPqU0NFBV,172017782522335,172017782522335,2022-10-02T17:51:48Z,train
001805,train,26.62178059493712,-81.862011551857,1,1_ModerateDamage,1_ModerateDamage,grid_0.005_23324_19627,grid_0.005_23324_19627,0n7hGLKEry3cxT9IVFBND1,172026465848850,172026465848850,2022-09-30T20:11:38Z,train
001806,val,26.45357738081553,-82.03939139842987,1,1_ModerateDamage,1_ModerateDamage,grid_0.005_23290_19592,grid_0.005_23290_19592,ZoPOLpxfckCaEiQWqzs2Hg,173208799067176,173208799067176,2022-10-20T16:07:44Z,train
001807,train,26.508656423706327,-81.9669395685196,1,1_ModerateDamage,1_ModerateDamage,grid_0.005_23301_19606,grid_0.005_23301_19606,UiTVbHcRCdI730PgBtJYFL,173531855534463,173531855534463,2022-10-02T16:14:20Z,train
001808,train,26.429455496062047,-82.09353446960449,1,1_ModerateDamage,1_ModerateDamage,grid_0.005_23285_19581,grid_0.005_23285_19581,8DuCakHvNX3A4ErGBom1lf,1740186973100536,1740186973100536,2022-10-22T18:47:10Z,train
001809,train,26.425223318629747,-82.09211826324463,1,1_ModerateDamage,1_ModerateDamage,grid_0.005_23285_19581,grid_0.005_23285_19581,8isur9JBeVPXWMDpmQNSqw,1742635772847406,1742635772847406,2022-10-20T15:52:26Z,train
001810,train,26.572129492319945,-81.90329074859619,1,1_ModerateDamage,1_ModerateDamage,grid_0.005_23314_19619,grid_0.005_23314_19619,R6NX8Ev17S4qMjZcJWGtfd,174518445437319,174518445437319,2022-10-11T15:18:16Z,train
001811,train,26.431199242473312,-82.06129431724548,1,1_ModerateDamage,1_ModerateDamage,grid_0.005_23286_19587,grid_0.005_23286_19587,d9OWh4IQeMXLPraFD8HZpy,175417525183925,175417525183925,2022-10-21T17:03:16Z,train
001812,test,26.441579511876128,-82.06378877162933,1,1_ModerateDamage,1_ModerateDamage,grid_0.005_23288_19587,grid_0.005_23288_19587,wJ8ZYp4KuVjgI6xsXOUWkA,1754976878293314,1754976878293314,2022-10-22T17:11:33Z,train
001813,val,26.44375055594786,-82.05897688865663,1,1_ModerateDamage,1_ModerateDamage,grid_0.005_23288_19588,grid_0.005_23288_19588,mOxFlgIhNsDMV6H72nawdZ,175573128652052,175573128652052,2022-10-22T16:50:52Z,train
001814,train,26.4342783556006,-82.05662190914154,1,1_ModerateDamage,1_ModerateDamage,grid_0.005_23286_19588,grid_0.005_23286_19588,NyYzSUec6DpPEo8ZrBnL17,175647665212736,175647665212736,2022-10-21T19:21:55Z,train
001815,train,26.55649244426776,-81.95922553539276,1,1_ModerateDamage,1_ModerateDamage,grid_0.005_23311_19608,grid_0.005_23311_19608,lR0cupJwszIVy8CWaMS2jT,176973784952687,176973784952687,2022-10-02T11:48:15Z,train
001816,test,26.426890267446936,-82.09649562835693,1,1_ModerateDamage,1_ModerateDamage,grid_0.005_23285_19580,grid_0.005_23285_19580,Rd8l2zEjuKLNrOXf5Q3CDB,177179418671151,177179418671151,2022-10-20T13:52:18Z,train
001817,train,26.47057302237508,-82.16092228889465,1,1_ModerateDamage,1_ModerateDamage,grid_0.005_23294_19567,grid_0.005_23294_19567,V9j3Lpa2hEK7wUbA8cGd65,177214738658793,177214738658793,2022-10-20T14:27:09Z,train
001818,train,26.428523565676457,-82.10262179374695,1,1_ModerateDamage,1_ModerateDamage,grid_0.005_23285_19579,grid_0.005_23285_19579,Rd8l2zEjuKLNrOXf5Q3CDB,177234355144447,177234355144447,2022-10-20T13:53:28Z,train
001819,train,26.4504315432762,-82.04940676689147,1,1_ModerateDamage,1_ModerateDamage,grid_0.005_23290_19590,grid_0.005_23290_19590,cy8maM4ht0X3eRY9jKSwxo,177949905256529,177949905256529,2022-10-20T16:48:54Z,train
001820,train,26.443289452664345,-82.03218698501587,1,1_ModerateDamage,1_ModerateDamage,grid_0.005_23288_19593,grid_0.005_23288_19593,n8NHRsX3PiA1YpCSMoy20F,177978518193872,177978518193872,2022-10-21T18:49:18Z,train
001821,train,26.50483520964572,-81.97772741317749,1,1_ModerateDamage,1_ModerateDamage,grid_0.005_23300_19604,grid_0.005_23300_19604,X5lqZsudxrJMCFcQmwtD9L,1796054067455935,1796054067455935,2022-10-02T17:14:11Z,train
001822,train,26.42920570102765,-82.10442960262299,1,1_ModerateDamage,1_ModerateDamage,grid_0.005_23285_19579,grid_0.005_23285_19579,mlt8kfA0uSC5rYi7VQhg2P,1799896110412612,1799896110412612,2022-10-20T15:49:58Z,test
001823,train,26.459619068974533,-82.04643487930298,1,1_ModerateDamage,1_ModerateDamage,grid_0.005_23291_19590,grid_0.005_23291_19590,cjXdAN6SYHtunWF5TIOlCq,180025871334346,180025871334346,2022-10-21T18:55:51Z,train
001824,train,26.426688505471603,-82.0801341533661,1,1_ModerateDamage,1_ModerateDamage,grid_0.005_23285_19583,grid_0.005_23285_19583,yILRGFcu1KtAQg0WzVjEhZ,180047608158502,180047608158502,2022-10-22T19:08:20Z,train
001825,train,26.432092722148724,-82.10354447364806,1,1_ModerateDamage,1_ModerateDamage,grid_0.005_23286_19579,grid_0.005_23286_19579,5ZrTVbvnpkBCqAUuj4foc1,1804394043295771,1804394043295771,2022-10-22T18:28:09Z,train
001826,train,26.55857494816373,-81.95800244808197,1,1_ModerateDamage,1_ModerateDamage,grid_0.005_23311_19608,grid_0.005_23311_19608,Xah4pm35Ebk28x6dWLtjV9,1805812989816241,1805812989816241,2022-10-01T19:17:24Z,train
001827,train,26.432400154413955,-82.05700814723969,1,1_ModerateDamage,1_ModerateDamage,grid_0.005_23286_19588,grid_0.005_23286_19588,cK9RIBTNm6s1M7DYd2raCk,180667007991286,180667007991286,2022-10-21T19:25:42Z,test
001828,train,26.438543824137668,-82.0583063364029,1,1_ModerateDamage,1_ModerateDamage,grid_0.005_23287_19588,grid_0.005_23287_19588,X52NQsIPtuAZHEwoBkDhqv,180963857902638,180963857902638,2022-10-21T16:57:15Z,train
001829,train,26.452290239354834,-82.0207929611206,1,1_ModerateDamage,1_ModerateDamage,grid_0.005_23290_19595,grid_0.005_23290_19595,DtjgKvhZzkac5eR0ICSP47,180973804557049,180973804557049,2022-10-21T17:43:58Z,train
001830,val,26.45325079404581,-82.03895151615143,1,1_ModerateDamage,1_ModerateDamage,grid_0.005_23290_19592,grid_0.005_23290_19592,uGWfqep3o2ws7cldtXQBLk,181299587855345,181299587855345,2022-10-21T19:05:09Z,train
001831,train,26.42818249648718,-82.10177421569824,1,1_ModerateDamage,1_ModerateDamage,grid_0.005_23285_19579,grid_0.005_23285_19579,0M2YgdFsf6GZmIwQJy5APK,1815397348855667,1815397348855667,2022-10-22T18:17:30Z,train
001832,train,26.42969087934908,-82.05802738666534,1,1_ModerateDamage,1_ModerateDamage,grid_0.005_23285_19588,grid_0.005_23285_19588,d9OWh4IQeMXLPraFD8HZpy,181883927785984,181883927785984,2022-10-21T17:06:59Z,test
001833,test,26.44779473691169,-82.03977763652802,1,1_ModerateDamage,1_ModerateDamage,grid_0.005_23289_19592,grid_0.005_23289_19592,uGWfqep3o2ws7cldtXQBLk,1820197295005762,1820197295005762,2022-10-21T19:06:23Z,train
001834,test,26.42818249648718,-82.09612011909485,1,1_ModerateDamage,1_ModerateDamage,grid_0.005_23285_19580,grid_0.005_23285_19580,n0eqGd6TKA3CmjSspwxEUl,182434121225685,182434121225685,2022-10-22T18:38:57Z,test
001835,train,26.455440828780738,-82.04389750957489,1,1_ModerateDamage,1_ModerateDamage,grid_0.005_23291_19591,grid_0.005_23291_19591,YokgWzSGxZtXC8EUIeavm5,1829603207454608,1829603207454608,2022-10-20T16:38:39Z,train
001836,train,26.443471972934773,-82.05149352550507,1,1_ModerateDamage,1_ModerateDamage,grid_0.005_23288_19589,grid_0.005_23288_19589,6Enx3OZopQHazvV5Aye4tg,1832928847071965,1832928847071965,2022-10-21T19:35:29Z,train
001837,test,26.44386102833549,-82.0601087808609,1,1_ModerateDamage,1_ModerateDamage,grid_0.005_23288_19587,grid_0.005_23288_19587,vItnjg2h4oOkUXx819qbfM,1834701296890043,1834701296890043,2022-10-21T20:15:34Z,train
001838,test,26.445518101436942,-82.03848481178284,1,1_ModerateDamage,1_ModerateDamage,grid_0.005_23289_19592,grid_0.005_23289_19592,oAbgmNBZR9JTjufiX5eCxP,183492274442162,183492274442162,2022-10-20T17:02:23Z,train
001839,train,26.438582251064545,-82.0718514919281,1,1_ModerateDamage,1_ModerateDamage,grid_0.005_23287_19585,grid_0.005_23287_19585,ojkNER9alymT7XHIBhWvS2,183985124243323,183985124243323,2022-10-21T16:43:37Z,train
001840,val,26.44455267913696,-82.05968499183655,1,1_ModerateDamage,1_ModerateDamage,grid_0.005_23288_19588,grid_0.005_23288_19588,vItnjg2h4oOkUXx819qbfM,1839870399718992,1839870399718992,2022-10-21T20:15:52Z,train
001841,train,26.461424790220704,-82.14760780334473,1,1_ModerateDamage,1_ModerateDamage,grid_0.005_23292_19570,grid_0.005_23292_19570,5bepm7EUv2gLRdyB0VZTJ1,1843325939395039,1843325939395039,2022-10-20T15:38:06Z,train
001842,train,26.45107992903634,-82.02208042144775,1,1_ModerateDamage,1_ModerateDamage,grid_0.005_23290_19595,grid_0.005_23290_19595,oA4ekOPWvzdE6Gc3J0qSLM,184898887477242,184898887477242,2022-10-21T17:51:31Z,train
001843,train,26.44041231861806,-82.0381361246109,1,1_ModerateDamage,1_ModerateDamage,grid_0.005_23288_19592,grid_0.005_23288_19592,n8NHRsX3PiA1YpCSMoy20F,1851399705216889,1851399705216889,2022-10-21T18:50:33Z,train
001844,train,26.43997041520413,-82.07346618175507,1,1_ModerateDamage,1_ModerateDamage,grid_0.005_23287_19585,grid_0.005_23287_19585,FDdzYnaCWL8jJN0GwxMkmV,186150240701513,186150240701513,2022-10-21T16:42:58Z,train
001845,val,26.453298821570044,-82.0389461517334,1,1_ModerateDamage,1_ModerateDamage,grid_0.005_23290_19592,grid_0.005_23290_19592,0YIfZrHA3aCDs75ngd9Kcx,186203120815558,186203120815558,2022-10-20T16:34:23Z,train
001846,train,26.43024330762475,-82.10372149944305,1,1_ModerateDamage,1_ModerateDamage,grid_0.005_23286_19579,grid_0.005_23286_19579,5ZrTVbvnpkBCqAUuj4foc1,1872377199826427,1872377199826427,2022-10-22T18:22:51Z,train
001847,train,26.4403931054614,-82.03823804855347,1,1_ModerateDamage,1_ModerateDamage,grid_0.005_23288_19592,grid_0.005_23288_19592,n8NHRsX3PiA1YpCSMoy20F,187493967219444,187493967219444,2022-10-21T18:50:37Z,train
001848,val,26.444960943285963,-82.04568386077882,1,1_ModerateDamage,1_ModerateDamage,grid_0.005_23288_19590,grid_0.005_23288_19590,vJTbXQK6BOxPeaoVgcHlrM,1879275805778597,1879275805778597,2022-10-22T19:46:46Z,train
001849,train,26.42523292647297,-82.09209144115448,1,1_ModerateDamage,1_ModerateDamage,grid_0.005_23285_19581,grid_0.005_23285_19581,aLbXpouwqyjD4cWNZMfF2Y,188342450873111,188342450873111,2022-10-20T13:48:42Z,train
001850,train,26.48171319430149,-82.17778265476227,1,1_ModerateDamage,1_ModerateDamage,grid_0.005_23296_19564,grid_0.005_23296_19564,2FqKfe7p8ltGyoBMwk1naW,188527564189383,188527564189383,2022-10-20T15:16:09Z,train
001851,val,26.45181476181814,-82.03005194664001,1,1_ModerateDamage,1_ModerateDamage,grid_0.005_23290_19593,grid_0.005_23290_19593,oA4ekOPWvzdE6Gc3J0qSLM,188623143774863,188623143774863,2022-10-21T17:56:27Z,train
001852,train,26.443106932104783,-82.05276489257812,1,1_ModerateDamage,1_ModerateDamage,grid_0.005_23288_19589,grid_0.005_23288_19589,ZoPOLpxfckCaEiQWqzs2Hg,1892902831093550,1892902831093550,2022-10-20T16:03:28Z,train
001853,test,26.42742349382484,-82.09971964359283,1,1_ModerateDamage,1_ModerateDamage,grid_0.005_23285_19580,grid_0.005_23285_19580,mlt8kfA0uSC5rYi7VQhg2P,1894677487571994,1894677487571994,2022-10-20T15:50:53Z,train
001854,train,26.44686775785597,-82.03283607959747,1,1_ModerateDamage,1_ModerateDamage,grid_0.005_23289_19593,grid_0.005_23289_19593,9oftQ5hvKsIWYCqU7guZaA,189641183715994,189641183715994,2022-10-21T18:31:46Z,train
001855,train,26.60466824373087,-81.874982714653,1,1_ModerateDamage,1_ModerateDamage,grid_0.005_23320_19625,grid_0.005_23320_19625,vcSl4NqPnwEhQ5OeCxbJXf,189685067401317,189685067401317,2022-09-30T19:20:41Z,train
001856,train,26.50281413926521,-82.18747079372406,1,1_ModerateDamage,1_ModerateDamage,grid_0.005_23300_19562,grid_0.005_23300_19562,5lx9r3DNnpsEXKTiPI0abv,189748990732963,189748990732963,2022-10-20T14:33:23Z,train
001857,train,26.44334228750921,-82.05184757709502,1,1_ModerateDamage,1_ModerateDamage,grid_0.005_23288_19589,grid_0.005_23288_19589,ZoPOLpxfckCaEiQWqzs2Hg,1898819530474043,1898819530474043,2022-10-20T16:03:36Z,train
001858,train,26.43217438392415,-82.06108510494232,1,1_ModerateDamage,1_ModerateDamage,grid_0.005_23286_19587,grid_0.005_23286_19587,d9OWh4IQeMXLPraFD8HZpy,190358960335965,190358960335965,2022-10-21T17:04:15Z,train
001859,train,26.429686075613333,-82.10593700408936,1,1_ModerateDamage,1_ModerateDamage,grid_0.005_23285_19578,grid_0.005_23285_19578,mlt8kfA0uSC5rYi7VQhg2P,1904534283250628,1904534283250628,2022-10-20T15:49:24Z,train
001860,train,26.430488296708305,-82.05622494220735,1,1_ModerateDamage,1_ModerateDamage,grid_0.005_23286_19588,grid_0.005_23286_19588,d9OWh4IQeMXLPraFD8HZpy,1904992053181410,1904992053181410,2022-10-21T17:07:18Z,train
001861,val,26.44219912818366,-82.05611228942871,1,1_ModerateDamage,1_ModerateDamage,grid_0.005_23288_19588,grid_0.005_23288_19588,lAtIQeO0Rwg2YVoC6Pa93F,1908523869527925,1908523869527925,2022-10-22T19:32:34Z,train
001862,train,26.45107992903634,-82.02129185199738,1,1_ModerateDamage,1_ModerateDamage,grid_0.005_23290_19595,grid_0.005_23290_19595,qLOwB6Mxsdzou8VFbWP7SU,191108047239484,191108047239484,2022-10-20T17:25:49Z,train
001863,train,26.51059098487265,-81.97546362876892,1,1_ModerateDamage,1_ModerateDamage,grid_0.005_23302_19604,grid_0.005_23302_19604,edntlwFA590gu1YVE4vSCf,1911330412566763,1911330412566763,2022-10-02T17:11:20Z,train
001864,train,26.494225393828927,-81.95591568946838,1,1_ModerateDamage,1_ModerateDamage,grid_0.005_23298_19608,grid_0.005_23298_19608,gti6f8hpWRsqrUX3FwLajT,191167067248988,191167067248988,2022-09-30T16:35:16Z,train
001865,train,26.436439930334423,-82.04967498779298,1,1_ModerateDamage,1_ModerateDamage,grid_0.005_23287_19590,grid_0.005_23287_19590,cK9RIBTNm6s1M7DYd2raCk,1912341222447338,1912341222447338,2022-10-21T19:27:27Z,train
001866,train,26.440162547331497,-82.07268297672272,1,1_ModerateDamage,1_ModerateDamage,grid_0.005_23288_19585,grid_0.005_23288_19585,eGaqwKdfoI8yJ7kgjAtD3F,1912960622415845,1912960622415845,2022-10-22T17:30:29Z,train
001867,train,26.42641948895522,-82.08012878894806,1,1_ModerateDamage,1_ModerateDamage,grid_0.005_23285_19583,grid_0.005_23285_19583,yILRGFcu1KtAQg0WzVjEhZ,191849350521678,191849350521678,2022-10-22T19:08:17Z,train
001868,test,26.42738025934554,-82.09846436977388,1,1_ModerateDamage,1_ModerateDamage,grid_0.005_23285_19580,grid_0.005_23285_19580,Rd8l2zEjuKLNrOXf5Q3CDB,191883633845577,191883633845577,2022-10-20T13:52:45Z,train
001869,val,26.43949969013809,-82.0658379793167,1,1_ModerateDamage,1_ModerateDamage,grid_0.005_23287_19586,grid_0.005_23287_19586,bHW0YasAr5m2fTOgSIokNq,1922231224836387,1922231224836387,2022-10-22T17:18:46Z,train
001870,train,26.42536263227808,-82.09249913692473,1,1_ModerateDamage,1_ModerateDamage,grid_0.005_23285_19581,grid_0.005_23285_19581,yILRGFcu1KtAQg0WzVjEhZ,192571460444919,192571460444919,2022-10-22T19:00:58Z,train
001871,val,26.444970549483813,-82.04575896263123,1,1_ModerateDamage,1_ModerateDamage,grid_0.005_23288_19590,grid_0.005_23288_19590,6Enx3OZopQHazvV5Aye4tg,193067370042605,193067370042605,2022-10-21T19:34:40Z,train
001872,train,26.444475829253,-82.03029334545135,1,1_ModerateDamage,1_ModerateDamage,grid_0.005_23288_19593,grid_0.005_23288_19593,n8NHRsX3PiA1YpCSMoy20F,193106539972807,193106539972807,2022-10-21T18:48:54Z,train
001873,test,26.44948057089151,-82.0393055677414,1,1_ModerateDamage,1_ModerateDamage,grid_0.005_23289_19592,grid_0.005_23289_19592,ZoPOLpxfckCaEiQWqzs2Hg,193437577023002,193437577023002,2022-10-20T16:06:02Z,train
001874,val,26.45309230307376,-82.0386403799057,1,1_ModerateDamage,1_ModerateDamage,grid_0.005_23290_19592,grid_0.005_23290_19592,ZoPOLpxfckCaEiQWqzs2Hg,1946186039071921,1946186039071921,2022-10-20T16:07:31Z,train
001875,train,26.43988875895299,-82.0643949508667,1,1_ModerateDamage,1_ModerateDamage,grid_0.005_23287_19587,grid_0.005_23287_19587,wJ8ZYp4KuVjgI6xsXOUWkA,194695399899417,194695399899417,2022-10-22T17:13:31Z,train
001876,train,26.55648284738804,-81.95994973182678,1,1_ModerateDamage,1_ModerateDamage,grid_0.005_23311_19608,grid_0.005_23311_19608,ZPlHNo3BhFseuWtwfCJd26,195504619636428,195504619636428,2022-10-02T11:48:24.500000Z,train
001877,test,26.44352480769591,-82.06029117107391,1,1_ModerateDamage,1_ModerateDamage,grid_0.005_23288_19587,grid_0.005_23288_19587,wsuK3zob9RL5EY1FcZThlt,197242573303645,197242573303645,2022-10-22T17:05:21Z,train
001878,train,26.42999831802051,-82.05736756324768,1,1_ModerateDamage,1_ModerateDamage,grid_0.005_23285_19588,grid_0.005_23285_19588,njtp7LVIeUbyEwXSkgYzCT,1988758148183750,1988758148183750,2022-10-20T13:39:41Z,test
001879,train,26.44600801413621,-82.04210579395294,1,1_ModerateDamage,1_ModerateDamage,grid_0.005_23289_19591,grid_0.005_23289_19591,vJTbXQK6BOxPeaoVgcHlrM,199131109411296,199131109411296,2022-10-22T19:48:17Z,train
001880,train,26.5117814678576,-81.97546362876892,1,1_ModerateDamage,1_ModerateDamage,grid_0.005_23302_19604,grid_0.005_23302_19604,edntlwFA590gu1YVE4vSCf,199716873046081,199716873046081,2022-10-02T17:11:00Z,train
001881,train,26.581302489798148,-81.93833112716675,1,1_ModerateDamage,1_ModerateDamage,grid_0.005_23316_19612,grid_0.005_23316_19612,chmNQFduU7s2ACTtlI8D0z,200017849205168,200017849205168,2022-10-02T11:27:29Z,train
001882,train,26.474236913489463,-82.1696126461029,1,1_ModerateDamage,1_ModerateDamage,grid_0.005_23294_19566,grid_0.005_23294_19566,V9j3Lpa2hEK7wUbA8cGd65,2002098596806385,2002098596806385,2022-10-20T14:28:12Z,train
001883,train,26.44274189011809,-82.03338325023651,1,1_ModerateDamage,1_ModerateDamage,grid_0.005_23288_19593,grid_0.005_23288_19593,n8NHRsX3PiA1YpCSMoy20F,2007022476296464,2007022476296464,2022-10-21T18:49:30Z,train
001884,train,26.607195929876056,-82.03209042549133,1,1_ModerateDamage,1_ModerateDamage,grid_0.005_23321_19593,grid_0.005_23321_19593,odESNfzg9IKCl41Vkcmr7X,2012036919131459,2012036919131459,2022-10-01T18:48:46Z,train
001885,train,26.450911829374974,-82.02297627925874,1,1_ModerateDamage,1_ModerateDamage,grid_0.005_23290_19595,grid_0.005_23290_19595,qLOwB6Mxsdzou8VFbWP7SU,2021424334875444,2021424334875444,2022-10-20T17:26:09Z,train
001886,train,26.45200687419052,-82.0210772752762,1,1_ModerateDamage,1_ModerateDamage,grid_0.005_23290_19595,grid_0.005_23290_19595,DtjgKvhZzkac5eR0ICSP47,202301248981513,202301248981513,2022-10-21T17:42:48Z,train
001887,train,26.49227615374633,-82.18516945838928,1,1_ModerateDamage,1_ModerateDamage,grid_0.005_23298_19562,grid_0.005_23298_19562,SyLB57XMjdtCGqc6ZnJ4Pv,202563259037049,202563259037049,2022-10-20T14:31:54Z,train
001888,train,26.45578181728344,-82.04616665840149,1,1_ModerateDamage,1_ModerateDamage,grid_0.005_23291_19590,grid_0.005_23291_19590,YokgWzSGxZtXC8EUIeavm5,202570325702881,202570325702881,2022-10-20T16:39:06Z,test
001889,train,26.431242475520293,-82.06078469753265,1,1_ModerateDamage,1_ModerateDamage,grid_0.005_23286_19587,grid_0.005_23286_19587,d9OWh4IQeMXLPraFD8HZpy,202581505624506,202581505624506,2022-10-21T17:02:56Z,train
001890,train,26.452986642304523,-82.04567849636078,1,1_ModerateDamage,1_ModerateDamage,grid_0.005_23290_19590,grid_0.005_23290_19590,cy8maM4ht0X3eRY9jKSwxo,202720545690015,202720545690015,2022-10-20T16:51:21Z,train
001891,train,26.444591104059725,-82.03008949756622,1,1_ModerateDamage,1_ModerateDamage,grid_0.005_23288_19593,grid_0.005_23288_19593,n8NHRsX3PiA1YpCSMoy20F,2030331540490490,2030331540490490,2022-10-21T18:48:52Z,train
001892,train,26.55791277360798,-81.95300281047821,1,1_ModerateDamage,1_ModerateDamage,grid_0.005_23311_19609,grid_0.005_23311_19609,xK6cfvZPLDM7rywSqFXU9Q,2030962910447403,2030962910447403,2022-10-02T11:45:14Z,train
001893,train,26.444192444862708,-82.03065276145935,1,1_ModerateDamage,1_ModerateDamage,grid_0.005_23288_19593,grid_0.005_23288_19593,n8NHRsX3PiA1YpCSMoy20F,203163008900743,203163008900743,2022-10-21T18:48:59Z,train
001894,val,26.45034028869101,-82.03908562660217,1,1_ModerateDamage,1_ModerateDamage,grid_0.005_23290_19592,grid_0.005_23290_19592,uGWfqep3o2ws7cldtXQBLk,203393782218230,203393782218230,2022-10-21T19:05:55Z,train
001895,train,26.43204468578321,-82.05302774906158,1,1_ModerateDamage,1_ModerateDamage,grid_0.005_23286_19589,grid_0.005_23286_19589,PioLgY63BXl1ItahOyTeME,203607938856746,203607938856746,2022-10-21T17:07:52Z,train
001896,train,26.446233757521867,-82.04160153865814,1,1_ModerateDamage,1_ModerateDamage,grid_0.005_23289_19591,grid_0.005_23289_19591,hVtUpWFmwBTMDKgo9CRPIS,204130938794963,204130938794963,2022-10-21T21:21:27Z,train
001897,train,26.443688114986244,-82.06647098064423,1,1_ModerateDamage,1_ModerateDamage,grid_0.005_23288_19586,grid_0.005_23288_19586,mOxFlgIhNsDMV6H72nawdZ,204654725875159,204654725875159,2022-10-22T16:48:53Z,test
001898,test,26.42743790531433,-82.09982156753541,1,1_ModerateDamage,1_ModerateDamage,grid_0.005_23285_19580,grid_0.005_23285_19580,n0eqGd6TKA3CmjSspwxEUl,204845445864006,204845445864006,2022-10-22T18:36:55Z,train
001899,train,26.43363467884589,-82.05448687076569,1,1_ModerateDamage,1_ModerateDamage,grid_0.005_23286_19589,grid_0.005_23286_19589,NyYzSUec6DpPEo8ZrBnL17,205077172034503,205077172034503,2022-10-21T19:19:30Z,train
001900,train,26.50770593258701,-81.97044789791107,1,1_ModerateDamage,1_ModerateDamage,grid_0.005_23301_19605,grid_0.005_23301_19605,UiTVbHcRCdI730PgBtJYFL,205274645390386,205274645390386,2022-10-02T16:10:56Z,test
001901,train,26.43516220439146,-82.0551413297653,1,1_ModerateDamage,1_ModerateDamage,grid_0.005_23287_19588,grid_0.005_23287_19588,NyYzSUec6DpPEo8ZrBnL17,2057077704489493,2057077704489493,2022-10-21T19:22:25Z,train
001902,val,26.443078113042603,-82.0560747385025,1,1_ModerateDamage,1_ModerateDamage,grid_0.005_23288_19588,grid_0.005_23288_19588,6Enx3OZopQHazvV5Aye4tg,206608388530905,206608388530905,2022-10-21T19:36:34Z,train
001903,train,26.43425914142118,-82.05882132053377,1,1_ModerateDamage,1_ModerateDamage,grid_0.005_23286_19588,grid_0.005_23286_19588,X52NQsIPtuAZHEwoBkDhqv,206891828502420,206891828502420,2022-10-21T16:59:42Z,train
001904,val,26.43937000024117,-82.06608474254608,1,1_ModerateDamage,1_ModerateDamage,grid_0.005_23287_19586,grid_0.005_23287_19586,ojkNER9alymT7XHIBhWvS2,206950061746346,206950061746346,2022-10-21T16:44:46Z,train
001905,train,26.44610887825681,-82.04184830188753,1,1_ModerateDamage,1_ModerateDamage,grid_0.005_23289_19591,grid_0.005_23289_19591,ZoPOLpxfckCaEiQWqzs2Hg,207159751830280,207159751830280,2022-10-20T16:04:58Z,train
001906,train,26.4433759096706,-82.05172955989839,1,1_ModerateDamage,1_ModerateDamage,grid_0.005_23288_19589,grid_0.005_23288_19589,ZoPOLpxfckCaEiQWqzs2Hg,208357522166707,208357522166707,2022-10-20T16:03:37Z,train
001907,train,26.431996649397675,-82.06129968166351,1,1_ModerateDamage,1_ModerateDamage,grid_0.005_23286_19587,grid_0.005_23286_19587,d9OWh4IQeMXLPraFD8HZpy,208416745096162,208416745096162,2022-10-21T17:00:43Z,train
001908,train,26.44231920847792,-82.03461706638336,1,1_ModerateDamage,1_ModerateDamage,grid_0.005_23288_19593,grid_0.005_23288_19593,n8NHRsX3PiA1YpCSMoy20F,208611871616557,208611871616557,2022-10-21T18:49:43Z,train
001909,train,26.451320070984067,-82.02092707157135,1,1_ModerateDamage,1_ModerateDamage,grid_0.005_23290_19595,grid_0.005_23290_19595,DtjgKvhZzkac5eR0ICSP47,209516111638909,209516111638909,2022-10-21T17:42:28Z,train
001910,train,26.445455661433414,-82.04390823841095,1,1_ModerateDamage,1_ModerateDamage,grid_0.005_23289_19591,grid_0.005_23289_19591,uGWfqep3o2ws7cldtXQBLk,210413454731371,210413454731371,2022-10-21T19:07:18Z,train
001911,test,26.44872651144931,-82.0395040512085,1,1_ModerateDamage,1_ModerateDamage,grid_0.005_23289_19592,grid_0.005_23289_19592,cjXdAN6SYHtunWF5TIOlCq,2104333983101092,2104333983101092,2022-10-21T18:52:56Z,train
001912,train,26.42873973576691,-82.10160255432129,1,1_ModerateDamage,1_ModerateDamage,grid_0.005_23285_19579,grid_0.005_23285_19579,5ZrTVbvnpkBCqAUuj4foc1,210457314824996,210457314824996,2022-10-22T18:29:31Z,train
001913,train,26.434379229990057,-82.0532637834549,1,1_ModerateDamage,1_ModerateDamage,grid_0.005_23286_19589,grid_0.005_23286_19589,cK9RIBTNm6s1M7DYd2raCk,210813391329066,210813391329066,2022-10-21T19:26:34Z,train
001914,train,26.430838966451248,-82.05544710159302,1,1_ModerateDamage,1_ModerateDamage,grid_0.005_23286_19588,grid_0.005_23286_19588,njtp7LVIeUbyEwXSkgYzCT,2115368895319603,2115368895319603,2022-10-20T13:39:23Z,train
001915,train,26.59610151440256,-81.92813336849213,1,1_ModerateDamage,1_ModerateDamage,grid_0.005_23319_19614,grid_0.005_23319_19614,z5iyQfRGHW02FmvOT8nj4o,211638861241017,211638861241017,2022-10-02T11:16:10.333000Z,train
001916,train,26.43863508806804,-82.0760840177536,1,1_ModerateDamage,1_ModerateDamage,grid_0.005_23287_19584,grid_0.005_23287_19584,FDdzYnaCWL8jJN0GwxMkmV,211818034653100,211818034653100,2022-10-21T16:42:01Z,train
001917,train,26.441882115605424,-82.04294800758362,1,1_ModerateDamage,1_ModerateDamage,grid_0.005_23288_19591,grid_0.005_23288_19591,cK9RIBTNm6s1M7DYd2raCk,211834871354458,211834871354458,2022-10-21T19:31:40Z,train
001918,train,26.55398763140068,-81.96417152881622,1,1_ModerateDamage,1_ModerateDamage,grid_0.005_23310_19607,grid_0.005_23310_19607,ZPlHNo3BhFseuWtwfCJd26,212107054530722,212107054530722,2022-10-02T11:50:03.500000Z,train
001919,train,26.558733293686416,-81.95787906646729,1,1_ModerateDamage,1_ModerateDamage,grid_0.005_23311_19608,grid_0.005_23311_19608,tIAfNHcP8OTlo2Xp1krhSu,2121306944722172,2121306944722172,2022-10-02T11:57:22.200000Z,train
001920,test,26.44587833156567,-82.02633440494537,1,1_ModerateDamage,1_ModerateDamage,grid_0.005_23289_19594,grid_0.005_23289_19594,n8NHRsX3PiA1YpCSMoy20F,2122499481277084,2122499481277084,2022-10-21T18:47:59Z,train
001921,train,26.452357478443982,-82.05102145671844,1,1_ModerateDamage,1_ModerateDamage,grid_0.005_23290_19589,grid_0.005_23290_19589,cy8maM4ht0X3eRY9jKSwxo,212454614685328,212454614685328,2022-10-20T16:47:46Z,test
001922,train,26.44624336361356,-82.04159080982208,1,1_ModerateDamage,1_ModerateDamage,grid_0.005_23289_19591,grid_0.005_23289_19591,uGWfqep3o2ws7cldtXQBLk,212582901163195,212582901163195,2022-10-21T19:06:58Z,train
001923,train,26.43336567854,-82.05498576164247,1,1_ModerateDamage,1_ModerateDamage,grid_0.005_23286_19589,grid_0.005_23286_19589,cK9RIBTNm6s1M7DYd2raCk,213035727953850,213035727953850,2022-10-21T19:26:09Z,train
001924,test,26.446171317906263,-82.02570140361786,1,1_ModerateDamage,1_ModerateDamage,grid_0.005_23289_19594,grid_0.005_23289_19594,5bS0CBxDknPTVWIs6OLvru,2131140730430079,2131140730430079,2022-10-21T17:20:44Z,train
001925,train,26.556497242707337,-81.95894658565521,1,1_ModerateDamage,1_ModerateDamage,grid_0.005_23311_19608,grid_0.005_23311_19608,ZPlHNo3BhFseuWtwfCJd26,2132407306943813,2132407306943813,2022-10-02T11:48:12Z,train
001926,train,26.42983018759865,-82.09352910518646,1,1_ModerateDamage,1_ModerateDamage,grid_0.005_23285_19581,grid_0.005_23285_19581,8DuCakHvNX3A4ErGBom1lf,2134162523446825,2134162523446825,2022-10-22T18:47:25Z,train
001927,train,26.450052115842,-82.0211523771286,1,1_ModerateDamage,1_ModerateDamage,grid_0.005_23290_19595,grid_0.005_23290_19595,oA4ekOPWvzdE6Gc3J0qSLM,213458444388795,213458444388795,2022-10-21T17:50:45Z,train
001928,train,26.450426740405103,-82.02013850212097,1,1_ModerateDamage,1_ModerateDamage,grid_0.005_23290_19595,grid_0.005_23290_19595,DtjgKvhZzkac5eR0ICSP47,214597150963853,214597150963853,2022-10-21T17:47:15Z,train
001929,val,26.451444944599004,-82.03876912593842,1,1_ModerateDamage,1_ModerateDamage,grid_0.005_23290_19592,grid_0.005_23290_19592,cjXdAN6SYHtunWF5TIOlCq,214786737612998,214786737612998,2022-10-21T18:53:33Z,train
001930,val,26.45023462539676,-82.03912854194641,1,1_ModerateDamage,1_ModerateDamage,grid_0.005_23290_19592,grid_0.005_23290_19592,cjXdAN6SYHtunWF5TIOlCq,2148525068665777,2148525068665777,2022-10-21T18:53:14Z,train
001931,train,26.43507093771061,-82.05186903476715,1,1_ModerateDamage,1_ModerateDamage,grid_0.005_23287_19589,grid_0.005_23287_19589,NyYzSUec6DpPEo8ZrBnL17,215729134186826,215729134186826,2022-10-21T19:18:23Z,train
001932,train,26.443769768544627,-82.03121066093445,1,1_ModerateDamage,1_ModerateDamage,grid_0.005_23288_19593,grid_0.005_23288_19593,oAbgmNBZR9JTjufiX5eCxP,2157651257778141,2157651257778141,2022-10-20T17:06:06Z,train
001934,train,26.443529610854814,-82.05127894878387,1,1_ModerateDamage,1_ModerateDamage,grid_0.005_23288_19589,grid_0.005_23288_19589,6Enx3OZopQHazvV5Aye4tg,215883754160902,215883754160902,2022-10-21T19:35:27Z,train
001935,train,26.459859193113488,-82.04687476158142,1,1_ModerateDamage,1_ModerateDamage,grid_0.005_23291_19590,grid_0.005_23291_19590,tTMujQinkPSmUalNr8ODYC,215949737484344,215949737484344,2022-10-21T19:00:15Z,train
001936,test,26.44680531858403,-82.0293653011322,1,1_ModerateDamage,1_ModerateDamage,grid_0.005_23289_19594,grid_0.005_23289_19594,9oftQ5hvKsIWYCqU7guZaA,216019124177052,216019124177052,2022-10-21T18:34:32Z,train
001937,train,26.557720838239074,-81.95308864116669,1,1_ModerateDamage,1_ModerateDamage,grid_0.005_23311_19609,grid_0.005_23311_19609,xK6cfvZPLDM7rywSqFXU9Q,217046674004456,217046674004456,2022-10-02T11:45:18Z,train
001938,train,26.44951419126126,-82.0210611820221,1,1_ModerateDamage,1_ModerateDamage,grid_0.005_23289_19595,grid_0.005_23289_19595,DtjgKvhZzkac5eR0ICSP47,217481723974970,217481723974970,2022-10-21T17:49:04Z,train
001939,train,26.435210239457632,-82.04740583896637,1,1_ModerateDamage,1_ModerateDamage,grid_0.005_23287_19590,grid_0.005_23287_19590,njtp7LVIeUbyEwXSkgYzCT,217861094497983,217861094497983,2022-10-20T13:37:44Z,train
001940,test,26.449096337397734,-82.02518105506897,1,1_ModerateDamage,1_ModerateDamage,grid_0.005_23289_19594,grid_0.005_23289_19594,nyw9GxcmVequiNU27Ka6LA,218408604048209,218408604048209,2022-10-21T18:44:47Z,train
001941,train,26.54924177266616,-81.98783934116364,1,1_ModerateDamage,1_ModerateDamage,grid_0.005_23309_19602,grid_0.005_23309_19602,LdAR3S0E9p7g5saOr1qQXy,218645620503800,218645620503800,2022-10-02T12:05:06Z,train
001943,train,26.430065570120576,-82.09084689617157,1,1_ModerateDamage,1_ModerateDamage,grid_0.005_23286_19581,grid_0.005_23286_19581,8DuCakHvNX3A4ErGBom1lf,220183160426749,220183160426749,2022-10-22T18:50:21Z,train
001944,val,26.440474761355105,-82.04501330852509,1,1_ModerateDamage,1_ModerateDamage,grid_0.005_23288_19590,grid_0.005_23288_19590,CDu3ifjIyq6W2ZEgm9Jecs,2209342186122462,2209342186122462,2022-10-22T19:35:41Z,train
001945,train,26.45088301226553,-82.04160153865814,1,1_ModerateDamage,1_ModerateDamage,grid_0.005_23290_19591,grid_0.005_23290_19591,6e3WJg5uL72BZAq0QDM9hj,2210735539133788,2210735539133788,2022-10-20T16:59:47Z,train
001946,train,26.4510319005867,-82.02113628387451,1,1_ModerateDamage,1_ModerateDamage,grid_0.005_23290_19595,grid_0.005_23290_19595,qLOwB6Mxsdzou8VFbWP7SU,221147994167120,221147994167120,2022-10-20T17:25:47Z,train
001947,train,26.511263033235664,-81.9754046201706,1,1_ModerateDamage,1_ModerateDamage,grid_0.005_23302_19604,grid_0.005_23302_19604,edntlwFA590gu1YVE4vSCf,221287447494415,221287447494415,2022-10-02T17:11:09Z,train
001948,train,26.512107888456114,-81.96406424045563,1,1_ModerateDamage,1_ModerateDamage,grid_0.005_23302_19607,grid_0.005_23302_19607,UiTVbHcRCdI730PgBtJYFL,221359540846284,221359540846284,2022-10-02T16:15:56Z,train
001949,train,26.52159288184017,-81.9611781835556,1,1_ModerateDamage,1_ModerateDamage,grid_0.005_23304_19607,grid_0.005_23304_19607,LdXJgOkyewuaYiIU2VSZcE,221382827502054,221382827502054,2022-10-02T16:29:02Z,train
001950,train,26.43197263119741,-82.06145524978638,1,1_ModerateDamage,1_ModerateDamage,grid_0.005_23286_19587,grid_0.005_23286_19587,d9OWh4IQeMXLPraFD8HZpy,221628766897222,221628766897222,2022-10-21T17:00:48Z,train
001951,val,26.43949488681117,-82.06737756729126,1,1_ModerateDamage,1_ModerateDamage,grid_0.005_23287_19586,grid_0.005_23287_19586,bHW0YasAr5m2fTOgSIokNq,221746004132956,221746004132956,2022-10-22T17:19:29Z,test
001952,train,26.438500593829616,-82.05028116703033,1,1_ModerateDamage,1_ModerateDamage,grid_0.005_23287_19589,grid_0.005_23287_19589,ZD02REoSqG75BNbzd4CTlv,222097860164538,222097860164538,2022-10-21T19:11:23Z,train
001953,val,26.45181476181814,-82.03072249889374,1,1_ModerateDamage,1_ModerateDamage,grid_0.005_23290_19593,grid_0.005_23290_19593,oA4ekOPWvzdE6Gc3J0qSLM,222235773537864,222235773537864,2022-10-21T17:56:05Z,train
001954,train,26.42433939362836,-82.07309067249298,1,1_ModerateDamage,1_ModerateDamage,grid_0.005_23284_19585,grid_0.005_23284_19585,aLbXpouwqyjD4cWNZMfF2Y,222250300196217,222250300196217,2022-10-20T13:43:29Z,train
001955,train,26.450810969460377,-82.04763114452362,1,1_ModerateDamage,1_ModerateDamage,grid_0.005_23290_19590,grid_0.005_23290_19590,cy8maM4ht0X3eRY9jKSwxo,222388460736572,222388460736572,2022-10-20T16:49:38Z,test
001956,val,26.450911829374974,-82.0334529876709,1,1_ModerateDamage,1_ModerateDamage,grid_0.005_23290_19593,grid_0.005_23290_19593,9UT5ZHyS3c7kMrjfsgzh10,222452400174503,222452400174503,2022-10-20T18:11:10Z,train
001957,train,26.42982058013858,-82.10037410259247,1,1_ModerateDamage,1_ModerateDamage,grid_0.005_23285_19579,grid_0.005_23285_19579,n0eqGd6TKA3CmjSspwxEUl,2225116704356102,2225116704356102,2022-10-22T18:35:34Z,train
001958,train,26.42693350210999,-82.09252595901489,1,1_ModerateDamage,1_ModerateDamage,grid_0.005_23285_19581,grid_0.005_23285_19581,yILRGFcu1KtAQg0WzVjEhZ,2225437954309968,2225437954309968,2022-10-22T18:59:35Z,train
001959,val,26.44237684697471,-82.0470142364502,1,1_ModerateDamage,1_ModerateDamage,grid_0.005_23288_19590,grid_0.005_23288_19590,CDu3ifjIyq6W2ZEgm9Jecs,222595503996862,222595503996862,2022-10-22T19:34:33Z,train
001960,train,26.436829009480714,-82.07518815994263,1,1_ModerateDamage,1_ModerateDamage,grid_0.005_23287_19584,grid_0.005_23287_19584,lAtIQeO0Rwg2YVoC6Pa93F,2226055287585266,2226055287585266,2022-10-22T19:29:40Z,train
001961,train,26.53587649435857,-82.19427287578583,1,1_ModerateDamage,1_ModerateDamage,grid_0.005_23307_19561,grid_0.005_23307_19561,UrYR9Pj1lqNfZIh4g76Ozp,222794793920171,222794793920171,2022-10-20T14:48:46Z,train
001962,train,26.45829837725724,-82.04976081848145,1,1_ModerateDamage,1_ModerateDamage,grid_0.005_23291_19590,grid_0.005_23291_19590,YokgWzSGxZtXC8EUIeavm5,222834313961977,222834313961977,2022-10-20T16:40:32Z,train
001963,train,26.429762935361268,-82.10300803184509,1,1_ModerateDamage,1_ModerateDamage,grid_0.005_23285_19579,grid_0.005_23285_19579,5ZrTVbvnpkBCqAUuj4foc1,222883880622965,222883880622965,2022-10-22T18:28:55Z,train
001964,train,26.436862633542773,-82.04882740974426,1,1_ModerateDamage,1_ModerateDamage,grid_0.005_23287_19590,grid_0.005_23287_19590,cK9RIBTNm6s1M7DYd2raCk,222993810092102,222993810092102,2022-10-21T19:27:38Z,train
001965,train,26.44624816665912,-82.04152643680573,1,1_ModerateDamage,1_ModerateDamage,grid_0.005_23289_19591,grid_0.005_23289_19591,vJTbXQK6BOxPeaoVgcHlrM,223173960622304,223173960622304,2022-10-22T19:48:27Z,train
001966,train,26.49421579174202,-81.95664525032043,1,1_ModerateDamage,1_ModerateDamage,grid_0.005_23298_19608,grid_0.005_23298_19608,gti6f8hpWRsqrUX3FwLajT,223384553366208,223384553366208,2022-09-30T16:35:20Z,train
001967,train,26.44905311104945,-82.04986274242401,1,1_ModerateDamage,1_ModerateDamage,grid_0.005_23289_19590,grid_0.005_23289_19590,6e3WJg5uL72BZAq0QDM9hj,223430430052153,223430430052153,2022-10-20T16:55:31Z,train
001968,train,26.429594804596093,-82.1009212732315,1,1_ModerateDamage,1_ModerateDamage,grid_0.005_23285_19579,grid_0.005_23285_19579,n0eqGd6TKA3CmjSspwxEUl,223689657156693,223689657156693,2022-10-22T18:35:45Z,train
001969,train,26.431396192889324,-82.09622740745544,1,1_ModerateDamage,1_ModerateDamage,grid_0.005_23286_19580,grid_0.005_23286_19580,0M2YgdFsf6GZmIwQJy5APK,224138453312414,224138453312414,2022-10-22T18:19:24Z,train
001970,val,26.444519057319027,-82.05673456192017,1,1_ModerateDamage,1_ModerateDamage,grid_0.005_23288_19588,grid_0.005_23288_19588,vItnjg2h4oOkUXx819qbfM,224186936716811,224186936716811,2022-10-21T20:14:40Z,train
001971,train,26.425386651855604,-82.080118060112,1,1_ModerateDamage,1_ModerateDamage,grid_0.005_23285_19583,grid_0.005_23285_19583,yILRGFcu1KtAQg0WzVjEhZ,224233389966082,224233389966082,2022-10-22T19:08:07Z,train
001972,train,26.643047561639783,-82.05005049705505,1,1_ModerateDamage,1_ModerateDamage,grid_0.005_23328_19589,grid_0.005_23328_19589,drTBZKzuP9aN3QOSstv6cg,224240669951097,224240669951097,2022-10-06T18:21:11Z,train
001973,train,26.465141797446364,-82.1525913476944,1,1_ModerateDamage,1_ModerateDamage,grid_0.005_23293_19569,grid_0.005_23293_19569,5bepm7EUv2gLRdyB0VZTJ1,224423653860052,224423653860052,2022-10-20T15:36:52Z,train
001974,train,26.45064286940644,-82.02019214630127,1,1_ModerateDamage,1_ModerateDamage,grid_0.005_23290_19595,grid_0.005_23290_19595,DtjgKvhZzkac5eR0ICSP47,224701839908931,224701839908931,2022-10-21T17:45:43Z,train
001975,train,26.43741983085745,-82.07985520362854,1,1_ModerateDamage,1_ModerateDamage,grid_0.005_23287_19584,grid_0.005_23287_19584,FDdzYnaCWL8jJN0GwxMkmV,224848636635270,224848636635270,2022-10-21T16:36:59Z,train
001976,train,26.583562043231723,-81.8816989660263,1,1_ModerateDamage,1_ModerateDamage,grid_0.005_23316_19623,grid_0.005_23316_19623,4qwBospeLyEXaUHTk08C9j,224874110395286,224874110395286,2022-09-30T19:12:58Z,train
001977,train,26.45553688198225,-82.04233646392822,1,1_ModerateDamage,1_ModerateDamage,grid_0.005_23291_19591,grid_0.005_23291_19591,YokgWzSGxZtXC8EUIeavm5,225548947074867,225548947074867,2022-10-20T16:38:19Z,train
001978,train,26.49400934668003,-81.95643067359924,1,1_ModerateDamage,1_ModerateDamage,grid_0.005_23298_19608,grid_0.005_23298_19608,gti6f8hpWRsqrUX3FwLajT,225732863634657,225732863634657,2022-09-30T16:37:30Z,train
001979,train,26.435104562285645,-82.08123922348022,1,1_ModerateDamage,1_ModerateDamage,grid_0.005_23287_19583,grid_0.005_23287_19583,JRTMpgL0mGxiAnjqVv2h4o,226089913709000,226089913709000,2022-10-22T19:13:56Z,train
001980,val,26.45317875272194,-82.03876912593842,1,1_ModerateDamage,1_ModerateDamage,grid_0.005_23290_19592,grid_0.005_23290_19592,ZoPOLpxfckCaEiQWqzs2Hg,226242716962342,226242716962342,2022-10-20T16:07:34Z,train
001981,train,26.437102805129484,-82.04506158828735,1,1_ModerateDamage,1_ModerateDamage,grid_0.005_23287_19590,grid_0.005_23287_19590,PioLgY63BXl1ItahOyTeME,226505373062536,226505373062536,2022-10-21T17:10:11Z,train
001982,train,26.4319390057086,-82.05321550369263,1,1_ModerateDamage,1_ModerateDamage,grid_0.005_23286_19589,grid_0.005_23286_19589,PioLgY63BXl1ItahOyTeME,226737683172215,226737683172215,2022-10-21T17:07:50Z,train
001983,train,26.45574819874353,-82.04964816570282,1,1_ModerateDamage,1_ModerateDamage,grid_0.005_23291_19590,grid_0.005_23291_19590,YokgWzSGxZtXC8EUIeavm5,2269378446604230,2269378446604230,2022-10-20T16:42:42Z,test
001984,train,26.425708513711623,-82.09264397621155,1,1_ModerateDamage,1_ModerateDamage,grid_0.005_23285_19581,grid_0.005_23285_19581,yILRGFcu1KtAQg0WzVjEhZ,227110953596007,227110953596007,2022-10-22T19:00:36Z,train
001985,val,26.450671686575973,-82.03963816165925,1,1_ModerateDamage,1_ModerateDamage,grid_0.005_23290_19592,grid_0.005_23290_19592,0YIfZrHA3aCDs75ngd9Kcx,2271128839741682,2271128839741682,2022-10-20T16:36:42Z,train
001986,train,26.56553234809442,-81.94275677204134,1,1_ModerateDamage,1_ModerateDamage,grid_0.005_23313_19611,grid_0.005_23313_19611,bjfPglrpn9UZ1t38MJWXNw,227230243511984,227230243511984,2022-10-01T19:29:30Z,train
001987,test,26.42973891669552,-82.09958553314209,1,1_ModerateDamage,1_ModerateDamage,grid_0.005_23285_19580,grid_0.005_23285_19580,n0eqGd6TKA3CmjSspwxEUl,227419586891062,227419586891062,2022-10-22T18:31:19Z,train
001988,train,26.448063703531503,-82.04784572124481,1,1_ModerateDamage,1_ModerateDamage,grid_0.005_23289_19590,grid_0.005_23289_19590,6e3WJg5uL72BZAq0QDM9hj,227924276799934,227924276799934,2022-10-20T16:57:31Z,train
001989,test,26.42983018759865,-82.09992349147797,1,1_ModerateDamage,1_ModerateDamage,grid_0.005_23285_19580,grid_0.005_23285_19580,n0eqGd6TKA3CmjSspwxEUl,228056150092264,228056150092264,2022-10-22T18:35:28Z,train
001990,val,26.443544020330336,-82.04773843288423,1,1_ModerateDamage,1_ModerateDamage,grid_0.005_23288_19590,grid_0.005_23288_19590,CDu3ifjIyq6W2ZEgm9Jecs,228926856742125,228926856742125,2022-10-22T19:34:16Z,train
001991,train,26.475917558450263,-82.17335164546967,1,1_ModerateDamage,1_ModerateDamage,grid_0.005_23295_19565,grid_0.005_23295_19565,V9j3Lpa2hEK7wUbA8cGd65,228958786628613,228958786628613,2022-10-20T14:28:43Z,train
001992,train,26.44003766148515,-82.04294264316559,1,1_ModerateDamage,1_ModerateDamage,grid_0.005_23288_19591,grid_0.005_23288_19591,XAsVlIPBUv5ME0hunTGam1,229087029985281,229087029985281,2022-10-20T13:34:27Z,train
001993,train,26.59601037553616,-81.928830742836,1,1_ModerateDamage,1_ModerateDamage,grid_0.005_23319_19614,grid_0.005_23319_19614,z5iyQfRGHW02FmvOT8nj4o,2292441177577363,2292441177577363,2022-10-02T11:13:30.333000Z,train
001994,train,26.43945646018868,-82.04339861869813,1,1_ModerateDamage,1_ModerateDamage,grid_0.005_23287_19591,grid_0.005_23287_19591,PioLgY63BXl1ItahOyTeME,229330499450201,229330499450201,2022-10-21T17:11:11Z,train
001995,train,26.510893407122595,-81.96404278278351,1,1_ModerateDamage,1_ModerateDamage,grid_0.005_23302_19607,grid_0.005_23302_19607,UiTVbHcRCdI730PgBtJYFL,2294851707569321,2294851707569321,2022-10-02T16:15:35Z,test
001996,train,26.643896240052086,-82.04910635948181,1,1_ModerateDamage,1_ModerateDamage,grid_0.005_23328_19590,grid_0.005_23328_19590,drTBZKzuP9aN3QOSstv6cg,229616073279771,229616073279771,2022-10-06T18:22:21Z,train
001997,train,26.44978315386568,-82.0211523771286,1,1_ModerateDamage,1_ModerateDamage,grid_0.005_23289_19595,grid_0.005_23289_19595,oA4ekOPWvzdE6Gc3J0qSLM,229683809399778,229683809399778,2022-10-21T17:50:35Z,train
001998,train,26.495156792444035,-82.18584537506104,1,1_ModerateDamage,1_ModerateDamage,grid_0.005_23299_19562,grid_0.005_23299_19562,SyLB57XMjdtCGqc6ZnJ4Pv,229688716533056,229688716533056,2022-10-20T14:32:19Z,train
001999,test,26.426818209639137,-82.09629714488982,1,1_ModerateDamage,1_ModerateDamage,grid_0.005_23285_19580,grid_0.005_23285_19580,Rd8l2zEjuKLNrOXf5Q3CDB,230274859824278,230274859824278,2022-10-20T13:52:15Z,train
002000,train,26.54885307381423,-81.95701539516449,1,1_ModerateDamage,1_ModerateDamage,grid_0.005_23309_19608,grid_0.005_23309_19608,Zt89zNFIM3VHYbfhdqXU5p,230297373194988,230297373194988,2022-10-01T19:22:41Z,train
002001,train,26.45673273763217,-82.05093026161194,1,1_ModerateDamage,1_ModerateDamage,grid_0.005_23291_19589,grid_0.005_23291_19589,YokgWzSGxZtXC8EUIeavm5,230421309808085,230421309808085,2022-10-20T16:43:22Z,train
002002,train,26.450743729468257,-82.0240706205368,1,1_ModerateDamage,1_ModerateDamage,grid_0.005_23290_19595,grid_0.005_23290_19595,oA4ekOPWvzdE6Gc3J0qSLM,230655442627892,230655442627892,2022-10-21T17:52:20Z,train
002003,train,26.43194380935047,-82.05322086811066,1,1_ModerateDamage,1_ModerateDamage,grid_0.005_23286_19589,grid_0.005_23286_19589,njtp7LVIeUbyEwXSkgYzCT,2306597072861114,2306597072861114,2022-10-20T13:39:00Z,train
002004,train,26.433870053598497,-82.08019852638245,1,1_ModerateDamage,1_ModerateDamage,grid_0.005_23286_19583,grid_0.005_23286_19583,8zouvat6BbkWiE0A1VYwfq,2309587325914666,2309587325914666,2022-10-22T19:09:21Z,train
002005,train,26.432909337299392,-82.05897152423859,1,1_ModerateDamage,1_ModerateDamage,grid_0.005_23286_19588,grid_0.005_23286_19588,NyYzSUec6DpPEo8ZrBnL17,2313004175525759,2313004175525759,2022-10-21T19:24:49Z,train
002006,train,26.42446429648533,-82.08995640277863,1,1_ModerateDamage,1_ModerateDamage,grid_0.005_23284_19582,grid_0.005_23284_19582,aLbXpouwqyjD4cWNZMfF2Y,231499903061090,231499903061090,2022-10-20T13:46:53Z,train
002007,train,26.433673107409746,-82.11676776409149,1,1_ModerateDamage,1_ModerateDamage,grid_0.005_23286_19576,grid_0.005_23286_19576,ycDhTuH2zOedjnQ5SsbA70,231579346337687,231579346337687,2022-10-22T17:58:56Z,train
002008,train,26.431252082861874,-82.06074178218842,1,1_ModerateDamage,1_ModerateDamage,grid_0.005_23286_19587,grid_0.005_23286_19587,d9OWh4IQeMXLPraFD8HZpy,231871972519829,231871972519829,2022-10-21T17:01:47Z,test
002009,test,26.44359205190232,-82.0624315738678,1,1_ModerateDamage,1_ModerateDamage,grid_0.005_23288_19587,grid_0.005_23288_19587,wsuK3zob9RL5EY1FcZThlt,231948909732787,231948909732787,2022-10-22T17:04:02Z,train
002010,train,26.43231849279846,-82.06106901168825,1,1_ModerateDamage,1_ModerateDamage,grid_0.005_23286_19587,grid_0.005_23286_19587,d9OWh4IQeMXLPraFD8HZpy,2320250634818677,2320250634818677,2022-10-21T17:04:19Z,train
002011,train,26.423580365664904,-82.08246767520905,1,1_ModerateDamage,1_ModerateDamage,grid_0.005_23284_19583,grid_0.005_23284_19583,8isur9JBeVPXWMDpmQNSqw,2320683764799307,2320683764799307,2022-10-20T15:55:46Z,train
002012,val,26.450542009256296,-82.03524470329285,1,1_ModerateDamage,1_ModerateDamage,grid_0.005_23290_19592,grid_0.005_23290_19592,9UT5ZHyS3c7kMrjfsgzh10,232420709592359,232420709592359,2022-10-20T18:11:45Z,train
002013,train,26.42894149415227,-82.1036195755005,1,1_ModerateDamage,1_ModerateDamage,grid_0.005_23285_19579,grid_0.005_23285_19579,Rd8l2zEjuKLNrOXf5Q3CDB,232609949622356,232609949622356,2022-10-20T13:53:38Z,train
002014,train,26.443347090675715,-82.05182075500488,1,1_ModerateDamage,1_ModerateDamage,grid_0.005_23288_19589,grid_0.005_23288_19589,CDu3ifjIyq6W2ZEgm9Jecs,233248146186400,233248146186400,2022-10-22T19:33:18Z,train
002015,train,26.644514764413145,-81.86511754989624,1,1_ModerateDamage,1_ModerateDamage,grid_0.005_23328_19626,grid_0.005_23328_19626,OxYSHNnDlusU3fieJTMwZE,233968236159809,233968236159809,2022-10-04T17:43:07Z,train
002016,train,26.43553687737659,-82.07965672016144,1,1_ModerateDamage,1_ModerateDamage,grid_0.005_23287_19584,grid_0.005_23287_19584,lAtIQeO0Rwg2YVoC6Pa93F,233987902730543,233987902730543,2022-10-22T19:28:54Z,train
002017,test,26.42692389440849,-82.09659218788147,1,1_ModerateDamage,1_ModerateDamage,grid_0.005_23285_19580,grid_0.005_23285_19580,Rd8l2zEjuKLNrOXf5Q3CDB,234000102767072,234000102767072,2022-10-20T13:52:20Z,train
002018,train,26.64089946606272,-81.86587929725647,1,1_ModerateDamage,1_ModerateDamage,grid_0.005_23328_19626,grid_0.005_23328_19626,jxBtTakRHoqbVWcACQpNiM,234048089390129,234048089390129,2022-10-04T18:09:05Z,train
002019,val,26.441987786561768,-82.04675674438477,1,1_ModerateDamage,1_ModerateDamage,grid_0.005_23288_19590,grid_0.005_23288_19590,uGWfqep3o2ws7cldtXQBLk,234480468913863,234480468913863,2022-10-21T19:08:38Z,train
002020,train,26.441910934966742,-82.10801839828491,1,1_ModerateDamage,1_ModerateDamage,grid_0.005_23288_19578,grid_0.005_23288_19578,eXyup5h9qxj1LgGNY3DQiP,234615079372545,234615079372545,2022-10-22T17:37:32Z,train
002022,val,26.4390241598024,-82.06738293170929,1,1_ModerateDamage,1_ModerateDamage,grid_0.005_23287_19586,grid_0.005_23287_19586,GIdmeE2xtHZPsDkr8qAcoB,234911329400842,234911329400842,2022-10-22T17:23:43Z,train
002023,train,26.44365449291601,-82.06522107124329,1,1_ModerateDamage,1_ModerateDamage,grid_0.005_23288_19586,grid_0.005_23288_19586,wsuK3zob9RL5EY1FcZThlt,235164735980391,235164735980391,2022-10-22T17:00:38Z,train
002024,train,26.42959960833564,-82.05827414989471,1,1_ModerateDamage,1_ModerateDamage,grid_0.005_23285_19588,grid_0.005_23285_19588,njtp7LVIeUbyEwXSkgYzCT,235226812652162,235226812652162,2022-10-20T13:39:50Z,train
002025,train,26.643896240052086,-82.04931020736694,1,1_ModerateDamage,1_ModerateDamage,grid_0.005_23328_19590,grid_0.005_23328_19590,drTBZKzuP9aN3QOSstv6cg,236674009127064,236674009127064,2022-10-06T18:22:19Z,train
002026,train,26.45687201318546,-82.05102682113647,1,1_ModerateDamage,1_ModerateDamage,grid_0.005_23291_19589,grid_0.005_23291_19589,YokgWzSGxZtXC8EUIeavm5,2371256756379219,2371256756379219,2022-10-20T16:44:22Z,train
002027,train,26.446814924628057,-82.05608010292053,1,1_ModerateDamage,1_ModerateDamage,grid_0.005_23289_19588,grid_0.005_23289_19588,vItnjg2h4oOkUXx819qbfM,2372836816203718,2372836816203718,2022-10-21T20:14:04Z,train
002028,train,26.44134415287052,-82.04353272914886,1,1_ModerateDamage,1_ModerateDamage,grid_0.005_23288_19591,grid_0.005_23288_19591,cK9RIBTNm6s1M7DYd2raCk,237599888598482,237599888598482,2022-10-21T19:31:11Z,train
002029,train,26.43426394496633,-82.09731101989746,1,1_ModerateDamage,1_ModerateDamage,grid_0.005_23286_19580,grid_0.005_23286_19580,0M2YgdFsf6GZmIwQJy5APK,2377346499113560,2377346499113560,2022-10-22T18:20:09Z,train
002030,train,26.442794725214057,-82.10857093334198,1,1_ModerateDamage,1_ModerateDamage,grid_0.005_23288_19578,grid_0.005_23288_19578,2Paqk0DWtz8RdQbBmMsEnO,237802279112003,237802279112003,2022-10-20T14:19:07Z,train
002031,train,26.588330466122443,-81.88514292240143,1,1_ModerateDamage,1_ModerateDamage,grid_0.005_23317_19622,grid_0.005_23317_19622,LAfaqUIhtYyXgkoBSlTnVQ,2380176468821477,2380176468821477,2022-09-30T15:23:36Z,train
002032,train,26.46628953123597,-82.15267717838287,1,1_ModerateDamage,1_ModerateDamage,grid_0.005_23293_19569,grid_0.005_23293_19569,OGaCM4S5pEvYyPLezZc0WK,238099142310564,238099142310564,2022-10-20T14:26:11Z,train
002033,train,26.463816366779227,-82.14998424053192,1,1_ModerateDamage,1_ModerateDamage,grid_0.005_23292_19570,grid_0.005_23292_19570,5bepm7EUv2gLRdyB0VZTJ1,239321342214694,239321342214694,2022-10-20T15:37:40Z,train
002034,train,26.431607553937013,-82.08016633987427,1,1_ModerateDamage,1_ModerateDamage,grid_0.005_23286_19583,grid_0.005_23286_19583,8isur9JBeVPXWMDpmQNSqw,239741768831683,239741768831683,2022-10-20T15:57:41Z,train
002035,train,26.4387023351284,-82.07632541656494,1,1_ModerateDamage,1_ModerateDamage,grid_0.005_23287_19584,grid_0.005_23287_19584,FDdzYnaCWL8jJN0GwxMkmV,2399915720182856,2399915720182856,2022-10-21T16:41:13Z,train
002036,train,26.477362893479214,-82.17602849006653,1,1_ModerateDamage,1_ModerateDamage,grid_0.005_23295_19564,grid_0.005_23295_19564,V9j3Lpa2hEK7wUbA8cGd65,240676828821149,240676828821149,2022-10-20T14:29:03Z,train
002037,train,26.494004545627675,-81.95666134357452,1,1_ModerateDamage,1_ModerateDamage,grid_0.005_23298_19608,grid_0.005_23298_19608,gti6f8hpWRsqrUX3FwLajT,24068133472785959,24068133472785959,2022-09-30T16:37:29Z,train
002038,test,26.427370651681272,-82.09830343723297,1,1_ModerateDamage,1_ModerateDamage,grid_0.005_23285_19580,grid_0.005_23285_19580,Rd8l2zEjuKLNrOXf5Q3CDB,2408033952729084,2408033952729084,2022-10-20T13:52:44Z,train
002039,train,26.45385593938714,-82.0486181974411,1,1_ModerateDamage,1_ModerateDamage,grid_0.005_23290_19590,grid_0.005_23290_19590,cy8maM4ht0X3eRY9jKSwxo,24148561928076437,24148561928076437,2022-10-20T16:52:29Z,train
002040,train,26.5169704854626,-81.9410240650177,1,1_ModerateDamage,1_ModerateDamage,grid_0.005_23303_19611,grid_0.005_23303_19611,yncdCTLtEA1KWF8xI7hjbm,243078611803768,243078611803768,2022-10-02T18:02:18Z,train
002041,train,26.461443999868933,-82.04819440841675,1,1_ModerateDamage,1_ModerateDamage,grid_0.005_23292_19590,grid_0.005_23292_19590,0YIfZrHA3aCDs75ngd9Kcx,243480025106932,243480025106932,2022-10-20T16:29:07Z,train
002042,train,26.446291394060083,-82.04142987728119,1,1_ModerateDamage,1_ModerateDamage,grid_0.005_23289_19591,grid_0.005_23289_19591,vJTbXQK6BOxPeaoVgcHlrM,243814601696490,243814601696490,2022-10-22T19:48:28Z,train
002043,train,26.43045467078649,-82.08981156349182,1,1_ModerateDamage,1_ModerateDamage,grid_0.005_23286_19582,grid_0.005_23286_19582,8DuCakHvNX3A4ErGBom1lf,2439546542886830,2439546542886830,2022-10-22T18:50:45Z,train
002044,val,26.439470870173608,-82.06744194030762,1,1_ModerateDamage,1_ModerateDamage,grid_0.005_23287_19586,grid_0.005_23287_19586,bHW0YasAr5m2fTOgSIokNq,244524097952176,244524097952176,2022-10-22T17:20:49Z,train
002045,train,26.508680425905503,-81.96430563926695,1,1_ModerateDamage,1_ModerateDamage,grid_0.005_23301_19607,grid_0.005_23301_19607,UiTVbHcRCdI730PgBtJYFL,244580108285754,244580108285754,2022-10-02T16:14:54Z,train
002046,train,26.62635080916728,-81.86496198177338,1,1_ModerateDamage,1_ModerateDamage,grid_0.005_23325_19627,grid_0.005_23325_19627,0n7hGLKEry3cxT9IVFBND1,244680194959116,244680194959116,2022-09-30T20:14:05Z,train
002047,train,26.58801385667391,-81.88486397266387,1,1_ModerateDamage,1_ModerateDamage,grid_0.005_23317_19623,grid_0.005_23317_19623,LAfaqUIhtYyXgkoBSlTnVQ,244925638271609,244925638271609,2022-09-30T15:24:26Z,train
002048,train,26.42412801925444,-82.07390069961548,1,1_ModerateDamage,1_ModerateDamage,grid_0.005_23284_19585,grid_0.005_23284_19585,aLbXpouwqyjD4cWNZMfF2Y,245366231584465,245366231584465,2022-10-20T13:43:36Z,train
002049,train,26.42535782836198,-82.07088589668274,1,1_ModerateDamage,1_ModerateDamage,grid_0.005_23285_19585,grid_0.005_23285_19585,aLbXpouwqyjD4cWNZMfF2Y,245565561521132,245565561521132,2022-10-20T13:43:06Z,train
002050,train,26.508680425905503,-81.96451485157013,1,1_ModerateDamage,1_ModerateDamage,grid_0.005_23301_19607,grid_0.005_23301_19607,UiTVbHcRCdI730PgBtJYFL,246151354787841,246151354787841,2022-10-02T16:14:51Z,train
002051,train,26.604673040152164,-81.87443554401398,1,1_ModerateDamage,1_ModerateDamage,grid_0.005_23320_19625,grid_0.005_23320_19625,vcSl4NqPnwEhQ5OeCxbJXf,246966398055153,246966398055153,2022-09-30T19:20:47Z,train
002052,val,26.440431531771523,-82.04500794410706,1,1_ModerateDamage,1_ModerateDamage,grid_0.005_23288_19590,grid_0.005_23288_19590,CDu3ifjIyq6W2ZEgm9Jecs,247285951349800,247285951349800,2022-10-22T19:35:42Z,train
002054,train,26.52509675509091,-82.19102203845978,1,1_ModerateDamage,1_ModerateDamage,grid_0.005_23305_19561,grid_0.005_23305_19561,YeKk9dJpcaH7tzifUmZxhj,248398707908406,248398707908406,2022-10-20T14:44:06Z,train
002055,train,26.675307286678706,-82.05565631389618,1,1_ModerateDamage,1_ModerateDamage,grid_0.005_23335_19588,grid_0.005_23335_19588,fUL31KX9eukHREaZDYrxBi,249019291099867,249019291099867,2022-10-06T18:28:23Z,train
002056,train,26.42448351229747,-82.07276344299316,1,1_ModerateDamage,1_ModerateDamage,grid_0.005_23284_19585,grid_0.005_23284_19585,aLbXpouwqyjD4cWNZMfF2Y,249117291169525,249117291169525,2022-10-20T13:43:27Z,train
002057,train,26.48513185828885,-82.00668454170227,1,1_ModerateDamage,1_ModerateDamage,grid_0.005_23297_19598,grid_0.005_23297_19598,o3urlx7HenjaMLPT9hqkEs,249579201142451,249579201142451,2022-10-22T19:57:03Z,train
002058,train,26.4510847318802,-82.13021099567413,1,1_ModerateDamage,1_ModerateDamage,grid_0.005_23290_19573,grid_0.005_23290_19573,Hdxcg6t5vyaoX8lCwfM391,249614574451305,249614574451305,2022-10-20T15:40:49Z,train
002059,train,26.533884766615245,-82.19448745250702,1,1_ModerateDamage,1_ModerateDamage,grid_0.005_23306_19561,grid_0.005_23306_19561,UrYR9Pj1lqNfZIh4g76Ozp,2498584856973071,2498584856973071,2022-10-20T14:48:20Z,train
002060,train,26.4392643268839,-82.08226919174193,1,1_ModerateDamage,1_ModerateDamage,grid_0.005_23287_19583,grid_0.005_23287_19583,eGaqwKdfoI8yJ7kgjAtD3F,250224344416978,250224344416978,2022-10-22T17:33:47Z,train
002061,train,26.43067083725556,-82.08922684192657,1,1_ModerateDamage,1_ModerateDamage,grid_0.005_23286_19582,grid_0.005_23286_19582,8DuCakHvNX3A4ErGBom1lf,250407681076752,250407681076752,2022-10-22T18:51:00Z,test
002062,train,26.44348157925677,-82.11037337779999,1,1_ModerateDamage,1_ModerateDamage,grid_0.005_23288_19577,grid_0.005_23288_19577,2Paqk0DWtz8RdQbBmMsEnO,2509730769193319,2509730769193319,2022-10-20T14:19:31Z,train
002063,train,26.426083217427006,-82.07004368305206,1,1_ModerateDamage,1_ModerateDamage,grid_0.005_23285_19585,grid_0.005_23285_19585,aLbXpouwqyjD4cWNZMfF2Y,2512021758946248,2512021758946248,2022-10-20T13:42:45Z,train
002065,train,26.481996486330715,-82.18103349208832,1,1_ModerateDamage,1_ModerateDamage,grid_0.005_23296_19563,grid_0.005_23296_19563,SyLB57XMjdtCGqc6ZnJ4Pv,252370787426886,252370787426886,2022-10-20T14:29:59Z,train
002066,train,26.43218879481971,-82.10116803646088,1,1_ModerateDamage,1_ModerateDamage,grid_0.005_23286_19579,grid_0.005_23286_19579,5ZrTVbvnpkBCqAUuj4foc1,2527067847451346,2527067847451346,2022-10-22T18:27:35Z,train
002067,train,26.61886956574345,-81.87007427215576,1,1_ModerateDamage,1_ModerateDamage,grid_0.005_23323_19625,grid_0.005_23323_19625,BW1snhSTmPNKyJMAcQHvxt,2538631262950732,2538631262950732,2022-10-04T18:15:15Z,test
002068,train,26.44904830812088,-82.04996466636658,1,1_ModerateDamage,1_ModerateDamage,grid_0.005_23289_19590,grid_0.005_23289_19590,6e3WJg5uL72BZAq0QDM9hj,254202197245457,254202197245457,2022-10-20T16:55:32Z,train
002069,train,26.45071971517584,-82.04961061477661,1,1_ModerateDamage,1_ModerateDamage,grid_0.005_23290_19590,grid_0.005_23290_19590,6e3WJg5uL72BZAq0QDM9hj,254348303970237,254348303970237,2022-10-20T16:55:00Z,train
002070,train,26.430142429615472,-82.09064841270447,1,1_ModerateDamage,1_ModerateDamage,grid_0.005_23286_19581,grid_0.005_23286_19581,8DuCakHvNX3A4ErGBom1lf,254626293866935,254626293866935,2022-10-22T18:50:26Z,train
002071,train,26.42930177610492,-82.08014488220215,1,1_ModerateDamage,1_ModerateDamage,grid_0.005_23285_19583,grid_0.005_23285_19583,8isur9JBeVPXWMDpmQNSqw,2549652148525128,2549652148525128,2022-10-20T15:57:21Z,test
002072,train,26.450714912316755,-82.05054938793182,1,1_ModerateDamage,1_ModerateDamage,grid_0.005_23290_19589,grid_0.005_23290_19589,cy8maM4ht0X3eRY9jKSwxo,2549743358506290,2549743358506290,2022-10-20T16:48:33Z,train
002073,train,26.43658883732336,-82.04582870006561,1,1_ModerateDamage,1_ModerateDamage,grid_0.005_23287_19590,grid_0.005_23287_19590,CDu3ifjIyq6W2ZEgm9Jecs,255460827179907,255460827179907,2022-10-22T19:37:45Z,train
002074,train,26.450902223672628,-82.04063057899475,1,1_ModerateDamage,1_ModerateDamage,grid_0.005_23290_19591,grid_0.005_23290_19591,6e3WJg5uL72BZAq0QDM9hj,2559438280877831,2559438280877831,2022-10-20T16:59:58Z,train
002075,train,26.450517994921825,-82.04948186874391,1,1_ModerateDamage,1_ModerateDamage,grid_0.005_23290_19590,grid_0.005_23290_19590,6e3WJg5uL72BZAq0QDM9hj,256050310381741,256050310381741,2022-10-20T16:55:05Z,train
002076,train,26.42920570102765,-82.09390461444855,1,1_ModerateDamage,1_ModerateDamage,grid_0.005_23285_19581,grid_0.005_23285_19581,8DuCakHvNX3A4ErGBom1lf,256805293629992,256805293629992,2022-10-22T18:44:34Z,test
002077,val,26.444101185334404,-82.04896152019501,1,1_ModerateDamage,1_ModerateDamage,grid_0.005_23288_19590,grid_0.005_23288_19590,ZoPOLpxfckCaEiQWqzs2Hg,257113333626858,257113333626858,2022-10-20T16:03:59Z,train
002078,train,26.596053546587186,-81.89097940921783,1,1_ModerateDamage,1_ModerateDamage,grid_0.005_23319_19621,grid_0.005_23319_19621,PuC0D89odsv45LQAMIZWNn,257515676969536,257515676969536,2022-09-29T19:10:39Z,train
002079,train,26.50017373247868,-82.18684315681458,1,1_ModerateDamage,1_ModerateDamage,grid_0.005_23300_19562,grid_0.005_23300_19562,SyLB57XMjdtCGqc6ZnJ4Pv,258478686791767,258478686791767,2022-10-20T14:33:00Z,test
002080,train,26.429993514297543,-82.09104537963867,1,1_ModerateDamage,1_ModerateDamage,grid_0.005_23285_19581,grid_0.005_23285_19581,8DuCakHvNX3A4ErGBom1lf,2587817134714386,2587817134714386,2022-10-22T18:50:17Z,train
002081,train,26.42841788237358,-82.10238575935364,1,1_ModerateDamage,1_ModerateDamage,grid_0.005_23285_19579,grid_0.005_23285_19579,Rd8l2zEjuKLNrOXf5Q3CDB,259329690053773,259329690053773,2022-10-20T13:53:25Z,test
002082,val,26.441651560455185,-82.0581990480423,1,1_ModerateDamage,1_ModerateDamage,grid_0.005_23288_19588,grid_0.005_23288_19588,lAtIQeO0Rwg2YVoC6Pa93F,2597012810451650,2597012810451650,2022-10-22T19:32:14Z,train
002083,train,26.453793503903825,-82.04799056053162,1,1_ModerateDamage,1_ModerateDamage,grid_0.005_23290_19590,grid_0.005_23290_19590,cy8maM4ht0X3eRY9jKSwxo,260342556685420,260342556685420,2022-10-20T16:52:20Z,train
002084,train,26.52038330076462,-81.94125473499298,1,1_ModerateDamage,1_ModerateDamage,grid_0.005_23304_19611,grid_0.005_23304_19611,0PV43Mhwl1DSCuTpoyvfFt,260642103229337,260642103229337,2022-09-30T16:03:16Z,train
002085,train,26.438683121686594,-82.0502918958664,1,1_ModerateDamage,1_ModerateDamage,grid_0.005_23287_19589,grid_0.005_23287_19589,ZD02REoSqG75BNbzd4CTlv,2606868812784637,2606868812784637,2022-10-21T19:17:04Z,train
002086,train,26.44889941723536,-82.03253030776978,1,1_ModerateDamage,1_ModerateDamage,grid_0.005_23289_19593,grid_0.005_23289_19593,Zw6rtyuVDIGF5YfAngi7bX,261162046560407,261162046560407,2022-10-20T18:16:59Z,test
002087,train,26.43179009271175,-82.09623277187347,1,1_ModerateDamage,1_ModerateDamage,grid_0.005_23286_19580,grid_0.005_23286_19580,5ZrTVbvnpkBCqAUuj4foc1,261335403165785,261335403165785,2022-10-22T18:25:54Z,train
002088,train,26.440244203388588,-82.06677675247192,1,1_ModerateDamage,1_ModerateDamage,grid_0.005_23288_19586,grid_0.005_23288_19586,wJ8ZYp4KuVjgI6xsXOUWkA,2636432606506133,2636432606506133,2022-10-22T17:16:11Z,train
002089,train,26.521564082438843,-81.96262121200562,1,1_ModerateDamage,1_ModerateDamage,grid_0.005_23304_19607,grid_0.005_23304_19607,dVQlYJ0PO3AqDIKywBcUbt,264446832836123,264446832836123,2022-10-02T16:31:41Z,train
002090,train,26.513072743919054,-82.19115078449249,1,1_ModerateDamage,1_ModerateDamage,grid_0.005_23302_19561,grid_0.005_23302_19561,5lx9r3DNnpsEXKTiPI0abv,266001272705185,266001272705185,2022-10-20T14:35:13Z,train
002091,train,26.45547444741038,-82.0434308052063,1,1_ModerateDamage,1_ModerateDamage,grid_0.005_23291_19591,grid_0.005_23291_19591,YokgWzSGxZtXC8EUIeavm5,2670196089804869,2670196089804869,2022-10-20T16:38:32Z,train
002092,train,26.423580365664904,-82.08241403102875,1,1_ModerateDamage,1_ModerateDamage,grid_0.005_23284_19583,grid_0.005_23284_19583,8isur9JBeVPXWMDpmQNSqw,2681217585352408,2681217585352408,2022-10-20T15:55:47Z,train
002093,train,26.469506966613707,-82.15694189071657,1,1_ModerateDamage,1_ModerateDamage,grid_0.005_23293_19568,grid_0.005_23293_19568,V9j3Lpa2hEK7wUbA8cGd65,268674625758093,268674625758093,2022-10-20T14:26:44Z,train
002094,train,26.44608966605017,-82.04189658164978,1,1_ModerateDamage,1_ModerateDamage,grid_0.005_23289_19591,grid_0.005_23289_19591,ZoPOLpxfckCaEiQWqzs2Hg,268870169098177,268870169098177,2022-10-20T16:04:58Z,train
002095,train,26.425972727996538,-82.09406554698944,1,1_ModerateDamage,1_ModerateDamage,grid_0.005_23285_19581,grid_0.005_23285_19581,Rd8l2zEjuKLNrOXf5Q3CDB,268874412394696,268874412394696,2022-10-20T13:49:39Z,train
002096,train,26.42579498390789,-82.09358274936677,1,1_ModerateDamage,1_ModerateDamage,grid_0.005_23285_19581,grid_0.005_23285_19581,Rd8l2zEjuKLNrOXf5Q3CDB,268889819069748,268889819069748,2022-10-20T13:49:28Z,train
002097,train,26.46870501725695,-82.15571343898773,1,1_ModerateDamage,1_ModerateDamage,grid_0.005_23293_19568,grid_0.005_23293_19568,V9j3Lpa2hEK7wUbA8cGd65,269705252313777,269705252313777,2022-10-20T14:26:35Z,train
002098,train,26.42480537667474,-82.09093272686005,1,1_ModerateDamage,1_ModerateDamage,grid_0.005_23284_19581,grid_0.005_23284_19581,aLbXpouwqyjD4cWNZMfF2Y,271307105578842,271307105578842,2022-10-20T13:47:58Z,train
002099,train,26.433778785894333,-82.10377514362337,1,1_ModerateDamage,1_ModerateDamage,grid_0.005_23286_19579,grid_0.005_23286_19579,0M2YgdFsf6GZmIwQJy5APK,271432665301885,271432665301885,2022-10-22T18:21:44Z,train
002100,train,26.644327769029378,-81.86542868614197,1,1_ModerateDamage,1_ModerateDamage,grid_0.005_23328_19626,grid_0.005_23328_19626,OxYSHNnDlusU3fieJTMwZE,271567545545224,271567545545224,2022-10-04T17:43:02Z,train
002101,test,26.427317809513468,-82.0980566740036,1,1_ModerateDamage,1_ModerateDamage,grid_0.005_23285_19580,grid_0.005_23285_19580,n0eqGd6TKA3CmjSspwxEUl,273367265362365,273367265362365,2022-10-22T18:37:19Z,train
002102,train,26.5813888429781,-81.93903923034667,1,1_ModerateDamage,1_ModerateDamage,grid_0.005_23316_19612,grid_0.005_23316_19612,VjcnOwJsdb8SemI4xUPD7K,2734961493307726,2734961493307726,2022-10-02T11:32:07.500000Z,train
002103,train,26.4433759096706,-82.05171883106232,1,1_ModerateDamage,1_ModerateDamage,grid_0.005_23288_19589,grid_0.005_23288_19589,CDu3ifjIyq6W2ZEgm9Jecs,273566561888972,273566561888972,2022-10-22T19:33:19Z,train
002104,train,26.43087259226095,-82.0801717042923,1,1_ModerateDamage,1_ModerateDamage,grid_0.005_23286_19583,grid_0.005_23286_19583,8zouvat6BbkWiE0A1VYwfq,273749155195878,273749155195878,2022-10-22T19:08:56Z,train
002105,train,26.57407737644266,-81.8925029039383,1,1_ModerateDamage,1_ModerateDamage,grid_0.005_23314_19621,grid_0.005_23314_19621,xyKLQkzWuJS432No9mBCIH,274432355164934,274432355164934,2022-10-04T16:21:40Z,train
002106,train,26.450695700878384,-82.04865038394928,1,1_ModerateDamage,1_ModerateDamage,grid_0.005_23290_19590,grid_0.005_23290_19590,cy8maM4ht0X3eRY9jKSwxo,274898438536300,274898438536300,2022-10-20T16:49:11Z,train
002107,test,26.443572839275934,-82.06239938735962,1,1_ModerateDamage,1_ModerateDamage,grid_0.005_23288_19587,grid_0.005_23288_19587,mOxFlgIhNsDMV6H72nawdZ,275693295132127,275693295132127,2022-10-22T16:50:00Z,train
002108,train,26.423719681298408,-82.08008050918579,1,1_ModerateDamage,1_ModerateDamage,grid_0.005_23284_19583,grid_0.005_23284_19583,8isur9JBeVPXWMDpmQNSqw,275720118460393,275720118460393,2022-10-20T15:56:24Z,train
002109,train,26.43074289265516,-82.06392288208008,1,1_ModerateDamage,1_ModerateDamage,grid_0.005_23286_19587,grid_0.005_23286_19587,njtp7LVIeUbyEwXSkgYzCT,276266321656075,276266321656075,2022-10-20T13:40:58Z,train
002110,test,26.440186563824867,-82.06320941448212,1,1_ModerateDamage,1_ModerateDamage,grid_0.005_23288_19587,grid_0.005_23288_19587,lAtIQeO0Rwg2YVoC6Pa93F,276396231736057,276396231736057,2022-10-22T19:31:29Z,train
002111,train,26.494095765588327,-81.95332467556,1,1_ModerateDamage,1_ModerateDamage,grid_0.005_23298_19609,grid_0.005_23298_19609,JHDW6pvMyY8Q5lPqU0NFBV,276571304896433,276571304896433,2022-10-02T17:52:07Z,train
002112,train,26.42946029980739,-82.09429085254669,1,1_ModerateDamage,1_ModerateDamage,grid_0.005_23285_19581,grid_0.005_23285_19581,8DuCakHvNX3A4ErGBom1lf,277044391514716,277044391514716,2022-10-22T18:40:58Z,train
002113,test,26.444403782440176,-82.06420183181763,1,1_ModerateDamage,1_ModerateDamage,grid_0.005_23288_19587,grid_0.005_23288_19587,wsuK3zob9RL5EY1FcZThlt,277164028290244,277164028290244,2022-10-22T17:01:21Z,train
002114,train,26.42381095696703,-82.08547174930573,1,1_ModerateDamage,1_ModerateDamage,grid_0.005_23284_19582,grid_0.005_23284_19582,yILRGFcu1KtAQg0WzVjEhZ,277194291632073,277194291632073,2022-10-22T19:05:49Z,train
002115,train,26.43286130127423,-82.05606400966644,1,1_ModerateDamage,1_ModerateDamage,grid_0.005_23286_19588,grid_0.005_23286_19588,NyYzSUec6DpPEo8ZrBnL17,2772164409581363,2772164409581363,2022-10-21T19:19:53Z,train
002116,train,26.451070323348,-82.02137231826782,1,1_ModerateDamage,1_ModerateDamage,grid_0.005_23290_19595,grid_0.005_23290_19595,2GE5DnWJXaevYfqkA4pId1,277487928130162,277487928130162,2022-10-20T17:09:55Z,train
002117,train,26.571462598272703,-81.90358042716979,1,1_ModerateDamage,1_ModerateDamage,grid_0.005_23314_19619,grid_0.005_23314_19619,R6NX8Ev17S4qMjZcJWGtfd,278121511352702,278121511352702,2022-10-11T15:17:56Z,train
002118,train,26.5892850862804,-81.88356578350067,1,1_ModerateDamage,1_ModerateDamage,grid_0.005_23317_19623,grid_0.005_23317_19623,4qwBospeLyEXaUHTk08C9j,278155294697033,278155294697033,2022-09-30T19:13:54Z,train
002119,test,26.44179565747814,-82.06205606460571,1,1_ModerateDamage,1_ModerateDamage,grid_0.005_23288_19587,grid_0.005_23288_19587,wJ8ZYp4KuVjgI6xsXOUWkA,2782751928528606,2782751928528606,2022-10-22T17:12:18Z,train
002120,train,26.45068129229753,-82.02551901340485,1,1_ModerateDamage,1_ModerateDamage,grid_0.005_23290_19594,grid_0.005_23290_19594,oA4ekOPWvzdE6Gc3J0qSLM,2784296911712685,2784296911712685,2022-10-21T17:52:48Z,train
002121,train,26.43179489635984,-82.08017706871031,1,1_ModerateDamage,1_ModerateDamage,grid_0.005_23286_19583,grid_0.005_23286_19583,8zouvat6BbkWiE0A1VYwfq,279303894592557,279303894592557,2022-10-22T19:09:04Z,train
002122,train,26.507720334026303,-81.97013676166534,1,1_ModerateDamage,1_ModerateDamage,grid_0.005_23301_19605,grid_0.005_23301_19605,UiTVbHcRCdI730PgBtJYFL,279578807960989,279578807960989,2022-10-02T16:10:51Z,train
002123,train,26.604294122250646,-81.86872780323029,1,1_ModerateDamage,1_ModerateDamage,grid_0.005_23320_19626,grid_0.005_23320_19626,vcSl4NqPnwEhQ5OeCxbJXf,279756804551460,279756804551460,2022-09-30T19:22:10Z,train
002124,train,26.439254720210258,-82.07187294960022,1,1_ModerateDamage,1_ModerateDamage,grid_0.005_23287_19585,grid_0.005_23287_19585,ojkNER9alymT7XHIBhWvS2,2801099590024952,2801099590024952,2022-10-21T16:43:29Z,train
002125,train,26.455589711208944,-82.04270124435426,1,1_ModerateDamage,1_ModerateDamage,grid_0.005_23291_19591,grid_0.005_23291_19591,YokgWzSGxZtXC8EUIeavm5,280222324518016,280222324518016,2022-10-20T16:38:23Z,test
002126,train,26.42839866721721,-82.10240185260773,1,1_ModerateDamage,1_ModerateDamage,grid_0.005_23285_19579,grid_0.005_23285_19579,0M2YgdFsf6GZmIwQJy5APK,280432801146745,280432801146745,2022-10-22T18:17:21Z,train
002127,train,26.423767721133004,-82.08008050918579,1,1_ModerateDamage,1_ModerateDamage,grid_0.005_23284_19583,grid_0.005_23284_19583,8isur9JBeVPXWMDpmQNSqw,280711894441982,280711894441982,2022-10-20T15:56:25Z,train
002128,train,26.45049878345061,-82.04947650432587,1,1_ModerateDamage,1_ModerateDamage,grid_0.005_23290_19590,grid_0.005_23290_19590,cy8maM4ht0X3eRY9jKSwxo,281105274426335,281105274426335,2022-10-20T16:48:52Z,train
002129,train,26.445450858354818,-82.034010887146,1,1_ModerateDamage,1_ModerateDamage,grid_0.005_23289_19593,grid_0.005_23289_19593,9UT5ZHyS3c7kMrjfsgzh10,281542064374407,281542064374407,2022-10-20T18:15:17Z,train
002130,train,26.592431918463788,-81.88354432582857,1,1_ModerateDamage,1_ModerateDamage,grid_0.005_23318_19623,grid_0.005_23318_19623,4qwBospeLyEXaUHTk08C9j,281715957755555,281715957755555,2022-09-30T19:14:44Z,train
002131,train,26.585653649555027,-81.89511001110077,1,1_ModerateDamage,1_ModerateDamage,grid_0.005_23317_19620,grid_0.005_23317_19620,DY7R8rZEsoz30wiSKtyGpd,281750364258082,281750364258082,2022-09-29T19:12:06Z,train
002132,train,26.512439108409268,-81.974578499794,1,1_ModerateDamage,1_ModerateDamage,grid_0.005_23302_19605,grid_0.005_23302_19605,edntlwFA590gu1YVE4vSCf,281927304402317,281927304402317,2022-10-02T17:08:00Z,train
002133,train,26.58619093675398,-81.8949544429779,1,1_ModerateDamage,1_ModerateDamage,grid_0.005_23317_19621,grid_0.005_23317_19621,DY7R8rZEsoz30wiSKtyGpd,282613717462792,282613717462792,2022-09-29T19:12:01Z,train
002134,train,26.45536398616185,-82.04187512397766,1,1_ModerateDamage,1_ModerateDamage,grid_0.005_23291_19591,grid_0.005_23291_19591,YokgWzSGxZtXC8EUIeavm5,282853097439018,282853097439018,2022-10-20T16:38:12Z,train
002135,test,26.429839795057944,-82.09939777851103,1,1_ModerateDamage,1_ModerateDamage,grid_0.005_23285_19580,grid_0.005_23285_19580,n0eqGd6TKA3CmjSspwxEUl,282937294228421,282937294228421,2022-10-22T18:32:16Z,train
002136,train,26.451930029280035,-82.04765796661377,1,1_ModerateDamage,1_ModerateDamage,grid_0.005_23290_19590,grid_0.005_23290_19590,cy8maM4ht0X3eRY9jKSwxo,283167520741628,283167520741628,2022-10-20T16:50:23Z,train
002137,train,26.426102432969326,-82.09440350532532,1,1_ModerateDamage,1_ModerateDamage,grid_0.005_23285_19581,grid_0.005_23285_19581,Rd8l2zEjuKLNrOXf5Q3CDB,283444754352937,283444754352937,2022-10-20T13:49:52Z,train
002138,train,26.648988178074035,-81.85438334941864,1,1_ModerateDamage,1_ModerateDamage,grid_0.005_23329_19629,grid_0.005_23329_19629,OxYSHNnDlusU3fieJTMwZE,283666174136685,283666174136685,2022-10-04T17:46:33Z,train
002139,train,26.423844584826725,-82.08574533462524,1,1_ModerateDamage,1_ModerateDamage,grid_0.005_23284_19582,grid_0.005_23284_19582,8isur9JBeVPXWMDpmQNSqw,283939294206581,283939294206581,2022-10-20T15:54:36Z,train
002140,train,26.42441145298544,-82.08984911441803,1,1_ModerateDamage,1_ModerateDamage,grid_0.005_23284_19582,grid_0.005_23284_19582,8isur9JBeVPXWMDpmQNSqw,284154674165426,284154674165426,2022-10-20T15:53:03Z,train
002141,test,26.44584471013465,-82.02633440494537,1,1_ModerateDamage,1_ModerateDamage,grid_0.005_23289_19594,grid_0.005_23289_19594,oAbgmNBZR9JTjufiX5eCxP,284483107288086,284483107288086,2022-10-20T17:07:22Z,train
002142,train,26.433826821537124,-82.10376441478729,1,1_ModerateDamage,1_ModerateDamage,grid_0.005_23286_19579,grid_0.005_23286_19579,0M2YgdFsf6GZmIwQJy5APK,284530693941298,284530693941298,2022-10-22T18:21:43Z,train
002143,train,26.426049590220245,-82.09425866603851,1,1_ModerateDamage,1_ModerateDamage,grid_0.005_23285_19581,grid_0.005_23285_19581,Rd8l2zEjuKLNrOXf5Q3CDB,284632783955391,284632783955391,2022-10-20T13:49:48Z,train
002144,test,26.44555652603768,-82.02712833881378,1,1_ModerateDamage,1_ModerateDamage,grid_0.005_23289_19594,grid_0.005_23289_19594,oAbgmNBZR9JTjufiX5eCxP,284713857279781,284713857279781,2022-10-20T17:07:09Z,train
002145,train,26.42969568308463,-82.10593163967133,1,1_ModerateDamage,1_ModerateDamage,grid_0.005_23285_19578,grid_0.005_23285_19578,Rd8l2zEjuKLNrOXf5Q3CDB,284809350699388,284809350699388,2022-10-20T13:54:00Z,train
002146,train,26.43662246145552,-82.04640805721283,1,1_ModerateDamage,1_ModerateDamage,grid_0.005_23287_19590,grid_0.005_23287_19590,CDu3ifjIyq6W2ZEgm9Jecs,285106877406421,285106877406421,2022-10-22T19:37:55Z,train
002147,train,26.502698922780525,-81.97786688804628,1,1_ModerateDamage,1_ModerateDamage,grid_0.005_23300_19604,grid_0.005_23300_19604,X5lqZsudxrJMCFcQmwtD9L,285166660647260,285166660647260,2022-10-02T17:22:47Z,train
002148,train,26.466976245143428,-82.15343356132507,1,1_ModerateDamage,1_ModerateDamage,grid_0.005_23293_19569,grid_0.005_23293_19569,V9j3Lpa2hEK7wUbA8cGd65,285172647250664,285172647250664,2022-10-20T14:26:18Z,test
002149,train,26.44153147946504,-82.10455298423767,1,1_ModerateDamage,1_ModerateDamage,grid_0.005_23288_19579,grid_0.005_23288_19579,eXyup5h9qxj1LgGNY3DQiP,285515377269056,285515377269056,2022-10-22T17:36:44Z,train
002150,train,26.42836504068582,-82.10090517997742,1,1_ModerateDamage,1_ModerateDamage,grid_0.005_23285_19579,grid_0.005_23285_19579,n0eqGd6TKA3CmjSspwxEUl,285520883962502,285520883962502,2022-10-22T18:36:08Z,train
002151,train,26.43086298488776,-82.05539345741272,1,1_ModerateDamage,1_ModerateDamage,grid_0.005_23286_19588,grid_0.005_23286_19588,njtp7LVIeUbyEwXSkgYzCT,285793053926986,285793053926986,2022-10-20T13:39:23Z,test
002152,train,26.43263072807472,-82.08018779754639,1,1_ModerateDamage,1_ModerateDamage,grid_0.005_23286_19583,grid_0.005_23286_19583,8zouvat6BbkWiE0A1VYwfq,286019260652133,286019260652133,2022-10-22T19:09:10Z,train
002154,train,26.42966205693159,-82.10151672363281,1,1_ModerateDamage,1_ModerateDamage,grid_0.005_23285_19579,grid_0.005_23285_19579,0M2YgdFsf6GZmIwQJy5APK,286190847135544,286190847135544,2022-10-22T18:17:54Z,train
002155,train,26.45083978658785,-82.02328205108643,1,1_ModerateDamage,1_ModerateDamage,grid_0.005_23290_19595,grid_0.005_23290_19595,qLOwB6Mxsdzou8VFbWP7SU,287207940360108,287207940360108,2022-10-20T17:26:15Z,train
002156,test,26.44403394142516,-82.06287682056427,1,1_ModerateDamage,1_ModerateDamage,grid_0.005_23288_19587,grid_0.005_23288_19587,wsuK3zob9RL5EY1FcZThlt,287370247083946,287370247083946,2022-10-22T17:02:54Z,train
002157,train,26.4462097422891,-82.05848336219788,1,1_ModerateDamage,1_ModerateDamage,grid_0.005_23289_19588,grid_0.005_23289_19588,mOxFlgIhNsDMV6H72nawdZ,287659073675209,287659073675209,2022-10-22T16:52:23Z,train
002158,train,26.440032858180658,-82.09958553314209,1,1_ModerateDamage,1_ModerateDamage,grid_0.005_23288_19580,grid_0.005_23288_19580,eXyup5h9qxj1LgGNY3DQiP,287963640459251,287963640459251,2022-10-22T17:36:07Z,train
002159,val,26.441512266495,-82.05888032913208,1,1_ModerateDamage,1_ModerateDamage,grid_0.005_23288_19588,grid_0.005_23288_19588,wJ8ZYp4KuVjgI6xsXOUWkA,287985543680020,287985543680020,2022-10-22T17:09:35Z,train
002160,train,26.43422551659945,-82.09839999675751,1,1_ModerateDamage,1_ModerateDamage,grid_0.005_23286_19580,grid_0.005_23286_19580,0M2YgdFsf6GZmIwQJy5APK,288107696964159,288107696964159,2022-10-22T18:20:20Z,train
002161,train,26.42402233192219,-82.08716154098511,1,1_ModerateDamage,1_ModerateDamage,grid_0.005_23284_19582,grid_0.005_23284_19582,aLbXpouwqyjD4cWNZMfF2Y,288170907057221,288170907057221,2022-10-20T13:45:48Z,test
002162,train,26.42438743320473,-82.0897901058197,1,1_ModerateDamage,1_ModerateDamage,grid_0.005_23284_19582,grid_0.005_23284_19582,yILRGFcu1KtAQg0WzVjEhZ,288498240372060,288498240372060,2022-10-22T19:04:52Z,train
002163,train,26.44570542124447,-82.04285144805908,1,1_ModerateDamage,1_ModerateDamage,grid_0.005_23289_19591,grid_0.005_23289_19591,ZoPOLpxfckCaEiQWqzs2Hg,288940023697876,288940023697876,2022-10-20T16:04:50Z,train
002164,test,26.42738025934554,-82.0989578962326,1,1_ModerateDamage,1_ModerateDamage,grid_0.005_23285_19580,grid_0.005_23285_19580,mlt8kfA0uSC5rYi7VQhg2P,289081166927448,289081166927448,2022-10-20T15:51:02Z,train
002165,train,26.509851727131803,-82.19033539295197,1,1_ModerateDamage,1_ModerateDamage,grid_0.005_23301_19561,grid_0.005_23301_19561,5lx9r3DNnpsEXKTiPI0abv,289259993467072,289259993467072,2022-10-20T14:34:45Z,train
002166,train,26.425377044025183,-82.0924723148346,1,1_ModerateDamage,1_ModerateDamage,grid_0.005_23285_19581,grid_0.005_23285_19581,aLbXpouwqyjD4cWNZMfF2Y,289533696806790,289533696806790,2022-10-20T13:48:56Z,train
002167,train,26.52778938501018,-82.19201982021332,1,1_ModerateDamage,1_ModerateDamage,grid_0.005_23305_19561,grid_0.005_23305_19561,6o40Ksad9vEmtgTrx7VLPR,289545770303521,289545770303521,2022-10-20T14:59:08Z,train
002168,train,26.444226066775983,-82.03057229518889,1,1_ModerateDamage,1_ModerateDamage,grid_0.005_23288_19593,grid_0.005_23288_19593,oAbgmNBZR9JTjufiX5eCxP,289842093427245,289842093427245,2022-10-20T17:06:15Z,train
002169,train,26.43954292007129,-82.07127213478088,1,1_ModerateDamage,1_ModerateDamage,grid_0.005_23287_19585,grid_0.005_23287_19585,eGaqwKdfoI8yJ7kgjAtD3F,290230943464220,290230943464220,2022-10-22T17:29:42Z,train
002170,train,26.44022979350035,-82.0665192604065,1,1_ModerateDamage,1_ModerateDamage,grid_0.005_23288_19586,grid_0.005_23288_19586,wJ8ZYp4KuVjgI6xsXOUWkA,290244223406117,290244223406117,2022-10-22T17:16:18Z,train
002171,train,26.429873421159115,-82.0935183763504,1,1_ModerateDamage,1_ModerateDamage,grid_0.005_23285_19581,grid_0.005_23285_19581,8DuCakHvNX3A4ErGBom1lf,290284460028896,290284460028896,2022-10-22T18:47:27Z,train
002172,train,26.449658278448865,-82.02391505241394,1,1_ModerateDamage,1_ModerateDamage,grid_0.005_23289_19595,grid_0.005_23289_19595,2GE5DnWJXaevYfqkA4pId1,291494456569693,291494456569693,2022-10-20T17:08:47Z,train
002173,train,26.42923452355926,-82.05911636352539,1,1_ModerateDamage,1_ModerateDamage,grid_0.005_23285_19588,grid_0.005_23285_19588,njtp7LVIeUbyEwXSkgYzCT,292480939833665,292480939833665,2022-10-20T13:39:58Z,train
002174,train,26.42389742858643,-82.08604037761688,1,1_ModerateDamage,1_ModerateDamage,grid_0.005_23284_19582,grid_0.005_23284_19582,aLbXpouwqyjD4cWNZMfF2Y,292651413334287,292651413334287,2022-10-20T13:45:29Z,train
002175,train,26.44208865420238,-82.03499794006348,1,1_ModerateDamage,1_ModerateDamage,grid_0.005_23288_19593,grid_0.005_23288_19593,oAbgmNBZR9JTjufiX5eCxP,292760453198701,292760453198701,2022-10-20T17:04:30Z,train
002176,train,26.4257373371176,-82.09343791007996,1,1_ModerateDamage,1_ModerateDamage,grid_0.005_23285_19581,grid_0.005_23285_19581,Rd8l2zEjuKLNrOXf5Q3CDB,293230733162698,293230733162698,2022-10-20T13:49:24Z,train
002177,train,26.456458988639824,-82.04961061477661,1,1_ModerateDamage,1_ModerateDamage,grid_0.005_23291_19590,grid_0.005_23291_19590,YokgWzSGxZtXC8EUIeavm5,293449033123531,293449033123531,2022-10-20T16:39:58Z,train
002178,val,26.450273048424062,-82.03911781311035,1,1_ModerateDamage,1_ModerateDamage,grid_0.005_23290_19592,grid_0.005_23290_19592,ZoPOLpxfckCaEiQWqzs2Hg,293775699736170,293775699736170,2022-10-20T16:06:24Z,train
002179,train,26.4251560637048,-82.09193050861359,1,1_ModerateDamage,1_ModerateDamage,grid_0.005_23285_19581,grid_0.005_23285_19581,8isur9JBeVPXWMDpmQNSqw,294082356354464,294082356354464,2022-10-20T15:52:28Z,train
002180,train,26.44527794739199,-82.03400552272797,1,1_ModerateDamage,1_ModerateDamage,grid_0.005_23289_19593,grid_0.005_23289_19593,9UT5ZHyS3c7kMrjfsgzh10,294475769704005,294475769704005,2022-10-20T18:14:00Z,train
002181,train,26.443668902375894,-82.06644415855408,1,1_ModerateDamage,1_ModerateDamage,grid_0.005_23288_19586,grid_0.005_23288_19586,wsuK3zob9RL5EY1FcZThlt,295172419744505,295172419744505,2022-10-22T16:59:27Z,train
002182,train,26.42917687848886,-82.1016776561737,1,1_ModerateDamage,1_ModerateDamage,grid_0.005_23285_19579,grid_0.005_23285_19579,5ZrTVbvnpkBCqAUuj4foc1,295412506270602,295412506270602,2022-10-22T18:29:20Z,train
002183,train,26.452256619795538,-82.04974472522736,1,1_ModerateDamage,1_ModerateDamage,grid_0.005_23290_19590,grid_0.005_23290_19590,cy8maM4ht0X3eRY9jKSwxo,297023802756487,297023802756487,2022-10-20T16:47:00Z,train
002184,train,26.439912775503444,-82.0990490913391,1,1_ModerateDamage,1_ModerateDamage,grid_0.005_23287_19580,grid_0.005_23287_19580,eXyup5h9qxj1LgGNY3DQiP,301090732353550,301090732353550,2022-10-22T17:36:02Z,train
002185,train,26.430752500038366,-82.0556455850601,1,1_ModerateDamage,1_ModerateDamage,grid_0.005_23286_19588,grid_0.005_23286_19588,njtp7LVIeUbyEwXSkgYzCT,301496738901385,301496738901385,2022-10-20T13:39:25Z,train
002186,train,26.467451660063546,-82.15400218963623,1,1_ModerateDamage,1_ModerateDamage,grid_0.005_23293_19569,grid_0.005_23293_19569,V9j3Lpa2hEK7wUbA8cGd65,302189255589684,302189255589684,2022-10-20T14:26:22Z,train
002187,train,26.42941706609197,-82.10224092006683,1,1_ModerateDamage,1_ModerateDamage,grid_0.005_23285_19579,grid_0.005_23285_19579,5ZrTVbvnpkBCqAUuj4foc1,302283668890606,302283668890606,2022-10-22T18:23:20Z,train
002188,train,26.50245408736696,-81.97797954082489,1,1_ModerateDamage,1_ModerateDamage,grid_0.005_23300_19604,grid_0.005_23300_19604,gGiay1PDJMqSpoxQ67F2fE,302310142248940,302310142248940,2022-10-02T15:45:04Z,train
002189,train,26.437141232536888,-82.04832851886749,1,1_ModerateDamage,1_ModerateDamage,grid_0.005_23287_19590,grid_0.005_23287_19590,cK9RIBTNm6s1M7DYd2raCk,3025292411109335,3025292411109335,2022-10-21T19:27:48Z,train
002190,train,26.42513204407924,-82.0918071269989,1,1_ModerateDamage,1_ModerateDamage,grid_0.005_23285_19581,grid_0.005_23285_19581,aLbXpouwqyjD4cWNZMfF2Y,304862741914067,304862741914067,2022-10-20T13:48:28Z,train
002191,test,26.44035467913845,-82.06264078617096,1,1_ModerateDamage,1_ModerateDamage,grid_0.005_23288_19587,grid_0.005_23288_19587,GFA5Eq24e1SxuJVjWM0kyt,3056647787813120,3056647787813120,2022-10-20T16:01:54Z,train
002192,train,26.423580365664904,-82.0824784040451,1,1_ModerateDamage,1_ModerateDamage,grid_0.005_23284_19583,grid_0.005_23284_19583,yILRGFcu1KtAQg0WzVjEhZ,307075428319542,307075428319542,2022-10-22T19:07:03Z,train
002193,train,26.443447957126224,-82.05146133899687,1,1_ModerateDamage,1_ModerateDamage,grid_0.005_23288_19589,grid_0.005_23288_19589,CDu3ifjIyq6W2ZEgm9Jecs,307171404979019,307171404979019,2022-10-22T19:33:21Z,train
002194,train,26.430329774419576,-82.0901495218277,1,1_ModerateDamage,1_ModerateDamage,grid_0.005_23286_19581,grid_0.005_23286_19581,8DuCakHvNX3A4ErGBom1lf,307314414973733,307314414973733,2022-10-22T18:50:37Z,train
002195,train,26.52643587840056,-82.19188570976257,1,1_ModerateDamage,1_ModerateDamage,grid_0.005_23305_19561,grid_0.005_23305_19561,UrYR9Pj1lqNfZIh4g76Ozp,307977508237542,307977508237542,2022-10-20T14:46:22Z,train
002196,train,26.45701609116678,-82.05112874507904,1,1_ModerateDamage,1_ModerateDamage,grid_0.005_23291_19589,grid_0.005_23291_19589,YokgWzSGxZtXC8EUIeavm5,3085303591605487,3085303591605487,2022-10-20T16:43:28Z,train
002197,train,26.53281929806251,-81.9261485338211,1,1_ModerateDamage,1_ModerateDamage,grid_0.005_23306_19614,grid_0.005_23306_19614,0dpIPURQ5m1EHrfXvBolaS,309614284733552,309614284733552,2022-09-30T16:01:02Z,train
002198,train,26.425991943557246,-82.09411382675171,1,1_ModerateDamage,1_ModerateDamage,grid_0.005_23285_19581,grid_0.005_23285_19581,Rd8l2zEjuKLNrOXf5Q3CDB,309753821380596,309753821380596,2022-10-20T13:49:40Z,train
002199,train,26.43194861299212,-82.05785036087036,1,1_ModerateDamage,1_ModerateDamage,grid_0.005_23286_19588,grid_0.005_23286_19588,NyYzSUec6DpPEo8ZrBnL17,3104444586529653,3104444586529653,2022-10-21T19:20:20Z,train
002200,train,26.55331103462919,-81.95797026157379,1,1_ModerateDamage,1_ModerateDamage,grid_0.005_23310_19608,grid_0.005_23310_19608,VecsRgmLhUDpGFlidWPAvx,311323381224394,311323381224394,2022-10-01T19:18:08Z,train
002201,train,26.591726766943854,-81.88354969024658,1,1_ModerateDamage,1_ModerateDamage,grid_0.005_23318_19623,grid_0.005_23318_19623,4qwBospeLyEXaUHTk08C9j,312524947766044,312524947766044,2022-09-30T19:14:38Z,train
002202,val,26.453183555478248,-82.03877985477448,1,1_ModerateDamage,1_ModerateDamage,grid_0.005_23290_19592,grid_0.005_23290_19592,0YIfZrHA3aCDs75ngd9Kcx,3136659556638643,3136659556638643,2022-10-20T16:34:27Z,train
002203,train,26.42870130555825,-82.10152208805084,1,1_ModerateDamage,1_ModerateDamage,grid_0.005_23285_19579,grid_0.005_23285_19579,0M2YgdFsf6GZmIwQJy5APK,3150416318593657,3150416318593657,2022-10-22T18:17:41Z,train
002204,train,26.432241634754604,-82.0990490913391,1,1_ModerateDamage,1_ModerateDamage,grid_0.005_23286_19580,grid_0.005_23286_19580,5ZrTVbvnpkBCqAUuj4foc1,3152469201724016,3152469201724016,2022-10-22T18:26:59Z,train
002205,train,26.486553070712773,-81.99362218379974,1,1_ModerateDamage,1_ModerateDamage,grid_0.005_23297_19601,grid_0.005_23297_19601,o3urlx7HenjaMLPT9hqkEs,318292307190210,318292307190210,2022-10-22T19:58:43Z,train
002206,train,26.44365449291601,-82.05071568489075,1,1_ModerateDamage,1_ModerateDamage,grid_0.005_23288_19589,grid_0.005_23288_19589,ZoPOLpxfckCaEiQWqzs2Hg,319752967044193,319752967044193,2022-10-20T16:03:46Z,train
002207,train,26.42930657985672,-82.10473537445068,1,1_ModerateDamage,1_ModerateDamage,grid_0.005_23285_19579,grid_0.005_23285_19579,mlt8kfA0uSC5rYi7VQhg2P,3205589763064796,3205589763064796,2022-10-20T15:49:54Z,train
002208,train,26.43505172366332,-82.04766333103179,1,1_ModerateDamage,1_ModerateDamage,grid_0.005_23287_19590,grid_0.005_23287_19590,PioLgY63BXl1ItahOyTeME,3249775515339435,3249775515339435,2022-10-21T17:08:51Z,train
002209,val,26.440743745066257,-82.04830706119537,1,1_ModerateDamage,1_ModerateDamage,grid_0.005_23288_19590,grid_0.005_23288_19590,cK9RIBTNm6s1M7DYd2raCk,3263773397267917,3263773397267917,2022-10-21T19:28:58Z,test
002210,train,26.43746786498258,-82.05028116703033,1,1_ModerateDamage,1_ModerateDamage,grid_0.005_23287_19589,grid_0.005_23287_19589,ZD02REoSqG75BNbzd4CTlv,3276025219279953,3276025219279953,2022-10-21T19:11:10Z,train
002211,train,26.431266493872712,-82.09622740745544,1,1_ModerateDamage,1_ModerateDamage,grid_0.005_23286_19580,grid_0.005_23286_19580,5ZrTVbvnpkBCqAUuj4foc1,3276540835965090,3276540835965090,2022-10-22T18:25:46Z,train
002212,train,26.453971204805896,-82.13760316371918,1,1_ModerateDamage,1_ModerateDamage,grid_0.005_23290_19572,grid_0.005_23290_19572,5bepm7EUv2gLRdyB0VZTJ1,3282978288659405,3282978288659405,2022-10-20T15:40:02Z,train
002213,train,26.485165468244915,-82.00525224208832,1,1_ModerateDamage,1_ModerateDamage,grid_0.005_23297_19598,grid_0.005_23297_19598,o3urlx7HenjaMLPT9hqkEs,3318887108424200,3318887108424200,2022-10-22T19:57:15Z,train
002214,train,26.43715083938673,-82.04500257968903,1,1_ModerateDamage,1_ModerateDamage,grid_0.005_23287_19590,grid_0.005_23287_19590,CDu3ifjIyq6W2ZEgm9Jecs,331937722733944,331937722733944,2022-10-22T19:37:28Z,train
002215,train,26.43304383806337,-82.05126285552979,1,1_ModerateDamage,1_ModerateDamage,grid_0.005_23286_19589,grid_0.005_23286_19589,PioLgY63BXl1ItahOyTeME,3342279846011572,3342279846011572,2022-10-21T17:08:11Z,train
002216,train,26.425199299018203,-82.09199488162993,1,1_ModerateDamage,1_ModerateDamage,grid_0.005_23285_19581,grid_0.005_23285_19581,aLbXpouwqyjD4cWNZMfF2Y,3347250658860577,3347250658860577,2022-10-20T13:48:38Z,train
002217,train,26.44420205112465,-82.030588388443,1,1_ModerateDamage,1_ModerateDamage,grid_0.005_23288_19593,grid_0.005_23288_19593,5bS0CBxDknPTVWIs6OLvru,3367273793590171,3367273793590171,2022-10-21T17:19:34Z,train
002218,train,26.512626319264623,-81.974578499794,1,1_ModerateDamage,1_ModerateDamage,grid_0.005_23302_19605,grid_0.005_23302_19605,edntlwFA590gu1YVE4vSCf,3383917318541850,3383917318541850,2022-10-02T17:08:03Z,train
002219,train,26.43763598426281,-82.0802253484726,1,1_ModerateDamage,1_ModerateDamage,grid_0.005_23287_19583,grid_0.005_23287_19583,FDdzYnaCWL8jJN0GwxMkmV,3389014638053792,3389014638053792,2022-10-21T16:39:51Z,train
002220,train,26.45558490855298,-82.04264760017395,1,1_ModerateDamage,1_ModerateDamage,grid_0.005_23291_19591,grid_0.005_23291_19591,YokgWzSGxZtXC8EUIeavm5,3392086594373922,3392086594373922,2022-10-20T16:38:22Z,train
002221,train,26.484181172605982,-81.96767449378969,1,1_ModerateDamage,1_ModerateDamage,grid_0.005_23296_19606,grid_0.005_23296_19606,VgUWZnMHbBqG2Xlhe1F0xs,3393712484213598,3393712484213598,2022-09-30T16:17:48Z,train
002222,train,26.56958663808274,-81.90281867980957,1,1_ModerateDamage,1_ModerateDamage,grid_0.005_23313_19619,grid_0.005_23313_19619,M5eOhXKrUp6RGLtk7lZcbB,3400306363631708,3400306363631708,2022-10-11T15:26:23Z,train
002223,train,26.42405595972022,-82.07648634910583,1,1_ModerateDamage,1_ModerateDamage,grid_0.005_23284_19584,grid_0.005_23284_19584,aLbXpouwqyjD4cWNZMfF2Y,3402855626654273,3402855626654273,2022-10-20T13:43:55Z,train
002224,train,26.441699592816192,-82.03571677207947,1,1_ModerateDamage,1_ModerateDamage,grid_0.005_23288_19592,grid_0.005_23288_19592,oAbgmNBZR9JTjufiX5eCxP,3403198809941433,3403198809941433,2022-10-20T17:04:17Z,train
002225,train,26.438731155285083,-82.0502918958664,1,1_ModerateDamage,1_ModerateDamage,grid_0.005_23287_19589,grid_0.005_23287_19589,ZD02REoSqG75BNbzd4CTlv,3405403473078923,3405403473078923,2022-10-21T19:17:03Z,test
002226,train,26.481444306306223,-82.17736959457397,1,1_ModerateDamage,1_ModerateDamage,grid_0.005_23296_19564,grid_0.005_23296_19564,2FqKfe7p8ltGyoBMwk1naW,3407598949551381,3407598949551381,2022-10-20T15:20:18Z,train
002227,val,26.44435575120661,-82.04790472984314,1,1_ModerateDamage,1_ModerateDamage,grid_0.005_23288_19590,grid_0.005_23288_19590,ZoPOLpxfckCaEiQWqzs2Hg,3408720912712089,3408720912712089,2022-10-20T16:04:07Z,test
002228,train,26.511666260366056,-81.9742888212204,1,1_ModerateDamage,1_ModerateDamage,grid_0.005_23302_19605,grid_0.005_23302_19605,edntlwFA590gu1YVE4vSCf,3418642641798813,3418642641798813,2022-10-02T17:07:41Z,train
002229,train,26.43067083725556,-82.05579578876495,1,1_ModerateDamage,1_ModerateDamage,grid_0.005_23286_19588,grid_0.005_23286_19588,d9OWh4IQeMXLPraFD8HZpy,3419366288383586,3419366288383586,2022-10-21T17:07:22Z,train
002230,train,26.43348096446228,-82.05474436283112,1,1_ModerateDamage,1_ModerateDamage,grid_0.005_23286_19589,grid_0.005_23286_19589,cK9RIBTNm6s1M7DYd2raCk,3420487311564302,3420487311564302,2022-10-21T19:26:12Z,train
002231,train,26.47078911355524,-82.16178596019746,1,1_ModerateDamage,1_ModerateDamage,grid_0.005_23294_19567,grid_0.005_23294_19567,V9j3Lpa2hEK7wUbA8cGd65,3422845091310606,3422845091310606,2022-10-20T14:27:15Z,train
002232,train,26.45162264912524,-82.13134825229645,1,1_ModerateDamage,1_ModerateDamage,grid_0.005_23290_19573,grid_0.005_23290_19573,OGaCM4S5pEvYyPLezZc0WK,3423083468007503,3423083468007503,2022-10-20T14:22:20Z,train
002233,train,26.43229927829232,-82.09652781486513,1,1_ModerateDamage,1_ModerateDamage,grid_0.005_23286_19580,grid_0.005_23286_19580,5ZrTVbvnpkBCqAUuj4foc1,3441942752714866,3441942752714866,2022-10-22T18:26:05Z,train
002234,train,26.43286130127423,-82.06158399581909,1,1_ModerateDamage,1_ModerateDamage,grid_0.005_23286_19587,grid_0.005_23286_19587,d9OWh4IQeMXLPraFD8HZpy,3450848671853744,3450848671853744,2022-10-21T17:04:47Z,train
002235,train,26.45076294089857,-82.02392041683197,1,1_ModerateDamage,1_ModerateDamage,grid_0.005_23290_19595,grid_0.005_23290_19595,qLOwB6Mxsdzou8VFbWP7SU,3460420110865726,3460420110865726,2022-10-20T17:26:24Z,train
002236,test,26.44561416291475,-82.02691376209259,1,1_ModerateDamage,1_ModerateDamage,grid_0.005_23289_19594,grid_0.005_23289_19594,5bS0CBxDknPTVWIs6OLvru,3469056626646539,3469056626646539,2022-10-21T17:20:27Z,train
002237,train,26.45160343783833,-82.02571749687195,1,1_ModerateDamage,1_ModerateDamage,grid_0.005_23290_19594,grid_0.005_23290_19594,oA4ekOPWvzdE6Gc3J0qSLM,3485665225000845,3485665225000845,2022-10-21T17:53:12Z,train
002238,train,26.618677732550708,-81.87005817890169,1,1_ModerateDamage,1_ModerateDamage,grid_0.005_23323_19625,grid_0.005_23323_19625,BW1snhSTmPNKyJMAcQHvxt,3503120363276370,3503120363276370,2022-10-04T18:15:18Z,train
002239,train,26.45828877217108,-82.04284608364105,1,1_ModerateDamage,1_ModerateDamage,grid_0.005_23291_19591,grid_0.005_23291_19591,0YIfZrHA3aCDs75ngd9Kcx,3504870126398624,3504870126398624,2022-10-20T16:32:29Z,train
002240,train,26.52074809639932,-81.96118354797363,1,1_ModerateDamage,1_ModerateDamage,grid_0.005_23304_19607,grid_0.005_23304_19607,LdXJgOkyewuaYiIU2VSZcE,3516210135293293,3516210135293293,2022-10-02T16:28:45Z,train
002241,train,26.453951993910778,-82.05016851425171,1,1_ModerateDamage,1_ModerateDamage,grid_0.005_23290_19589,grid_0.005_23290_19589,cy8maM4ht0X3eRY9jKSwxo,3524528154529735,3524528154529735,2022-10-20T16:52:52Z,test
002242,train,26.45071010945746,-82.05055475234985,1,1_ModerateDamage,1_ModerateDamage,grid_0.005_23290_19589,grid_0.005_23290_19589,6e3WJg5uL72BZAq0QDM9hj,3525874157701551,3525874157701551,2022-10-20T16:54:48Z,train
002243,train,26.44167557663819,-82.03576505184172,1,1_ModerateDamage,1_ModerateDamage,grid_0.005_23288_19592,grid_0.005_23288_19592,oAbgmNBZR9JTjufiX5eCxP,3526253347693480,3526253347693480,2022-10-20T17:04:16Z,train
002244,train,26.547456626328795,-82.19765782356262,1,1_ModerateDamage,1_ModerateDamage,grid_0.005_23309_19560,grid_0.005_23309_19560,pNkvj5h6tMqTefxRbUK4VE,3534145846872772,3534145846872772,2022-10-20T14:51:53Z,train
002245,train,26.45815910342941,-82.04961597919464,1,1_ModerateDamage,1_ModerateDamage,grid_0.005_23291_19590,grid_0.005_23291_19590,YokgWzSGxZtXC8EUIeavm5,3539040556380307,3539040556380307,2022-10-20T16:41:52Z,train
002246,train,26.430060766400445,-82.0688796043396,1,1_ModerateDamage,1_ModerateDamage,grid_0.005_23286_19586,grid_0.005_23286_19586,njtp7LVIeUbyEwXSkgYzCT,3556508617939166,3556508617939166,2022-10-20T13:42:04Z,test
002247,train,26.441569905395497,-82.04302310943604,1,1_ModerateDamage,1_ModerateDamage,grid_0.005_23288_19591,grid_0.005_23288_19591,cK9RIBTNm6s1M7DYd2raCk,3607354999500871,3607354999500871,2022-10-21T19:31:29Z,train
002248,train,26.45374547658592,-82.04789936542511,1,1_ModerateDamage,1_ModerateDamage,grid_0.005_23290_19590,grid_0.005_23290_19590,cy8maM4ht0X3eRY9jKSwxo,3611092505880383,3611092505880383,2022-10-20T16:52:19Z,train
002249,train,26.44904830812088,-82.05001831054688,1,1_ModerateDamage,1_ModerateDamage,grid_0.005_23289_19589,grid_0.005_23289_19589,6e3WJg5uL72BZAq0QDM9hj,3643010969319103,3643010969319103,2022-10-20T16:55:33Z,train
002250,train,26.42945069231648,-82.0942747592926,1,1_ModerateDamage,1_ModerateDamage,grid_0.005_23285_19581,grid_0.005_23285_19581,8DuCakHvNX3A4ErGBom1lf,3646709668898425,3646709668898425,2022-10-22T18:44:17Z,train
002251,val,26.43966300313396,-82.06569850444794,1,1_ModerateDamage,1_ModerateDamage,grid_0.005_23287_19586,grid_0.005_23287_19586,bHW0YasAr5m2fTOgSIokNq,3720450331516008,3720450331516008,2022-10-22T17:18:30Z,train
002252,train,26.42801916722233,-82.10150599479675,1,1_ModerateDamage,1_ModerateDamage,grid_0.005_23285_19579,grid_0.005_23285_19579,Rd8l2zEjuKLNrOXf5Q3CDB,3779227592351298,3779227592351298,2022-10-20T13:53:16Z,train
002253,train,26.550844541668567,-81.9824481010437,1,1_ModerateDamage,1_ModerateDamage,grid_0.005_23310_19603,grid_0.005_23310_19603,LdAR3S0E9p7g5saOr1qQXy,385535683757916,385535683757916,2022-10-02T12:04:00Z,train
002254,test,26.44835668431336,-82.03556656837463,1,1_ModerateDamage,1_ModerateDamage,grid_0.005_23289_19592,grid_0.005_23289_19592,9UT5ZHyS3c7kMrjfsgzh10,3966574410282099,3966574410282099,2022-10-20T18:12:25Z,train
002255,val,26.43949969013809,-82.06732392311096,1,1_ModerateDamage,1_ModerateDamage,grid_0.005_23287_19586,grid_0.005_23287_19586,bHW0YasAr5m2fTOgSIokNq,4097812273692793,4097812273692793,2022-10-22T17:19:27Z,train
002256,train,26.45545043410451,-82.04201996326447,1,1_ModerateDamage,1_ModerateDamage,grid_0.005_23291_19591,grid_0.005_23291_19591,YokgWzSGxZtXC8EUIeavm5,4254988404725458,4254988404725458,2022-10-20T16:38:14Z,train
002257,train,26.4576548347124,-82.04259932041168,1,1_ModerateDamage,1_ModerateDamage,grid_0.005_23291_19591,grid_0.005_23291_19591,0YIfZrHA3aCDs75ngd9Kcx,4266832353541781,4266832353541781,2022-10-20T16:32:55Z,train
002258,train,26.437972222087453,-82.07184612751007,1,1_ModerateDamage,1_ModerateDamage,grid_0.005_23287_19585,grid_0.005_23287_19585,ojkNER9alymT7XHIBhWvS2,434515648806572,434515648806572,2022-10-21T16:43:46Z,train
002259,train,26.56077737079512,-82.01721489429474,1,1_ModerateDamage,1_ModerateDamage,grid_0.005_23312_19596,grid_0.005_23312_19596,TsSrYVLcjRQlIymM5oNWJ2,440483174956550,440483174956550,2022-10-02T12:17:11Z,train
002260,train,26.43738140354293,-82.08019852638245,1,1_ModerateDamage,1_ModerateDamage,grid_0.005_23287_19583,grid_0.005_23287_19583,FDdzYnaCWL8jJN0GwxMkmV,441204228131440,441204228131440,2022-10-21T16:37:12Z,train
002261,train,26.55529282807602,-81.964852809906,1,1_ModerateDamage,1_ModerateDamage,grid_0.005_23311_19607,grid_0.005_23311_19607,ZPlHNo3BhFseuWtwfCJd26,458763336400910,458763336400910,2022-10-02T11:49:43.500000Z,train
002262,train,26.46095895526983,-82.04817831516266,1,1_ModerateDamage,1_ModerateDamage,grid_0.005_23292_19590,grid_0.005_23292_19590,cjXdAN6SYHtunWF5TIOlCq,461591772685961,461591772685961,2022-10-21T18:56:29Z,test
002263,train,26.433721143096577,-82.08019852638245,1,1_ModerateDamage,1_ModerateDamage,grid_0.005_23286_19583,grid_0.005_23286_19583,8zouvat6BbkWiE0A1VYwfq,4742936832497141,4742936832497141,2022-10-22T19:09:19Z,train
002264,train,26.445676602832364,-82.04302310943604,1,1_ModerateDamage,1_ModerateDamage,grid_0.005_23289_19591,grid_0.005_23289_19591,uGWfqep3o2ws7cldtXQBLk,474857581521423,474857581521423,2022-10-21T19:07:11Z,train
002265,train,26.43305344525477,-82.05566167831421,1,1_ModerateDamage,1_ModerateDamage,grid_0.005_23286_19588,grid_0.005_23286_19588,cK9RIBTNm6s1M7DYd2raCk,479025357779107,479025357779107,2022-10-21T19:26:01Z,train
002266,train,26.450633263681667,-82.05614447593689,1,1_ModerateDamage,1_ModerateDamage,grid_0.005_23290_19588,grid_0.005_23290_19588,fkzvtDXqFTJgKBrMpHPWEi,480371170754368,480371170754368,2022-10-21T20:10:39Z,train
002267,val,26.450417134662302,-82.03907489776611,1,1_ModerateDamage,1_ModerateDamage,grid_0.005_23290_19592,grid_0.005_23290_19592,cjXdAN6SYHtunWF5TIOlCq,481585983947863,481585983947863,2022-10-21T18:53:17Z,train
002268,train,26.436766564767936,-82.04789936542511,1,1_ModerateDamage,1_ModerateDamage,grid_0.005_23287_19590,grid_0.005_23287_19590,PioLgY63BXl1ItahOyTeME,482929210479409,482929210479409,2022-10-21T17:09:26Z,train
002269,train,26.433577035976043,-82.0545619726181,1,1_ModerateDamage,1_ModerateDamage,grid_0.005_23286_19589,grid_0.005_23286_19589,cK9RIBTNm6s1M7DYd2raCk,483518803937011,483518803937011,2022-10-21T19:26:15Z,train
002270,train,26.455546487298008,-82.04239010810853,1,1_ModerateDamage,1_ModerateDamage,grid_0.005_23291_19591,grid_0.005_23291_19591,YokgWzSGxZtXC8EUIeavm5,483817797275615,483817797275615,2022-10-20T16:38:19Z,train
002271,train,26.42497831835713,-82.09068059921265,1,1_ModerateDamage,1_ModerateDamage,grid_0.005_23284_19581,grid_0.005_23284_19581,yILRGFcu1KtAQg0WzVjEhZ,483829303943473,483829303943473,2022-10-22T19:04:26Z,train
002272,train,26.42973891669552,-82.05795764923096,1,1_ModerateDamage,1_ModerateDamage,grid_0.005_23285_19588,grid_0.005_23285_19588,njtp7LVIeUbyEwXSkgYzCT,484291497229187,484291497229187,2022-10-20T13:39:47Z,train
002273,test,26.44428850744599,-82.06004440784454,1,1_ModerateDamage,1_ModerateDamage,grid_0.005_23288_19587,grid_0.005_23288_19587,vItnjg2h4oOkUXx819qbfM,487171493491936,487171493491936,2022-10-21T20:15:42Z,train
002274,train,26.46055555028417,-82.04802811145782,1,1_ModerateDamage,1_ModerateDamage,grid_0.005_23292_19590,grid_0.005_23292_19590,tTMujQinkPSmUalNr8ODYC,487276503575718,487276503575718,2022-10-21T18:59:48Z,train
002275,train,26.439057783223944,-82.07615911960602,1,1_ModerateDamage,1_ModerateDamage,grid_0.005_23287_19584,grid_0.005_23287_19584,FDdzYnaCWL8jJN0GwxMkmV,488664026781775,488664026781775,2022-10-21T16:42:17Z,train
002276,train,26.443447957126224,-82.05156862735748,1,1_ModerateDamage,1_ModerateDamage,grid_0.005_23288_19589,grid_0.005_23288_19589,6Enx3OZopQHazvV5Aye4tg,489232020036982,489232020036982,2022-10-21T19:35:30Z,train
002277,train,26.44853439360483,-82.02424228191376,1,1_ModerateDamage,1_ModerateDamage,grid_0.005_23289_19595,grid_0.005_23289_19595,nyw9GxcmVequiNU27Ka6LA,489989436651470,489989436651470,2022-10-21T18:46:45Z,train
002278,test,26.44932207473068,-82.03933775424957,1,1_ModerateDamage,1_ModerateDamage,grid_0.005_23289_19592,grid_0.005_23289_19592,cjXdAN6SYHtunWF5TIOlCq,490083309955341,490083309955341,2022-10-21T18:53:02Z,train
002279,train,26.445739042716127,-82.03222453594208,1,1_ModerateDamage,1_ModerateDamage,grid_0.005_23289_19593,grid_0.005_23289_19593,9oftQ5hvKsIWYCqU7guZaA,492999222771043,492999222771043,2022-10-21T18:27:58Z,train
002280,train,26.588891726174623,-81.94145321846008,1,1_ModerateDamage,1_ModerateDamage,grid_0.005_23317_19611,grid_0.005_23317_19611,wiH9IhMKLGuXlbgzVC2asf,493430699286883,493430699286883,2022-10-02T11:19:51.500000Z,train
002281,train,26.596840216220187,-81.89067900180817,1,1_ModerateDamage,1_ModerateDamage,grid_0.005_23319_19621,grid_0.005_23319_19621,PuC0D89odsv45LQAMIZWNn,494167632884665,494167632884665,2022-09-29T19:10:29Z,train
002282,train,26.62640835529578,-81.88037395477295,1,1_ModerateDamage,1_ModerateDamage,grid_0.005_23325_19623,grid_0.005_23325_19623,Em7Mc1GUux6lXtdyqTzJRF,494621646166044,494621646166044,2022-09-30T20:18:56Z,train
002283,test,26.44698783328376,-82.03835070133209,1,1_ModerateDamage,1_ModerateDamage,grid_0.005_23289_19592,grid_0.005_23289_19592,n8NHRsX3PiA1YpCSMoy20F,494882939475395,494882939475395,2022-10-21T18:51:56Z,train
002284,train,26.445398024477043,-82.04403698444366,1,1_ModerateDamage,1_ModerateDamage,grid_0.005_23289_19591,grid_0.005_23289_19591,ZoPOLpxfckCaEiQWqzs2Hg,494997216140262,494997216140262,2022-10-20T16:04:41Z,train
002285,test,26.44542203987904,-82.0274019241333,1,1_ModerateDamage,1_ModerateDamage,grid_0.005_23289_19594,grid_0.005_23289_19594,5bS0CBxDknPTVWIs6OLvru,496170516000526,496170516000526,2022-10-21T17:20:21Z,train
002286,train,26.447612223490538,-82.1192193031311,1,1_ModerateDamage,1_ModerateDamage,grid_0.005_23289_19576,grid_0.005_23289_19576,Hdxcg6t5vyaoX8lCwfM391,496357695998913,496357695998913,2022-10-20T15:42:08Z,train
002287,train,26.43723730099937,-82.05816686153412,1,1_ModerateDamage,1_ModerateDamage,grid_0.005_23287_19588,grid_0.005_23287_19588,X52NQsIPtuAZHEwoBkDhqv,497668829145688,497668829145688,2022-10-21T16:57:29Z,train
002288,val,26.45097906926896,-82.03889787197113,1,1_ModerateDamage,1_ModerateDamage,grid_0.005_23290_19592,grid_0.005_23290_19592,cjXdAN6SYHtunWF5TIOlCq,499942205604002,499942205604002,2022-10-21T18:53:27Z,train
002289,train,26.48785423290046,-81.99090242385864,1,1_ModerateDamage,1_ModerateDamage,grid_0.005_23297_19601,grid_0.005_23297_19601,5G4oivF6N8ElUMxufdBjA7,501781355200222,501781355200222,2022-10-21T21:32:37Z,train
002290,train,26.43844295339366,-82.0502918958664,1,1_ModerateDamage,1_ModerateDamage,grid_0.005_23287_19589,grid_0.005_23287_19589,ZD02REoSqG75BNbzd4CTlv,505204135056434,505204135056434,2022-10-21T19:17:08Z,train
002291,train,26.43703555713568,-82.0485270023346,1,1_ModerateDamage,1_ModerateDamage,grid_0.005_23287_19590,grid_0.005_23287_19590,ZD02REoSqG75BNbzd4CTlv,505554138271215,505554138271215,2022-10-21T19:10:21Z,train
002292,train,26.45086380085523,-82.0205408334732,1,1_ModerateDamage,1_ModerateDamage,grid_0.005_23290_19595,grid_0.005_23290_19595,DtjgKvhZzkac5eR0ICSP47,506318268274749,506318268274749,2022-10-21T17:47:54Z,train
002293,train,26.48772459747576,-81.99118673801422,1,1_ModerateDamage,1_ModerateDamage,grid_0.005_23297_19601,grid_0.005_23297_19601,5G4oivF6N8ElUMxufdBjA7,507444508199254,507444508199254,2022-10-21T21:32:36Z,train
002294,train,26.446276984928232,-82.04149425029755,1,1_ModerateDamage,1_ModerateDamage,grid_0.005_23289_19591,grid_0.005_23289_19591,hVtUpWFmwBTMDKgo9CRPIS,508098771464688,508098771464688,2022-10-21T21:21:28Z,train
002295,train,26.451699494240856,-82.02574968338013,1,1_ModerateDamage,1_ModerateDamage,grid_0.005_23290_19594,grid_0.005_23290_19594,oA4ekOPWvzdE6Gc3J0qSLM,508691521367872,508691521367872,2022-10-21T17:57:56Z,train
002296,train,26.4397446595451,-82.05370903015135,1,1_ModerateDamage,1_ModerateDamage,grid_0.005_23287_19589,grid_0.005_23287_19589,ZD02REoSqG75BNbzd4CTlv,512708654324085,512708654324085,2022-10-21T19:12:57Z,train
002297,train,26.44516747636316,-82.03276634216309,1,1_ModerateDamage,1_ModerateDamage,grid_0.005_23289_19593,grid_0.005_23289_19593,9oftQ5hvKsIWYCqU7guZaA,512964224237630,512964224237630,2022-10-21T18:28:20Z,train
002298,train,26.43193420206657,-82.06165373325348,1,1_ModerateDamage,1_ModerateDamage,grid_0.005_23286_19587,grid_0.005_23286_19587,d9OWh4IQeMXLPraFD8HZpy,513878204180823,513878204180823,2022-10-21T17:03:58Z,train
002299,train,26.43306305244539,-82.05565094947815,1,1_ModerateDamage,1_ModerateDamage,grid_0.005_23286_19588,grid_0.005_23286_19588,NyYzSUec6DpPEo8ZrBnL17,517324893860021,517324893860021,2022-10-21T19:19:47Z,train
002300,train,26.440705318860253,-82.03758895397186,1,1_ModerateDamage,1_ModerateDamage,grid_0.005_23288_19592,grid_0.005_23288_19592,n8NHRsX3PiA1YpCSMoy20F,517747227005602,517747227005602,2022-10-21T18:50:20Z,train
002301,train,26.430608389206128,-82.05594062805176,1,1_ModerateDamage,1_ModerateDamage,grid_0.005_23286_19588,grid_0.005_23286_19588,d9OWh4IQeMXLPraFD8HZpy,517900383769330,517900383769330,2022-10-21T17:07:21Z,train
002302,train,26.55648764582801,-81.95849597454071,1,1_ModerateDamage,1_ModerateDamage,grid_0.005_23311_19608,grid_0.005_23311_19608,lR0cupJwszIVy8CWaMS2jT,518318437006547,518318437006547,2022-10-02T11:48:07Z,train
002303,val,26.43750148885823,-82.06648170948029,1,1_ModerateDamage,1_ModerateDamage,grid_0.005_23287_19586,grid_0.005_23287_19586,ojkNER9alymT7XHIBhWvS2,520468009930258,520468009930258,2022-10-21T16:45:53Z,train
002304,val,26.43898573302292,-82.0673882961273,1,1_ModerateDamage,1_ModerateDamage,grid_0.005_23287_19586,grid_0.005_23287_19586,ojkNER9alymT7XHIBhWvS2,522985609825681,522985609825681,2022-10-21T16:44:35Z,train
002305,train,26.44797244707017,-82.05606937408449,1,1_ModerateDamage,1_ModerateDamage,grid_0.005_23289_19588,grid_0.005_23289_19588,6Enx3OZopQHazvV5Aye4tg,524510322830808,524510322830808,2022-10-21T19:37:25Z,train
002306,train,26.43533032703546,-82.05779671669006,1,1_ModerateDamage,1_ModerateDamage,grid_0.005_23287_19588,grid_0.005_23287_19588,X52NQsIPtuAZHEwoBkDhqv,527240032722932,527240032722932,2022-10-21T16:57:55Z,train
002307,val,26.45119519723376,-82.03885495662689,1,1_ModerateDamage,1_ModerateDamage,grid_0.005_23290_19592,grid_0.005_23290_19592,uGWfqep3o2ws7cldtXQBLk,528676082401370,528676082401370,2022-10-21T19:05:46Z,train
002308,train,26.430377811499795,-82.0564717054367,1,1_ModerateDamage,1_ModerateDamage,grid_0.005_23286_19588,grid_0.005_23286_19588,d9OWh4IQeMXLPraFD8HZpy,531441652297146,531441652297146,2022-10-21T17:07:15Z,train
002309,test,26.44946135924728,-82.03932702541351,1,1_ModerateDamage,1_ModerateDamage,grid_0.005_23289_19592,grid_0.005_23289_19592,uGWfqep3o2ws7cldtXQBLk,5365265770240599,5365265770240599,2022-10-21T19:06:05Z,train
002310,train,26.45061885509297,-82.02483773231505,1,1_ModerateDamage,1_ModerateDamage,grid_0.005_23290_19595,grid_0.005_23290_19595,nyw9GxcmVequiNU27Ka6LA,536841541553932,536841541553932,2022-10-21T18:45:46Z,train
002311,train,26.445604556770576,-82.04331278800964,1,1_ModerateDamage,1_ModerateDamage,grid_0.005_23289_19591,grid_0.005_23289_19591,6Enx3OZopQHazvV5Aye4tg,5383353925102405,5383353925102405,2022-10-21T19:34:18Z,test
002312,train,26.435541680868496,-82.04732537269592,1,1_ModerateDamage,1_ModerateDamage,grid_0.005_23287_19590,grid_0.005_23287_19590,PioLgY63BXl1ItahOyTeME,538485541376758,538485541376758,2022-10-21T17:09:06Z,train
002313,val,26.452184577849646,-82.03857064247131,1,1_ModerateDamage,1_ModerateDamage,grid_0.005_23290_19592,grid_0.005_23290_19592,cjXdAN6SYHtunWF5TIOlCq,539955778090382,539955778090382,2022-10-21T18:53:43Z,train
002314,train,26.441382578863458,-82.04343616962434,1,1_ModerateDamage,1_ModerateDamage,grid_0.005_23288_19591,grid_0.005_23288_19591,cK9RIBTNm6s1M7DYd2raCk,5436850343087057,5436850343087057,2022-10-21T19:31:14Z,train
002315,train,26.442871576219503,-82.03849017620087,1,1_ModerateDamage,1_ModerateDamage,grid_0.005_23288_19592,grid_0.005_23288_19592,n8NHRsX3PiA1YpCSMoy20F,545490000861578,545490000861578,2022-10-21T18:51:08Z,train
002316,train,26.46131913709817,-82.04819977283478,1,1_ModerateDamage,1_ModerateDamage,grid_0.005_23292_19590,grid_0.005_23292_19590,tTMujQinkPSmUalNr8ODYC,547073077477062,547073077477062,2022-10-21T18:59:31Z,train
002317,val,26.44451425420138,-82.05684185028076,1,1_ModerateDamage,1_ModerateDamage,grid_0.005_23288_19588,grid_0.005_23288_19588,vItnjg2h4oOkUXx819qbfM,548486820548738,548486820548738,2022-10-21T20:14:42Z,train
002318,train,26.55863252837912,-81.95300817489624,1,1_ModerateDamage,1_ModerateDamage,grid_0.005_23311_19609,grid_0.005_23311_19609,7rpiSYZ6TfnMsH4vtXo8Q9,5486818368094906,5486818368094906,2022-10-02T11:45:03.500000Z,train
002319,train,26.64388185572476,-82.04835534095764,1,1_ModerateDamage,1_ModerateDamage,grid_0.005_23328_19590,grid_0.005_23328_19590,drTBZKzuP9aN3QOSstv6cg,549353274051936,549353274051936,2022-10-06T18:22:30Z,train
002320,train,26.42434900154525,-82.0895004272461,1,1_ModerateDamage,1_ModerateDamage,grid_0.005_23284_19582,grid_0.005_23284_19582,aLbXpouwqyjD4cWNZMfF2Y,549648580524633,549648580524633,2022-10-20T13:46:33Z,train
002321,train,26.45677115849128,-82.05096781253815,1,1_ModerateDamage,1_ModerateDamage,grid_0.005_23291_19589,grid_0.005_23291_19589,YokgWzSGxZtXC8EUIeavm5,549814137363124,549814137363124,2022-10-20T16:43:23Z,train
002322,train,26.55834462701301,-81.95300817489624,1,1_ModerateDamage,1_ModerateDamage,grid_0.005_23311_19609,grid_0.005_23311_19609,xK6cfvZPLDM7rywSqFXU9Q,549956930309811,549956930309811,2022-10-02T11:45:07Z,train
002323,train,26.43891368277683,-82.0781224966049,1,1_ModerateDamage,1_ModerateDamage,grid_0.005_23287_19584,grid_0.005_23287_19584,FDdzYnaCWL8jJN0GwxMkmV,551980143316165,551980143316165,2022-10-21T16:38:11Z,train
002324,train,26.46032503251476,-82.04765796661377,1,1_ModerateDamage,1_ModerateDamage,grid_0.005_23292_19590,grid_0.005_23292_19590,cjXdAN6SYHtunWF5TIOlCq,552884503428266,552884503428266,2022-10-21T18:56:09Z,train
002325,train,26.45929249934173,-82.04590380191803,1,1_ModerateDamage,1_ModerateDamage,grid_0.005_23291_19590,grid_0.005_23291_19590,tTMujQinkPSmUalNr8ODYC,553224803420200,553224803420200,2022-10-21T19:00:33Z,test
002326,train,26.43578665868993,-82.05073177814484,1,1_ModerateDamage,1_ModerateDamage,grid_0.005_23287_19589,grid_0.005_23287_19589,ZD02REoSqG75BNbzd4CTlv,554015126650929,554015126650929,2022-10-21T19:18:01Z,train
002327,train,26.446795712539185,-82.05608010292053,1,1_ModerateDamage,1_ModerateDamage,grid_0.005_23289_19588,grid_0.005_23289_19588,vItnjg2h4oOkUXx819qbfM,554156263420969,554156263420969,2022-10-21T20:14:04Z,train
002328,test,26.449230819266376,-82.03939139842987,1,1_ModerateDamage,1_ModerateDamage,grid_0.005_23289_19592,grid_0.005_23289_19592,uGWfqep3o2ws7cldtXQBLk,555061413215901,555061413215901,2022-10-21T19:06:07Z,train
002329,val,26.44092626936976,-82.04631686210632,1,1_ModerateDamage,1_ModerateDamage,grid_0.005_23288_19590,grid_0.005_23288_19590,cK9RIBTNm6s1M7DYd2raCk,555637953272175,555637953272175,2022-10-21T19:30:08Z,train
002330,train,26.431732448919377,-82.05356955528259,1,1_ModerateDamage,1_ModerateDamage,grid_0.005_23286_19589,grid_0.005_23286_19589,PioLgY63BXl1ItahOyTeME,556408399732429,556408399732429,2022-10-21T17:07:46Z,train
002331,train,26.443154963859016,-82.05254495143889,1,1_ModerateDamage,1_ModerateDamage,grid_0.005_23288_19589,grid_0.005_23288_19589,ZoPOLpxfckCaEiQWqzs2Hg,5565806210188612,5565806210188612,2022-10-20T16:03:30Z,train
002332,train,26.455589711208944,-82.04170882701874,1,1_ModerateDamage,1_ModerateDamage,grid_0.005_23291_19591,grid_0.005_23291_19591,cjXdAN6SYHtunWF5TIOlCq,556955266480235,556955266480235,2022-10-21T18:54:42Z,train
002333,train,26.447122317614287,-82.05608546733856,1,1_ModerateDamage,1_ModerateDamage,grid_0.005_23289_19588,grid_0.005_23289_19588,vItnjg2h4oOkUXx819qbfM,558333032859341,558333032859341,2022-10-21T20:14:00Z,train
002334,val,26.44386102833549,-82.05611228942871,1,1_ModerateDamage,1_ModerateDamage,grid_0.005_23288_19588,grid_0.005_23288_19588,6Enx3OZopQHazvV5Aye4tg,558415079727552,558415079727552,2022-10-21T19:36:42Z,train
002335,train,26.486332207772666,-81.99428737163544,1,1_ModerateDamage,1_ModerateDamage,grid_0.005_23297_19601,grid_0.005_23297_19601,5G4oivF6N8ElUMxufdBjA7,558568612831411,558568612831411,2022-10-21T21:32:19Z,train
002336,train,26.43936519690884,-82.04500257968903,1,1_ModerateDamage,1_ModerateDamage,grid_0.005_23287_19590,grid_0.005_23287_19590,CDu3ifjIyq6W2ZEgm9Jecs,558899956230920,558899956230920,2022-10-22T19:36:20Z,train
002337,train,26.596015172320406,-81.92831039428711,1,1_ModerateDamage,1_ModerateDamage,grid_0.005_23319_19614,grid_0.005_23319_19614,z5iyQfRGHW02FmvOT8nj4o,559290082676360,559290082676360,2022-10-02T11:13:35.333000Z,train
002338,train,26.437741659113428,-82.0502918958664,1,1_ModerateDamage,1_ModerateDamage,grid_0.005_23287_19589,grid_0.005_23287_19589,ZD02REoSqG75BNbzd4CTlv,559637952873519,559637952873519,2022-10-21T19:17:19Z,train
002340,train,26.454898126686828,-82.0413601398468,1,1_ModerateDamage,1_ModerateDamage,grid_0.005_23290_19591,grid_0.005_23290_19591,YokgWzSGxZtXC8EUIeavm5,560025889447279,560025889447279,2022-10-20T16:38:04Z,train
002341,test,26.427673292721096,-82.09610402584075,1,1_ModerateDamage,1_ModerateDamage,grid_0.005_23285_19580,grid_0.005_23285_19580,n0eqGd6TKA3CmjSspwxEUl,5601966706573374,5601966706573374,2022-10-22T18:38:40Z,train
002342,train,26.423844584826725,-82.0858097076416,1,1_ModerateDamage,1_ModerateDamage,grid_0.005_23284_19582,grid_0.005_23284_19582,yILRGFcu1KtAQg0WzVjEhZ,560584066045877,560584066045877,2022-10-22T19:05:46Z,train
002343,train,26.5513196096134,-81.98244273662566,1,1_ModerateDamage,1_ModerateDamage,grid_0.005_23310_19603,grid_0.005_23310_19603,LdAR3S0E9p7g5saOr1qQXy,5608679082542195,5608679082542195,2022-10-02T12:03:55.500000Z,train
002344,train,26.430858181200847,-82.0887440443039,1,1_ModerateDamage,1_ModerateDamage,grid_0.005_23286_19582,grid_0.005_23286_19582,8DuCakHvNX3A4ErGBom1lf,5616374625132002,5616374625132002,2022-10-22T18:51:13Z,train
002345,train,26.43906738991403,-82.07187294960022,1,1_ModerateDamage,1_ModerateDamage,grid_0.005_23287_19585,grid_0.005_23287_19585,ojkNER9alymT7XHIBhWvS2,561982285954890,561982285954890,2022-10-21T16:43:31Z,train
002346,train,26.439907972193765,-82.04216480255127,1,1_ModerateDamage,1_ModerateDamage,grid_0.005_23287_19591,grid_0.005_23287_19591,PioLgY63BXl1ItahOyTeME,562897469063209,562897469063209,2022-10-21T17:11:37Z,train
002347,train,26.434566567907623,-82.0485270023346,1,1_ModerateDamage,1_ModerateDamage,grid_0.005_23286_19590,grid_0.005_23286_19590,PioLgY63BXl1ItahOyTeME,563079309047916,563079309047916,2022-10-21T17:08:41Z,train
002348,train,26.43536395153484,-82.05647706985474,1,1_ModerateDamage,1_ModerateDamage,grid_0.005_23287_19588,grid_0.005_23287_19588,X52NQsIPtuAZHEwoBkDhqv,564002662265406,564002662265406,2022-10-21T16:58:21Z,train
002349,test,26.445974392743054,-82.02608227729797,1,1_ModerateDamage,1_ModerateDamage,grid_0.005_23289_19594,grid_0.005_23289_19594,n8NHRsX3PiA1YpCSMoy20F,564091295347951,564091295347951,2022-10-21T18:47:55Z,train
002350,train,26.42973411296178,-82.05793082714082,1,1_ModerateDamage,1_ModerateDamage,grid_0.005_23285_19588,grid_0.005_23285_19588,d9OWh4IQeMXLPraFD8HZpy,564256688935694,564256688935694,2022-10-21T17:07:00Z,test
002352,train,26.445186688723595,-82.04492211341858,1,1_ModerateDamage,1_ModerateDamage,grid_0.005_23289_19591,grid_0.005_23289_19591,6Enx3OZopQHazvV5Aye4tg,564772681928225,564772681928225,2022-10-21T19:34:33Z,train
002353,train,26.4407389417912,-82.03744947910309,1,1_ModerateDamage,1_ModerateDamage,grid_0.005_23288_19592,grid_0.005_23288_19592,5bS0CBxDknPTVWIs6OLvru,565641461850050,565641461850050,2022-10-21T17:18:09Z,train
002354,train,26.62208272386917,-81.86200082302094,1,1_ModerateDamage,1_ModerateDamage,grid_0.005_23324_19627,grid_0.005_23324_19627,0n7hGLKEry3cxT9IVFBND1,565892538953582,565892538953582,2022-09-30T20:11:41Z,train
002355,train,26.453519747923465,-82.13624596595764,1,1_ModerateDamage,1_ModerateDamage,grid_0.005_23290_19572,grid_0.005_23290_19572,5bepm7EUv2gLRdyB0VZTJ1,566059222398937,566059222398937,2022-10-20T15:40:10Z,train
002356,train,26.563958573213185,-81.90662741661072,1,1_ModerateDamage,1_ModerateDamage,grid_0.005_23312_19618,grid_0.005_23312_19618,x5dDWwRLGpSfraO7AbKz16,566446032363463,566446032363463,2022-09-29T19:17:26Z,train
002357,val,26.440734138515964,-82.05844044685364,1,1_ModerateDamage,1_ModerateDamage,grid_0.005_23288_19588,grid_0.005_23288_19588,X52NQsIPtuAZHEwoBkDhqv,567962984908053,567962984908053,2022-10-21T16:56:54Z,train
002358,train,26.44601762024675,-82.04213261604309,1,1_ModerateDamage,1_ModerateDamage,grid_0.005_23289_19591,grid_0.005_23289_19591,uGWfqep3o2ws7cldtXQBLk,568363994884917,568363994884917,2022-10-21T19:07:03Z,train
002359,train,26.441147219455544,-82.03848481178284,1,1_ModerateDamage,1_ModerateDamage,grid_0.005_23288_19592,grid_0.005_23288_19592,oAbgmNBZR9JTjufiX5eCxP,568611488804206,568611488804206,2022-10-20T17:03:11Z,train
002360,train,26.460363452175045,-82.04772770404816,1,1_ModerateDamage,1_ModerateDamage,grid_0.005_23292_19590,grid_0.005_23292_19590,0YIfZrHA3aCDs75ngd9Kcx,568736915338831,568736915338831,2022-10-20T16:29:26Z,train
002361,train,26.438010649204955,-82.07751631736755,1,1_ModerateDamage,1_ModerateDamage,grid_0.005_23287_19584,grid_0.005_23287_19584,FDdzYnaCWL8jJN0GwxMkmV,568837918171281,568837918171281,2022-10-21T16:40:49Z,train
002362,train,26.44149785676538,-82.03846335411072,1,1_ModerateDamage,1_ModerateDamage,grid_0.005_23288_19592,grid_0.005_23288_19592,n8NHRsX3PiA1YpCSMoy20F,569354768378755,569354768378755,2022-10-21T18:50:53Z,train
002363,train,26.44665162177047,-82.032750248909,1,1_ModerateDamage,1_ModerateDamage,grid_0.005_23289_19593,grid_0.005_23289_19593,9oftQ5hvKsIWYCqU7guZaA,569436931736593,569436931736593,2022-10-21T18:31:38Z,train
002364,test,26.429849402516425,-82.09918856620789,1,1_ModerateDamage,1_ModerateDamage,grid_0.005_23285_19580,grid_0.005_23285_19580,n0eqGd6TKA3CmjSspwxEUl,569829158437182,569829158437182,2022-10-22T18:32:20Z,train
002365,train,26.44322701145282,-82.0384955406189,1,1_ModerateDamage,1_ModerateDamage,grid_0.005_23288_19592,grid_0.005_23288_19592,n8NHRsX3PiA1YpCSMoy20F,5704280306292146,5704280306292146,2022-10-21T18:51:12Z,train
002366,train,26.448001264907887,-82.05480873584747,1,1_ModerateDamage,1_ModerateDamage,grid_0.005_23289_19589,grid_0.005_23289_19589,fkzvtDXqFTJgKBrMpHPWEi,5706039832806931,5706039832806931,2022-10-21T20:11:18Z,train
002367,train,26.604649058043705,-81.87607169151306,1,1_ModerateDamage,1_ModerateDamage,grid_0.005_23320_19624,grid_0.005_23320_19624,vcSl4NqPnwEhQ5OeCxbJXf,571061875099614,571061875099614,2022-09-30T19:20:28Z,train
002368,train,26.445388418314863,-82.04277634620667,1,1_ModerateDamage,1_ModerateDamage,grid_0.005_23289_19591,grid_0.005_23289_19591,cK9RIBTNm6s1M7DYd2raCk,571065541253709,571065541253709,2022-10-21T19:33:20Z,train
002369,train,26.44620493924195,-82.05842971801758,1,1_ModerateDamage,1_ModerateDamage,grid_0.005_23289_19588,grid_0.005_23289_19588,mOxFlgIhNsDMV6H72nawdZ,571474058393776,571474058393776,2022-10-22T16:52:22Z,test
002370,train,26.43779449650239,-82.05028653144836,1,1_ModerateDamage,1_ModerateDamage,grid_0.005_23287_19589,grid_0.005_23287_19589,ZD02REoSqG75BNbzd4CTlv,571546054538965,571546054538965,2022-10-21T19:11:14Z,train
002371,val,26.44420685425532,-82.04848945140839,1,1_ModerateDamage,1_ModerateDamage,grid_0.005_23288_19590,grid_0.005_23288_19590,CDu3ifjIyq6W2ZEgm9Jecs,5720425011391116,5720425011391116,2022-10-22T19:33:59Z,train
002372,train,26.44390425663224,-82.03095316886902,1,1_ModerateDamage,1_ModerateDamage,grid_0.005_23288_19593,grid_0.005_23288_19593,5bS0CBxDknPTVWIs6OLvru,572889411022464,572889411022464,2022-10-21T17:19:29Z,test
002373,train,26.44865927024017,-82.02390968799591,1,1_ModerateDamage,1_ModerateDamage,grid_0.005_23289_19595,grid_0.005_23289_19595,nyw9GxcmVequiNU27Ka6LA,573583461300649,573583461300649,2022-10-21T18:46:33Z,train
002374,train,26.51652887607085,-81.94117963314056,1,1_ModerateDamage,1_ModerateDamage,grid_0.005_23303_19611,grid_0.005_23303_19611,yncdCTLtEA1KWF8xI7hjbm,573742744957572,573742744957572,2022-10-02T18:02:28Z,test
002375,train,26.48376824607329,-81.96766912937164,1,1_ModerateDamage,1_ModerateDamage,grid_0.005_23296_19606,grid_0.005_23296_19606,VgUWZnMHbBqG2Xlhe1F0xs,573851854899569,573851854899569,2022-09-30T16:17:51Z,train
002376,train,26.481405893684183,-82.17739641666412,1,1_ModerateDamage,1_ModerateDamage,grid_0.005_23296_19564,grid_0.005_23296_19564,2FqKfe7p8ltGyoBMwk1naW,574672711527055,574672711527055,2022-10-20T15:20:16Z,train
002377,train,26.448102127283065,-82.04769015312195,1,1_ModerateDamage,1_ModerateDamage,grid_0.005_23289_19590,grid_0.005_23289_19590,6e3WJg5uL72BZAq0QDM9hj,574750824730709,574750824730709,2022-10-20T16:57:33Z,test
002378,train,26.42411841131916,-82.07395434379578,1,1_ModerateDamage,1_ModerateDamage,grid_0.005_23284_19585,grid_0.005_23284_19585,aLbXpouwqyjD4cWNZMfF2Y,575065041443923,575065041443923,2022-10-20T13:43:36Z,train
002379,train,26.442439288647023,-82.10799157619476,1,1_ModerateDamage,1_ModerateDamage,grid_0.005_23288_19578,grid_0.005_23288_19578,2Paqk0DWtz8RdQbBmMsEnO,575269188103526,575269188103526,2022-10-20T14:18:55Z,train
002380,train,26.4518723955635,-82.02581942081451,1,1_ModerateDamage,1_ModerateDamage,grid_0.005_23290_19594,grid_0.005_23290_19594,oA4ekOPWvzdE6Gc3J0qSLM,5754841517971622,5754841517971622,2022-10-21T17:57:51Z,train
002381,train,26.443140554334832,-82.05273807048799,1,1_ModerateDamage,1_ModerateDamage,grid_0.005_23288_19589,grid_0.005_23288_19589,6Enx3OZopQHazvV5Aye4tg,5759697304116959,5759697304116959,2022-10-21T19:35:42Z,train
002382,train,26.435195828939897,-82.08024680614471,1,1_ModerateDamage,1_ModerateDamage,grid_0.005_23287_19583,grid_0.005_23287_19583,lAtIQeO0Rwg2YVoC6Pa93F,576805721058016,576805721058016,2022-10-22T19:28:40Z,train
002383,test,26.44742010378744,-82.02515959739685,1,1_ModerateDamage,1_ModerateDamage,grid_0.005_23289_19594,grid_0.005_23289_19594,n8NHRsX3PiA1YpCSMoy20F,576862053877350,576862053877350,2022-10-21T18:47:24Z,train
002384,val,26.44442779804945,-82.05767869949341,1,1_ModerateDamage,1_ModerateDamage,grid_0.005_23288_19588,grid_0.005_23288_19588,mOxFlgIhNsDMV6H72nawdZ,577039464586746,577039464586746,2022-10-22T16:51:15Z,train
002385,train,26.44593116522313,-82.05606400966644,1,1_ModerateDamage,1_ModerateDamage,grid_0.005_23289_19588,grid_0.005_23289_19588,vItnjg2h4oOkUXx819qbfM,577064643863375,577064643863375,2022-10-21T20:14:13Z,train
002386,train,26.448025279767123,-82.05369830131531,1,1_ModerateDamage,1_ModerateDamage,grid_0.005_23289_19589,grid_0.005_23289_19589,fkzvtDXqFTJgKBrMpHPWEi,5772417859501472,5772417859501472,2022-10-21T20:11:38Z,train
002387,train,26.453995218420275,-82.0507800579071,1,1_ModerateDamage,1_ModerateDamage,grid_0.005_23290_19589,grid_0.005_23290_19589,cy8maM4ht0X3eRY9jKSwxo,577702941111716,577702941111716,2022-10-20T16:53:00Z,train
002388,train,26.450633263681667,-82.02414572238922,1,1_ModerateDamage,1_ModerateDamage,grid_0.005_23290_19595,grid_0.005_23290_19595,2GE5DnWJXaevYfqkA4pId1,578635274435657,578635274435657,2022-10-20T17:09:09Z,train
002389,train,26.484570090426203,-81.9676798582077,1,1_ModerateDamage,1_ModerateDamage,grid_0.005_23296_19606,grid_0.005_23296_19606,VgUWZnMHbBqG2Xlhe1F0xs,580031860701346,580031860701346,2022-09-30T16:17:45Z,test
002390,train,26.44534038749184,-82.04277634620667,1,1_ModerateDamage,1_ModerateDamage,grid_0.005_23289_19591,grid_0.005_23289_19591,cK9RIBTNm6s1M7DYd2raCk,580347143501216,580347143501216,2022-10-21T19:33:19Z,train
002391,test,26.449398921381345,-82.02982664108276,1,1_ModerateDamage,1_ModerateDamage,grid_0.005_23289_19594,grid_0.005_23289_19594,nyw9GxcmVequiNU27Ka6LA,580491027251755,580491027251755,2022-10-21T18:41:06Z,train
002392,val,26.440273023159648,-82.04765796661377,1,1_ModerateDamage,1_ModerateDamage,grid_0.005_23288_19590,grid_0.005_23288_19590,cK9RIBTNm6s1M7DYd2raCk,5805018616213779,5805018616213779,2022-10-21T19:29:46Z,train
002393,test,26.44564778441305,-82.02688157558441,1,1_ModerateDamage,1_ModerateDamage,grid_0.005_23289_19594,grid_0.005_23289_19594,oAbgmNBZR9JTjufiX5eCxP,581056430774926,581056430774926,2022-10-20T17:07:14Z,train
002394,train,26.512832730879666,-81.96408033370972,1,1_ModerateDamage,1_ModerateDamage,grid_0.005_23302_19607,grid_0.005_23302_19607,UiTVbHcRCdI730PgBtJYFL,582208557316794,582208557316794,2022-10-02T16:16:13Z,train
002395,train,26.448010870852187,-82.05500185489655,1,1_ModerateDamage,1_ModerateDamage,grid_0.005_23289_19588,grid_0.005_23289_19588,fkzvtDXqFTJgKBrMpHPWEi,5825404547581133,5825404547581133,2022-10-21T20:13:26Z,train
002396,train,26.44023459679663,-82.06636905670166,1,1_ModerateDamage,1_ModerateDamage,grid_0.005_23288_19586,grid_0.005_23288_19586,wJ8ZYp4KuVjgI6xsXOUWkA,583764293906345,583764293906345,2022-10-22T17:14:29Z,train
002397,train,26.61887436156914,-81.87031030654907,1,1_ModerateDamage,1_ModerateDamage,grid_0.005_23323_19625,grid_0.005_23323_19625,BW1snhSTmPNKyJMAcQHvxt,584298530570276,584298530570276,2022-10-04T18:15:45Z,train
002398,train,26.42990704725049,-82.05758213996889,1,1_ModerateDamage,1_ModerateDamage,grid_0.005_23285_19588,grid_0.005_23285_19588,njtp7LVIeUbyEwXSkgYzCT,585459090153097,585459090153097,2022-10-20T13:39:43Z,train
002399,train,26.458370415377946,-82.04995393753052,1,1_ModerateDamage,1_ModerateDamage,grid_0.005_23291_19590,grid_0.005_23291_19590,YokgWzSGxZtXC8EUIeavm5,585854913665897,585854913665897,2022-10-20T16:41:44Z,train
002400,test,26.443596855058416,-82.06293046474455,1,1_ModerateDamage,1_ModerateDamage,grid_0.005_23288_19587,grid_0.005_23288_19587,mOxFlgIhNsDMV6H72nawdZ,586238493665370,586238493665370,2022-10-22T16:49:52Z,train
002401,val,26.43927873689288,-82.0667016506195,1,1_ModerateDamage,1_ModerateDamage,grid_0.005_23287_19586,grid_0.005_23287_19586,GIdmeE2xtHZPsDkr8qAcoB,586363983667463,586363983667463,2022-10-22T17:23:31Z,test
002403,test,26.427034382927417,-82.09697842597961,1,1_ModerateDamage,1_ModerateDamage,grid_0.005_23285_19580,grid_0.005_23285_19580,mlt8kfA0uSC5rYi7VQhg2P,587542700091270,587542700091270,2022-10-20T15:51:25Z,train
002404,train,26.445513298360964,-82.06639051437378,1,1_ModerateDamage,1_ModerateDamage,grid_0.005_23289_19586,grid_0.005_23289_19586,wsuK3zob9RL5EY1FcZThlt,588073640117233,588073640117233,2022-10-22T16:58:06Z,train
002405,val,26.44350559505829,-82.05977082252502,1,1_ModerateDamage,1_ModerateDamage,grid_0.005_23288_19588,grid_0.005_23288_19588,wsuK3zob9RL5EY1FcZThlt,5884484314990777,5884484314990777,2022-10-22T17:05:38Z,train
002406,train,26.44607045384033,-82.04196095466614,1,1_ModerateDamage,1_ModerateDamage,grid_0.005_23289_19591,grid_0.005_23289_19591,vJTbXQK6BOxPeaoVgcHlrM,5885338491571857,5885338491571857,2022-10-22T19:48:20Z,train
002407,train,26.446214545336048,-82.06404089927673,1,1_ModerateDamage,1_ModerateDamage,grid_0.005_23289_19587,grid_0.005_23289_19587,mOxFlgIhNsDMV6H72nawdZ,588672556724342,588672556724342,2022-10-22T16:56:15Z,train
002408,train,26.429210504783427,-82.0591700077057,1,1_ModerateDamage,1_ModerateDamage,grid_0.005_23285_19588,grid_0.005_23285_19588,njtp7LVIeUbyEwXSkgYzCT,589337503089188,589337503089188,2022-10-20T13:39:58Z,train
002409,train,26.428831007461174,-82.10338354110718,1,1_ModerateDamage,1_ModerateDamage,grid_0.005_23285_19579,grid_0.005_23285_19579,mlt8kfA0uSC5rYi7VQhg2P,591355079535236,591355079535236,2022-10-20T15:50:12Z,train
002410,train,26.51219909404574,-81.97458386421204,1,1_ModerateDamage,1_ModerateDamage,grid_0.005_23302_19605,grid_0.005_23302_19605,edntlwFA590gu1YVE4vSCf,592163429731781,592163429731781,2022-10-02T17:07:56Z,train
002411,train,26.4449273215872,-82.06712007522583,1,1_ModerateDamage,1_ModerateDamage,grid_0.005_23288_19586,grid_0.005_23288_19586,wsuK3zob9RL5EY1FcZThlt,592173556381160,592173556381160,2022-10-22T16:58:49Z,train
002412,train,26.563795436775777,-81.90674006938934,1,1_ModerateDamage,1_ModerateDamage,grid_0.005_23312_19618,grid_0.005_23312_19618,x5dDWwRLGpSfraO7AbKz16,592576596315763,592576596315763,2022-09-29T19:17:27Z,train
002413,train,26.56100288880665,-82.01721489429474,1,1_ModerateDamage,1_ModerateDamage,grid_0.005_23312_19596,grid_0.005_23312_19596,TsSrYVLcjRQlIymM5oNWJ2,5925831957481380,5925831957481380,2022-10-02T12:17:13Z,train
002414,train,26.44650753082149,-82.0560747385025,1,1_ModerateDamage,1_ModerateDamage,grid_0.005_23289_19588,grid_0.005_23289_19588,vItnjg2h4oOkUXx819qbfM,5936599773123385,5936599773123385,2022-10-21T20:14:07Z,train
002415,train,26.44402433514921,-82.03990638256073,1,1_ModerateDamage,1_ModerateDamage,grid_0.005_23288_19592,grid_0.005_23288_19592,PioLgY63BXl1ItahOyTeME,594060635868683,594060635868683,2022-10-21T17:13:09Z,train
002416,val,26.4436352803,-82.05922365188599,1,1_ModerateDamage,1_ModerateDamage,grid_0.005_23288_19588,grid_0.005_23288_19588,wsuK3zob9RL5EY1FcZThlt,594068332716310,594068332716310,2022-10-22T17:05:49Z,train
002417,val,26.450676489436844,-82.03899443149567,1,1_ModerateDamage,1_ModerateDamage,grid_0.005_23290_19592,grid_0.005_23290_19592,uGWfqep3o2ws7cldtXQBLk,5946337785388713,5946337785388713,2022-10-21T19:05:52Z,train
002418,train,26.43435040874492,-82.04893469810486,1,1_ModerateDamage,1_ModerateDamage,grid_0.005_23286_19590,grid_0.005_23286_19590,njtp7LVIeUbyEwXSkgYzCT,595682972707341,595682972707341,2022-10-20T13:38:03Z,train
002419,train,26.43026252247364,-82.06839144229889,1,1_ModerateDamage,1_ModerateDamage,grid_0.005_23286_19586,grid_0.005_23286_19586,njtp7LVIeUbyEwXSkgYzCT,595720069366475,595720069366475,2022-10-20T13:42:00Z,train
002420,train,26.450902223672628,-82.02301919460297,1,1_ModerateDamage,1_ModerateDamage,grid_0.005_23290_19595,grid_0.005_23290_19595,oA4ekOPWvzdE6Gc3J0qSLM,596204768999462,596204768999462,2022-10-21T17:52:04Z,train
002421,train,26.43683861635658,-82.0488703250885,1,1_ModerateDamage,1_ModerateDamage,grid_0.005_23287_19590,grid_0.005_23287_19590,cK9RIBTNm6s1M7DYd2raCk,596527078982610,596527078982610,2022-10-21T19:27:38Z,train
002422,train,26.4482702310454,-82.04702496528625,1,1_ModerateDamage,1_ModerateDamage,grid_0.005_23289_19590,grid_0.005_23289_19590,6e3WJg5uL72BZAq0QDM9hj,597006782288136,597006782288136,2022-10-20T16:57:42Z,train
002423,train,26.643047561639783,-82.04979300498964,1,1_ModerateDamage,1_ModerateDamage,grid_0.005_23328_19590,grid_0.005_23328_19590,drTBZKzuP9aN3QOSstv6cg,597124022461739,597124022461739,2022-10-06T18:21:09Z,train
002424,val,26.43813073386451,-82.06548392772675,1,1_ModerateDamage,1_ModerateDamage,grid_0.005_23287_19586,grid_0.005_23287_19586,ojkNER9alymT7XHIBhWvS2,597404662212376,597404662212376,2022-10-21T16:45:28Z,train
002425,test,26.4267893865034,-82.09618985652924,1,1_ModerateDamage,1_ModerateDamage,grid_0.005_23285_19580,grid_0.005_23285_19580,mlt8kfA0uSC5rYi7VQhg2P,599461862175807,599461862175807,2022-10-20T15:51:35Z,train
002426,train,26.557356160152736,-81.91027522087097,1,1_ModerateDamage,1_ModerateDamage,grid_0.005_23311_19617,grid_0.005_23311_19617,5oHpaXMLceW1wvFmUQ4krN,599554558829471,599554558829471,2022-09-30T15:56:11Z,train
002427,train,26.45529674882821,-82.04145669937134,1,1_ModerateDamage,1_ModerateDamage,grid_0.005_23291_19591,grid_0.005_23291_19591,0YIfZrHA3aCDs75ngd9Kcx,600523152190589,600523152190589,2022-10-20T16:33:41Z,train
002428,val,26.442391256594405,-82.05549538135529,1,1_ModerateDamage,1_ModerateDamage,grid_0.005_23288_19588,grid_0.005_23288_19588,ZoPOLpxfckCaEiQWqzs2Hg,601275988772695,601275988772695,2022-10-20T16:03:02Z,train
002429,train,26.43203507850771,-82.1037483215332,1,1_ModerateDamage,1_ModerateDamage,grid_0.005_23286_19579,grid_0.005_23286_19579,0M2YgdFsf6GZmIwQJy5APK,601943928436075,601943928436075,2022-10-22T18:22:19Z,train
002430,train,26.44621934838281,-82.06557512283325,1,1_ModerateDamage,1_ModerateDamage,grid_0.005_23289_19586,grid_0.005_23289_19586,wsuK3zob9RL5EY1FcZThlt,6021685447960746,6021685447960746,2022-10-22T16:57:28Z,train
002431,train,26.45072451803472,-82.12597846984865,1,1_ModerateDamage,1_ModerateDamage,grid_0.005_23290_19574,grid_0.005_23290_19574,Hdxcg6t5vyaoX8lCwfM391,603415165230367,603415165230367,2022-10-20T15:41:21Z,train
002432,train,26.45091663222584,-82.02276706695557,1,1_ModerateDamage,1_ModerateDamage,grid_0.005_23290_19595,grid_0.005_23290_19595,2GE5DnWJXaevYfqkA4pId1,603428035216391,603428035216391,2022-10-20T17:09:41Z,train
002433,train,26.430358596670104,-82.09953188896179,1,1_ModerateDamage,1_ModerateDamage,grid_0.005_23286_19580,grid_0.005_23286_19580,0M2YgdFsf6GZmIwQJy5APK,603536451610935,603536451610935,2022-10-22T18:18:31Z,train
002434,train,26.56318607214682,-81.90715312957764,1,1_ModerateDamage,1_ModerateDamage,grid_0.005_23312_19618,grid_0.005_23312_19618,x5dDWwRLGpSfraO7AbKz16,6047359812059130,6047359812059130,2022-09-29T19:17:33Z,train
002435,test,26.445935968281702,-82.02609300613403,1,1_ModerateDamage,1_ModerateDamage,grid_0.005_23289_19594,grid_0.005_23289_19594,oAbgmNBZR9JTjufiX5eCxP,608782831234186,608782831234186,2022-10-20T17:07:25Z,train
002436,train,26.64302838239375,-82.04605400562286,1,1_ModerateDamage,1_ModerateDamage,grid_0.005_23328_19590,grid_0.005_23328_19590,AYscjdF84i3BtZO0SMQmNE,608981184660920,608981184660920,2022-10-01T18:43:51Z,train
002437,train,26.43278924719894,-82.05620348453522,1,1_ModerateDamage,1_ModerateDamage,grid_0.005_23286_19588,grid_0.005_23286_19588,cK9RIBTNm6s1M7DYd2raCk,609623341169307,609623341169307,2022-10-21T19:25:53Z,train
002438,train,26.43227526015509,-82.09770262241364,1,1_ModerateDamage,1_ModerateDamage,grid_0.005_23286_19580,grid_0.005_23286_19580,5ZrTVbvnpkBCqAUuj4foc1,612489870947851,612489870947851,2022-10-22T18:26:25Z,train
002439,train,26.45079656089395,-82.05170273780823,1,1_ModerateDamage,1_ModerateDamage,grid_0.005_23290_19589,grid_0.005_23290_19589,6e3WJg5uL72BZAq0QDM9hj,6128374217289253,6128374217289253,2022-10-20T16:54:32Z,train
002440,test,26.42725535964757,-82.09770262241364,1,1_ModerateDamage,1_ModerateDamage,grid_0.005_23285_19580,grid_0.005_23285_19580,mlt8kfA0uSC5rYi7VQhg2P,6128506017277971,6128506017277971,2022-10-20T15:51:16Z,train
002441,train,26.423931056420912,-82.08657681941986,1,1_ModerateDamage,1_ModerateDamage,grid_0.005_23284_19582,grid_0.005_23284_19582,8isur9JBeVPXWMDpmQNSqw,613150753936345,613150753936345,2022-10-20T15:54:23Z,train
002442,train,26.4430925225746,-82.05282390117645,1,1_ModerateDamage,1_ModerateDamage,grid_0.005_23288_19589,grid_0.005_23288_19589,CDu3ifjIyq6W2ZEgm9Jecs,613475994211671,613475994211671,2022-10-22T19:33:07Z,train
002443,test,26.449730321975096,-82.02789545059204,1,1_ModerateDamage,1_ModerateDamage,grid_0.005_23289_19594,grid_0.005_23289_19594,nyw9GxcmVequiNU27Ka6LA,613640327190499,613640327190499,2022-10-21T18:43:25Z,train
002444,train,26.532809699201763,-82.19429969787599,1,1_ModerateDamage,1_ModerateDamage,grid_0.005_23306_19561,grid_0.005_23306_19561,UrYR9Pj1lqNfZIh4g76Ozp,613861257514034,613861257514034,2022-10-20T14:48:05Z,train
002445,train,26.43414385627733,-82.10313677787781,1,1_ModerateDamage,1_ModerateDamage,grid_0.005_23286_19579,grid_0.005_23286_19579,0M2YgdFsf6GZmIwQJy5APK,6140435109416084,6140435109416084,2022-10-22T18:21:27Z,train
002446,train,26.430944647534417,-82.05519497394562,1,1_ModerateDamage,1_ModerateDamage,grid_0.005_23286_19588,grid_0.005_23286_19588,njtp7LVIeUbyEwXSkgYzCT,6145651545503249,6145651545503249,2022-10-20T13:39:21Z,train
002447,train,26.458389625535844,-82.04995393753052,1,1_ModerateDamage,1_ModerateDamage,grid_0.005_23291_19590,grid_0.005_23291_19590,YokgWzSGxZtXC8EUIeavm5,615150240681222,615150240681222,2022-10-20T16:40:36Z,test
002448,train,26.445734239649354,-82.06659436225891,1,1_ModerateDamage,1_ModerateDamage,grid_0.005_23289_19586,grid_0.005_23289_19586,wsuK3zob9RL5EY1FcZThlt,615404480368626,615404480368626,2022-10-22T16:58:25Z,test
002449,train,26.42857160350937,-82.10277736186981,1,1_ModerateDamage,1_ModerateDamage,grid_0.005_23285_19579,grid_0.005_23285_19579,mlt8kfA0uSC5rYi7VQhg2P,615976096967199,615976096967199,2022-10-20T15:50:20Z,train
002450,train,26.43375957163164,-82.08018243312836,1,1_ModerateDamage,1_ModerateDamage,grid_0.005_23286_19583,grid_0.005_23286_19583,GFA5Eq24e1SxuJVjWM0kyt,6168680786534731,6168680786534731,2022-10-20T15:58:07Z,train
002451,train,26.43234731455172,-82.0610636472702,1,1_ModerateDamage,1_ModerateDamage,grid_0.005_23286_19587,grid_0.005_23286_19587,d9OWh4IQeMXLPraFD8HZpy,617104450220118,617104450220118,2022-10-21T17:00:27Z,train
002452,train,26.42981577640822,-82.10069060325623,1,1_ModerateDamage,1_ModerateDamage,grid_0.005_23285_19579,grid_0.005_23285_19579,n0eqGd6TKA3CmjSspwxEUl,618324717063226,618324717063226,2022-10-22T18:35:38Z,train
002453,train,26.42477174909527,-82.09083616733551,1,1_ModerateDamage,1_ModerateDamage,grid_0.005_23284_19581,grid_0.005_23284_19581,aLbXpouwqyjD4cWNZMfF2Y,619525069940628,619525069940628,2022-10-20T13:47:54Z,train
002454,train,26.644217489556965,-81.86561107635498,1,1_ModerateDamage,1_ModerateDamage,grid_0.005_23328_19626,grid_0.005_23328_19626,OxYSHNnDlusU3fieJTMwZE,619566033257891,619566033257891,2022-10-04T17:42:59Z,train
002455,train,26.51196387948289,-81.97462677955627,1,1_ModerateDamage,1_ModerateDamage,grid_0.005_23302_19605,grid_0.005_23302_19605,edntlwFA590gu1YVE4vSCf,620212793543287,620212793543287,2022-10-02T17:07:50Z,train
002456,test,26.449615052311515,-82.02981054782867,1,1_ModerateDamage,1_ModerateDamage,grid_0.005_23289_19594,grid_0.005_23289_19594,qLOwB6Mxsdzou8VFbWP7SU,6234683566567068,6234683566567068,2022-10-20T17:27:22Z,train
002457,train,26.553061508570863,-81.96057736873627,1,1_ModerateDamage,1_ModerateDamage,grid_0.005_23310_19607,grid_0.005_23310_19607,tIAfNHcP8OTlo2Xp1krhSu,623691999510920,623691999510920,2022-10-02T11:56:09Z,train
002459,train,26.42355154171972,-82.080118060112,1,1_ModerateDamage,1_ModerateDamage,grid_0.005_23284_19583,grid_0.005_23284_19583,aLbXpouwqyjD4cWNZMfF2Y,624643769728773,624643769728773,2022-10-20T13:44:35Z,train
002460,train,26.424757337272496,-82.09072887897491,1,1_ModerateDamage,1_ModerateDamage,grid_0.005_23284_19581,grid_0.005_23284_19581,yILRGFcu1KtAQg0WzVjEhZ,624696426309899,624696426309899,2022-10-22T19:01:46Z,train
002461,train,26.59610151440256,-81.92732334136963,1,1_ModerateDamage,1_ModerateDamage,grid_0.005_23319_19614,grid_0.005_23319_19614,0v4ndRP6xtjBy2q9OreIHz,6262210430474440,6262210430474440,2022-10-02T11:16:00.500000Z,train
002462,test,26.44034987584719,-82.06331670284273,1,1_ModerateDamage,1_ModerateDamage,grid_0.005_23288_19587,grid_0.005_23288_19587,wJ8ZYp4KuVjgI6xsXOUWkA,626447142766286,626447142766286,2022-10-22T17:13:09Z,train
002463,train,26.43672813723559,-82.04684257507324,1,1_ModerateDamage,1_ModerateDamage,grid_0.005_23287_19590,grid_0.005_23287_19590,ZD02REoSqG75BNbzd4CTlv,6267187763304815,6267187763304815,2022-10-21T19:09:47Z,train
002464,train,26.649505989559387,-81.85395956039429,1,1_ModerateDamage,1_ModerateDamage,grid_0.005_23329_19629,grid_0.005_23329_19629,OxYSHNnDlusU3fieJTMwZE,6278863222225545,6278863222225545,2022-10-04T17:46:40Z,train
002465,train,26.458096670279488,-82.04269051551819,1,1_ModerateDamage,1_ModerateDamage,grid_0.005_23291_19591,grid_0.005_23291_19591,0YIfZrHA3aCDs75ngd9Kcx,628636982327080,628636982327080,2022-10-20T16:32:35Z,test
002466,train,26.445325978241023,-82.0669537782669,1,1_ModerateDamage,1_ModerateDamage,grid_0.005_23289_19586,grid_0.005_23289_19586,wsuK3zob9RL5EY1FcZThlt,6300452363378670,6300452363378670,2022-10-22T16:58:41Z,train
002467,test,26.42743310148469,-82.09964990615845,1,1_ModerateDamage,1_ModerateDamage,grid_0.005_23285_19580,grid_0.005_23285_19580,Rd8l2zEjuKLNrOXf5Q3CDB,6308658729241116,6308658729241116,2022-10-20T13:52:57Z,train
002468,train,26.658993989747074,-82.05595672130583,1,1_ModerateDamage,1_ModerateDamage,grid_0.005_23331_19588,grid_0.005_23331_19588,EPFsKuD63QTpJI85LrjBZo,630943882089416,630943882089416,2022-10-01T18:41:03Z,train
002469,val,26.439072193258752,-82.06710398197174,1,1_ModerateDamage,1_ModerateDamage,grid_0.005_23287_19586,grid_0.005_23287_19586,lAtIQeO0Rwg2YVoC6Pa93F,632254988831736,632254988831736,2022-10-22T19:30:55Z,train
002470,train,26.435099758775536,-82.08133578300477,1,1_ModerateDamage,1_ModerateDamage,grid_0.005_23287_19583,grid_0.005_23287_19583,8zouvat6BbkWiE0A1VYwfq,632329941956532,632329941956532,2022-10-22T19:10:05Z,test
002471,train,26.425410671428125,-82.09262251853943,1,1_ModerateDamage,1_ModerateDamage,grid_0.005_23285_19581,grid_0.005_23285_19581,8isur9JBeVPXWMDpmQNSqw,632375735277362,632375735277362,2022-10-20T15:52:19Z,train
002472,val,26.44441338868449,-82.047700881958,1,1_ModerateDamage,1_ModerateDamage,grid_0.005_23288_19590,grid_0.005_23288_19590,ZoPOLpxfckCaEiQWqzs2Hg,632406495499033,632406495499033,2022-10-20T16:04:09Z,train
002473,test,26.429844598787284,-82.09923684597015,1,1_ModerateDamage,1_ModerateDamage,grid_0.005_23285_19580,grid_0.005_23285_19580,n0eqGd6TKA3CmjSspwxEUl,632543341932430,632543341932430,2022-10-22T18:32:19Z,train
002474,train,26.442554565491605,-82.10783064365387,1,1_ModerateDamage,1_ModerateDamage,grid_0.005_23288_19578,grid_0.005_23288_19578,eXyup5h9qxj1LgGNY3DQiP,634207942104791,634207942104791,2022-10-22T17:37:17Z,train
002475,val,26.443539217172017,-82.05939531326294,1,1_ModerateDamage,1_ModerateDamage,grid_0.005_23288_19588,grid_0.005_23288_19588,mOxFlgIhNsDMV6H72nawdZ,6357294591050453,6357294591050453,2022-10-22T16:50:44Z,train
002476,train,26.443404728658265,-82.03195631504059,1,1_ModerateDamage,1_ModerateDamage,grid_0.005_23288_19593,grid_0.005_23288_19593,n8NHRsX3PiA1YpCSMoy20F,635897991672655,635897991672655,2022-10-21T18:49:15Z,train
002477,train,26.43943724687261,-82.04349517822266,1,1_ModerateDamage,1_ModerateDamage,grid_0.005_23287_19591,grid_0.005_23287_19591,PioLgY63BXl1ItahOyTeME,637393101474494,637393101474494,2022-10-21T17:11:09Z,train
002478,train,26.467715778615,-82.15435087680817,1,1_ModerateDamage,1_ModerateDamage,grid_0.005_23293_19569,grid_0.005_23293_19569,V9j3Lpa2hEK7wUbA8cGd65,6376017735853300,6376017735853300,2022-10-20T14:26:25Z,train
002479,train,26.430156840765065,-82.1074229478836,1,1_ModerateDamage,1_ModerateDamage,grid_0.005_23286_19578,grid_0.005_23286_19578,mlt8kfA0uSC5rYi7VQhg2P,638209478365012,638209478365012,2022-10-20T15:48:52Z,train
002480,train,26.44397630375745,-82.06569850444794,1,1_ModerateDamage,1_ModerateDamage,grid_0.005_23288_19586,grid_0.005_23288_19586,wsuK3zob9RL5EY1FcZThlt,638398261559398,638398261559398,2022-10-22T17:00:19Z,train
002481,val,26.43949488681117,-82.06759214401245,1,1_ModerateDamage,1_ModerateDamage,grid_0.005_23287_19586,grid_0.005_23287_19586,bHW0YasAr5m2fTOgSIokNq,6387153064654527,6387153064654527,2022-10-22T17:20:43Z,train
002482,train,26.54264811006331,-82.19633281230927,1,1_ModerateDamage,1_ModerateDamage,grid_0.005_23308_19560,grid_0.005_23308_19560,UrYR9Pj1lqNfZIh4g76Ozp,6390545377695906,6390545377695906,2022-10-20T14:50:31Z,train
002483,test,26.44630580319012,-82.02562093734741,1,1_ModerateDamage,1_ModerateDamage,grid_0.005_23289_19594,grid_0.005_23289_19594,5bS0CBxDknPTVWIs6OLvru,639224441306959,639224441306959,2022-10-21T17:20:46Z,train
002484,train,26.45883145828301,-82.14514017105103,1,1_ModerateDamage,1_ModerateDamage,grid_0.005_23291_19570,grid_0.005_23291_19570,OGaCM4S5pEvYyPLezZc0WK,639952778191983,639952778191983,2022-10-20T14:23:55Z,train
002485,test,26.44591675604623,-82.0261412858963,1,1_ModerateDamage,1_ModerateDamage,grid_0.005_23289_19594,grid_0.005_23289_19594,oAbgmNBZR9JTjufiX5eCxP,640795031416035,640795031416035,2022-10-20T17:07:24Z,train
002486,train,26.450676489436844,-82.0509785413742,1,1_ModerateDamage,1_ModerateDamage,grid_0.005_23290_19589,grid_0.005_23290_19589,6e3WJg5uL72BZAq0QDM9hj,642695467912637,642695467912637,2022-10-20T16:54:43Z,train
002487,train,26.44610407520545,-82.0419180393219,1,1_ModerateDamage,1_ModerateDamage,grid_0.005_23289_19591,grid_0.005_23289_19591,hVtUpWFmwBTMDKgo9CRPIS,642933827586539,642933827586539,2022-10-21T21:21:23Z,train
002488,train,26.43784733386713,-82.07164764404298,1,1_ModerateDamage,1_ModerateDamage,grid_0.005_23287_19585,grid_0.005_23287_19585,lAtIQeO0Rwg2YVoC6Pa93F,644318714265034,644318714265034,2022-10-22T19:30:13Z,train
002489,val,26.45091663222584,-82.03354954719543,1,1_ModerateDamage,1_ModerateDamage,grid_0.005_23290_19593,grid_0.005_23290_19593,9UT5ZHyS3c7kMrjfsgzh10,644396284410173,644396284410173,2022-10-20T18:09:41Z,train
002490,train,26.44803968868029,-82.04794228076935,1,1_ModerateDamage,1_ModerateDamage,grid_0.005_23289_19590,grid_0.005_23289_19590,6e3WJg5uL72BZAq0QDM9hj,644582324227852,644582324227852,2022-10-20T16:57:29Z,train
002491,val,26.452338267279657,-82.03853845596313,1,1_ModerateDamage,1_ModerateDamage,grid_0.005_23290_19592,grid_0.005_23290_19592,ZoPOLpxfckCaEiQWqzs2Hg,6447744178617150,6447744178617150,2022-10-20T16:07:12Z,train
002492,val,26.43948047682923,-82.06749022006989,1,1_ModerateDamage,1_ModerateDamage,grid_0.005_23287_19586,grid_0.005_23287_19586,bHW0YasAr5m2fTOgSIokNq,644798474194335,644798474194335,2022-10-22T17:20:47Z,train
002493,train,26.44624336361356,-82.0415210723877,1,1_ModerateDamage,1_ModerateDamage,grid_0.005_23289_19591,grid_0.005_23289_19591,ZoPOLpxfckCaEiQWqzs2Hg,645092517543444,645092517543444,2022-10-20T16:05:01Z,train
002494,train,26.46313923870005,-82.15259671211243,1,1_ModerateDamage,1_ModerateDamage,grid_0.005_23292_19569,grid_0.005_23292_19569,5bepm7EUv2gLRdyB0VZTJ1,645374144159943,645374144159943,2022-10-20T15:36:32Z,train
002495,train,26.424334589669613,-82.08957552909851,1,1_ModerateDamage,1_ModerateDamage,grid_0.005_23284_19582,grid_0.005_23284_19582,yILRGFcu1KtAQg0WzVjEhZ,6456387641075363,6456387641075363,2022-10-22T19:04:55Z,test
002496,train,26.441920541418952,-82.10578143596649,1,1_ModerateDamage,1_ModerateDamage,grid_0.005_23288_19578,grid_0.005_23288_19578,eXyup5h9qxj1LgGNY3DQiP,646084740912972,646084740912972,2022-10-22T17:36:54Z,test
002497,val,26.442583384684752,-82.04714298248291,1,1_ModerateDamage,1_ModerateDamage,grid_0.005_23288_19590,grid_0.005_23288_19590,CDu3ifjIyq6W2ZEgm9Jecs,646419610731711,646419610731711,2022-10-22T19:34:31Z,test
002498,train,26.423825368908112,-82.08557903766632,1,1_ModerateDamage,1_ModerateDamage,grid_0.005_23284_19582,grid_0.005_23284_19582,8isur9JBeVPXWMDpmQNSqw,647402330622384,647402330622384,2022-10-20T15:54:39Z,train
002499,train,26.434052588790006,-82.10882306098938,1,1_ModerateDamage,1_ModerateDamage,grid_0.005_23286_19578,grid_0.005_23286_19578,jy4d8E26wL1BGrfV537bIU,648015377214947,648015377214947,2022-10-22T17:41:22Z,train
002500,train,26.52072889665796,-81.96261584758759,1,1_ModerateDamage,1_ModerateDamage,grid_0.005_23304_19607,grid_0.005_23304_19607,dVQlYJ0PO3AqDIKywBcUbt,648059916872548,648059916872548,2022-10-02T16:33:03Z,train
002501,train,26.452347872862248,-82.0503830909729,1,1_ModerateDamage,1_ModerateDamage,grid_0.005_23290_19589,grid_0.005_23290_19589,cy8maM4ht0X3eRY9jKSwxo,648907587133833,648907587133833,2022-10-20T16:46:35Z,train
002502,train,26.42743790531433,-82.09290146827698,1,1_ModerateDamage,1_ModerateDamage,grid_0.005_23285_19581,grid_0.005_23285_19581,yILRGFcu1KtAQg0WzVjEhZ,649472350400961,649472350400961,2022-10-22T18:59:11Z,train
002503,train,26.50502243289364,-81.9780170917511,1,1_ModerateDamage,1_ModerateDamage,grid_0.005_23301_19604,grid_0.005_23301_19604,X5lqZsudxrJMCFcQmwtD9L,649954370329212,649954370329212,2022-10-02T17:16:20Z,train
002504,train,26.44503779284633,-82.03402698040009,1,1_ModerateDamage,1_ModerateDamage,grid_0.005_23289_19593,grid_0.005_23289_19593,9UT5ZHyS3c7kMrjfsgzh10,650045443354991,650045443354991,2022-10-20T18:14:04Z,train
002505,val,26.451987662967724,-82.03932702541351,1,1_ModerateDamage,1_ModerateDamage,grid_0.005_23290_19592,grid_0.005_23290_19592,YokgWzSGxZtXC8EUIeavm5,650357810314514,650357810314514,2022-10-20T16:37:07Z,train
002506,train,26.42365242549636,-82.0839536190033,1,1_ModerateDamage,1_ModerateDamage,grid_0.005_23284_19583,grid_0.005_23284_19583,yILRGFcu1KtAQg0WzVjEhZ,650878409899447,650878409899447,2022-10-22T19:06:31Z,train
002507,train,26.436372681953785,-82.07674384117126,1,1_ModerateDamage,1_ModerateDamage,grid_0.005_23287_19584,grid_0.005_23287_19584,lAtIQeO0Rwg2YVoC6Pa93F,651091496908598,651091496908598,2022-10-22T19:29:23Z,train
002508,train,26.42959000085635,-82.10090517997742,1,1_ModerateDamage,1_ModerateDamage,grid_0.005_23285_19579,grid_0.005_23285_19579,n0eqGd6TKA3CmjSspwxEUl,651573933169101,651573933169101,2022-10-22T18:30:55Z,train
002509,train,26.43218399118805,-82.10148990154265,1,1_ModerateDamage,1_ModerateDamage,grid_0.005_23286_19579,grid_0.005_23286_19579,5ZrTVbvnpkBCqAUuj4foc1,651802210163470,651802210163470,2022-10-22T18:27:40Z,train
002510,train,26.424286550071187,-82.08937168121338,1,1_ModerateDamage,1_ModerateDamage,grid_0.005_23284_19582,grid_0.005_23284_19582,yILRGFcu1KtAQg0WzVjEhZ,651835713650033,651835713650033,2022-10-22T19:04:58Z,train
002511,train,26.440844613796045,-82.0384794473648,1,1_ModerateDamage,1_ModerateDamage,grid_0.005_23288_19592,grid_0.005_23288_19592,oAbgmNBZR9JTjufiX5eCxP,651844686794708,651844686794708,2022-10-20T17:03:14Z,train
002512,test,26.42735143635032,-82.09830343723297,1,1_ModerateDamage,1_ModerateDamage,grid_0.005_23285_19580,grid_0.005_23285_19580,mlt8kfA0uSC5rYi7VQhg2P,652218336794971,652218336794971,2022-10-20T15:51:10Z,train
002513,train,26.42380615298628,-82.08541810512543,1,1_ModerateDamage,1_ModerateDamage,grid_0.005_23284_19582,grid_0.005_23284_19582,yILRGFcu1KtAQg0WzVjEhZ,652571013577782,652571013577782,2022-10-22T19:05:50Z,train
002514,test,26.447559390604127,-82.0398098230362,1,1_ModerateDamage,1_ModerateDamage,grid_0.005_23289_19592,grid_0.005_23289_19592,cjXdAN6SYHtunWF5TIOlCq,652572310004294,652572310004294,2022-10-21T18:52:43Z,train
002515,train,26.44374094964828,-82.11092591285706,1,1_ModerateDamage,1_ModerateDamage,grid_0.005_23288_19577,grid_0.005_23288_19577,2Paqk0DWtz8RdQbBmMsEnO,6526153510799326,6526153510799326,2022-10-20T14:19:37Z,train
002516,train,26.45620444951912,-82.04958915710449,1,1_ModerateDamage,1_ModerateDamage,grid_0.005_23291_19590,grid_0.005_23291_19590,YokgWzSGxZtXC8EUIeavm5,652688000066303,652688000066303,2022-10-20T16:42:29Z,train
002517,train,26.432270456527046,-82.05263614654541,1,1_ModerateDamage,1_ModerateDamage,grid_0.005_23286_19589,grid_0.005_23286_19589,njtp7LVIeUbyEwXSkgYzCT,652706873582057,652706873582057,2022-10-20T13:38:54Z,test
002518,train,26.46701466258364,-82.15348184108734,1,1_ModerateDamage,1_ModerateDamage,grid_0.005_23293_19569,grid_0.005_23293_19569,V9j3Lpa2hEK7wUbA8cGd65,652746040036973,652746040036973,2022-10-20T14:26:18Z,train
002519,train,26.46109342328425,-82.04818367958069,1,1_ModerateDamage,1_ModerateDamage,grid_0.005_23292_19590,grid_0.005_23292_19590,0YIfZrHA3aCDs75ngd9Kcx,653803869974598,653803869974598,2022-10-20T16:29:12Z,train
002520,val,26.43888966601812,-82.06516206264496,1,1_ModerateDamage,1_ModerateDamage,grid_0.005_23287_19586,grid_0.005_23287_19586,ojkNER9alymT7XHIBhWvS2,654459129789637,654459129789637,2022-10-21T16:45:08Z,train
002521,train,26.451204802911647,-82.13048458099365,1,1_ModerateDamage,1_ModerateDamage,grid_0.005_23290_19573,grid_0.005_23290_19573,Hdxcg6t5vyaoX8lCwfM391,654587983361334,654587983361334,2022-10-20T15:40:47Z,train
002522,train,26.428888652704515,-82.10158109664917,1,1_ModerateDamage,1_ModerateDamage,grid_0.005_23285_19579,grid_0.005_23285_19579,5ZrTVbvnpkBCqAUuj4foc1,654745963343695,654745963343695,2022-10-22T18:29:29Z,train
002523,train,26.43218879481971,-82.10100710391998,1,1_ModerateDamage,1_ModerateDamage,grid_0.005_23286_19579,grid_0.005_23286_19579,5ZrTVbvnpkBCqAUuj4foc1,654821259915737,654821259915737,2022-10-22T18:27:33Z,train
002524,val,26.439470870173608,-82.06683039665222,1,1_ModerateDamage,1_ModerateDamage,grid_0.005_23287_19586,grid_0.005_23287_19586,GIdmeE2xtHZPsDkr8qAcoB,654839230003079,654839230003079,2022-10-22T17:23:10Z,train
002525,test,26.427812603408896,-82.09611475467682,1,1_ModerateDamage,1_ModerateDamage,grid_0.005_23285_19580,grid_0.005_23285_19580,n0eqGd6TKA3CmjSspwxEUl,655556266422573,655556266422573,2022-10-22T18:38:45Z,train
002526,train,26.483969908053552,-81.96766912937164,1,1_ModerateDamage,1_ModerateDamage,grid_0.005_23296_19606,grid_0.005_23296_19606,VgUWZnMHbBqG2Xlhe1F0xs,657032579191375,657032579191375,2022-09-30T16:17:50Z,train
002527,train,26.4289318866181,-82.10362493991852,1,1_ModerateDamage,1_ModerateDamage,grid_0.005_23285_19579,grid_0.005_23285_19579,mlt8kfA0uSC5rYi7VQhg2P,657311252505914,657311252505914,2022-10-20T15:50:08Z,train
002528,test,26.42959960833564,-82.09714472293854,1,1_ModerateDamage,1_ModerateDamage,grid_0.005_23285_19580,grid_0.005_23285_19580,n0eqGd6TKA3CmjSspwxEUl,657340849596422,657340849596422,2022-10-22T18:34:39Z,train
002529,train,26.43241936890331,-82.1139246225357,1,1_ModerateDamage,1_ModerateDamage,grid_0.005_23286_19577,grid_0.005_23286_19577,ycDhTuH2zOedjnQ5SsbA70,658523295720864,658523295720864,2022-10-22T17:57:34Z,train
002530,train,26.45075813804129,-82.02396869659424,1,1_ModerateDamage,1_ModerateDamage,grid_0.005_23290_19595,grid_0.005_23290_19595,qLOwB6Mxsdzou8VFbWP7SU,659136816092136,659136816092136,2022-10-20T17:26:25Z,train
002531,test,26.42725535964757,-82.09761142730713,1,1_ModerateDamage,1_ModerateDamage,grid_0.005_23285_19580,grid_0.005_23285_19580,Rd8l2zEjuKLNrOXf5Q3CDB,659395909371153,659395909371153,2022-10-20T13:52:36Z,train
002532,val,26.452338267279657,-82.03856527805328,1,1_ModerateDamage,1_ModerateDamage,grid_0.005_23290_19592,grid_0.005_23290_19592,0YIfZrHA3aCDs75ngd9Kcx,659499128940141,659499128940141,2022-10-20T16:34:58Z,train
002533,train,26.451017492047896,-82.12718546390533,1,1_ModerateDamage,1_ModerateDamage,grid_0.005_23290_19574,grid_0.005_23290_19574,Hdxcg6t5vyaoX8lCwfM391,659532026212412,659532026212412,2022-10-20T15:41:11Z,train
002534,train,26.553047112820167,-81.95738017559052,1,1_ModerateDamage,1_ModerateDamage,grid_0.005_23310_19608,grid_0.005_23310_19608,Oc5eKaSGl0E8AiDVgPqUfI,659589529348388,659589529348388,2022-10-01T19:23:57Z,train
002535,train,26.55648764582801,-81.95954740047455,1,1_ModerateDamage,1_ModerateDamage,grid_0.005_23311_19608,grid_0.005_23311_19608,lR0cupJwszIVy8CWaMS2jT,659736589180643,659736589180643,2022-10-02T11:48:19Z,train
002536,train,26.42753878569036,-82.10023999214172,1,1_ModerateDamage,1_ModerateDamage,grid_0.005_23285_19579,grid_0.005_23285_19579,Rd8l2zEjuKLNrOXf5Q3CDB,660547735931395,660547735931395,2022-10-20T13:53:03Z,train
002537,train,26.579153234117555,-81.88015401363373,1,1_ModerateDamage,1_ModerateDamage,grid_0.005_23315_19623,grid_0.005_23315_19623,U0rXI8iPcjxvTClHJ2sqDk,660831868714791,660831868714791,2022-09-30T19:11:40Z,train
002538,train,26.42989263606968,-82.10658609867096,1,1_ModerateDamage,1_ModerateDamage,grid_0.005_23285_19578,grid_0.005_23285_19578,Rd8l2zEjuKLNrOXf5Q3CDB,661103515862739,661103515862739,2022-10-20T13:54:07Z,test
002539,test,26.441805263939955,-82.06305384635925,1,1_ModerateDamage,1_ModerateDamage,grid_0.005_23288_19587,grid_0.005_23288_19587,wJ8ZYp4KuVjgI6xsXOUWkA,661216928792307,661216928792307,2022-10-22T17:11:50Z,train
002540,train,26.52094009363624,-81.96118354797363,1,1_ModerateDamage,1_ModerateDamage,grid_0.005_23304_19607,grid_0.005_23304_19607,LdXJgOkyewuaYiIU2VSZcE,6642310912454047,6642310912454047,2022-10-02T16:28:49Z,train
002541,val,26.443529610854814,-82.0594596862793,1,1_ModerateDamage,1_ModerateDamage,grid_0.005_23288_19588,grid_0.005_23288_19588,wsuK3zob9RL5EY1FcZThlt,664393752401562,664393752401562,2022-10-22T17:05:44Z,train
002542,train,26.42914325218448,-82.08015561103821,1,1_ModerateDamage,1_ModerateDamage,grid_0.005_23285_19583,grid_0.005_23285_19583,8zouvat6BbkWiE0A1VYwfq,664415929062751,664415929062751,2022-10-22T19:08:42Z,train
002543,train,26.4462097422891,-82.06472754478455,1,1_ModerateDamage,1_ModerateDamage,grid_0.005_23289_19587,grid_0.005_23289_19587,mOxFlgIhNsDMV6H72nawdZ,6654371161282173,6654371161282173,2022-10-22T16:56:27Z,train
002544,train,26.43392289276261,-82.05768942832947,1,1_ModerateDamage,1_ModerateDamage,grid_0.005_23286_19588,grid_0.005_23286_19588,NyYzSUec6DpPEo8ZrBnL17,666399185173218,666399185173218,2022-10-21T19:21:39Z,train
002545,test,26.443664099222783,-82.06290900707245,1,1_ModerateDamage,1_ModerateDamage,grid_0.005_23288_19587,grid_0.005_23288_19587,wsuK3zob9RL5EY1FcZThlt,666403425308824,666403425308824,2022-10-22T17:02:44Z,train
002546,train,26.595919236597183,-81.92725896835326,1,1_ModerateDamage,1_ModerateDamage,grid_0.005_23319_19614,grid_0.005_23319_19614,0v4ndRP6xtjBy2q9OreIHz,666485118299860,666485118299860,2022-10-02T11:13:52Z,train
002547,train,26.4851702696664,-82.0058101415634,1,1_ModerateDamage,1_ModerateDamage,grid_0.005_23297_19598,grid_0.005_23297_19598,o3urlx7HenjaMLPT9hqkEs,668009937997298,668009937997298,2022-10-22T19:57:11Z,train
002548,train,26.42521371078574,-82.08010733127594,1,1_ModerateDamage,1_ModerateDamage,grid_0.005_23285_19583,grid_0.005_23285_19583,8isur9JBeVPXWMDpmQNSqw,669380334681188,669380334681188,2022-10-20T15:56:42Z,train
002549,train,26.42458919920701,-82.09038555622101,1,1_ModerateDamage,1_ModerateDamage,grid_0.005_23284_19581,grid_0.005_23284_19581,8isur9JBeVPXWMDpmQNSqw,6713679468662297,6713679468662297,2022-10-20T15:52:50Z,train
002550,train,26.426702917052992,-82.06985592842102,1,1_ModerateDamage,1_ModerateDamage,grid_0.005_23285_19586,grid_0.005_23285_19586,aLbXpouwqyjD4cWNZMfF2Y,6716054105099422,6716054105099422,2022-10-20T13:42:39Z,train
002551,val,26.45035950018864,-82.03909635543825,1,1_ModerateDamage,1_ModerateDamage,grid_0.005_23290_19592,grid_0.005_23290_19592,0YIfZrHA3aCDs75ngd9Kcx,673161731296591,673161731296591,2022-10-20T16:35:41Z,train
002552,val,26.43900974976161,-82.06743121147156,1,1_ModerateDamage,1_ModerateDamage,grid_0.005_23287_19586,grid_0.005_23287_19586,GIdmeE2xtHZPsDkr8qAcoB,6779216878769061,6779216878769061,2022-10-22T17:23:43Z,train
002553,val,26.43927873689288,-82.0664119720459,1,1_ModerateDamage,1_ModerateDamage,grid_0.005_23287_19586,grid_0.005_23287_19586,GFA5Eq24e1SxuJVjWM0kyt,680677844076416,680677844076416,2022-10-20T16:01:23Z,train
002554,train,26.44369291813836,-82.06672847270964,1,1_ModerateDamage,1_ModerateDamage,grid_0.005_23288_19586,grid_0.005_23288_19586,mOxFlgIhNsDMV6H72nawdZ,680729867219869,680729867219869,2022-10-22T16:48:47Z,train
002555,train,26.471317334731594,-82.16342210769653,1,1_ModerateDamage,1_ModerateDamage,grid_0.005_23294_19567,grid_0.005_23294_19567,V9j3Lpa2hEK7wUbA8cGd65,680874340535879,680874340535879,2022-10-20T14:27:26Z,train
002556,val,26.4390385698414,-82.06967890262604,1,1_ModerateDamage,1_ModerateDamage,grid_0.005_23287_19586,grid_0.005_23287_19586,eGaqwKdfoI8yJ7kgjAtD3F,681034140705226,681034140705226,2022-10-22T17:28:48Z,train
002557,val,26.45189160680555,-82.03935384750366,1,1_ModerateDamage,1_ModerateDamage,grid_0.005_23290_19592,grid_0.005_23290_19592,YokgWzSGxZtXC8EUIeavm5,6812521232092978,6812521232092978,2022-10-20T16:37:06Z,train
002558,test,26.441233678069423,-82.06208825111389,1,1_ModerateDamage,1_ModerateDamage,grid_0.005_23288_19587,grid_0.005_23288_19587,wJ8ZYp4KuVjgI6xsXOUWkA,683393633613447,683393633613447,2022-10-22T17:12:32Z,train
002559,train,26.4342111059586,-82.08019852638245,1,1_ModerateDamage,1_ModerateDamage,grid_0.005_23286_19583,grid_0.005_23286_19583,8zouvat6BbkWiE0A1VYwfq,683814670255346,683814670255346,2022-10-22T19:09:25Z,train
002560,train,26.55701547299755,-81.98243737220764,1,1_ModerateDamage,1_ModerateDamage,grid_0.005_23311_19603,grid_0.005_23311_19603,ixkKL50cubymHt6NBgvFT3,684160823164349,684160823164349,2022-10-02T12:03:00.666000Z,train
002561,train,26.462721434281008,-82.14884161949158,1,1_ModerateDamage,1_ModerateDamage,grid_0.005_23292_19570,grid_0.005_23292_19570,OGaCM4S5pEvYyPLezZc0WK,6869814123047614,6869814123047614,2022-10-20T14:25:32Z,train
002562,val,26.44242007582838,-82.05550074577332,1,1_ModerateDamage,1_ModerateDamage,grid_0.005_23288_19588,grid_0.005_23288_19588,6Enx3OZopQHazvV5Aye4tg,687473939707886,687473939707886,2022-10-21T19:36:15Z,train
002563,train,26.42508880874061,-82.09173738956451,1,1_ModerateDamage,1_ModerateDamage,grid_0.005_23285_19581,grid_0.005_23285_19581,8isur9JBeVPXWMDpmQNSqw,687946386414727,687946386414727,2022-10-20T15:52:31Z,train
002564,train,26.456367738831062,-82.14281737804413,1,1_ModerateDamage,1_ModerateDamage,grid_0.005_23291_19571,grid_0.005_23291_19571,OGaCM4S5pEvYyPLezZc0WK,688089553148150,688089553148150,2022-10-20T14:23:34Z,train
002565,test,26.441507463251995,-82.06205070018768,1,1_ModerateDamage,1_ModerateDamage,grid_0.005_23288_19587,grid_0.005_23288_19587,wJ8ZYp4KuVjgI6xsXOUWkA,688463829960135,688463829960135,2022-10-22T17:12:25Z,train
002566,val,26.440397908750853,-82.04610764980316,1,1_ModerateDamage,1_ModerateDamage,grid_0.005_23288_19590,grid_0.005_23288_19590,uGWfqep3o2ws7cldtXQBLk,688631669621032,688631669621032,2022-10-21T19:08:54Z,train
002567,train,26.47052980409036,-82.1606057882309,1,1_ModerateDamage,1_ModerateDamage,grid_0.005_23294_19567,grid_0.005_23294_19567,V9j3Lpa2hEK7wUbA8cGd65,688662559687456,688662559687456,2022-10-20T14:27:07Z,train
002568,train,26.55860853662624,-82.03171491622925,1,1_ModerateDamage,1_ModerateDamage,grid_0.005_23311_19593,grid_0.005_23311_19593,hlR0Dk3AOGdzQXwW45MUnC,688744133264071,688744133264071,2022-10-01T19:01:16Z,train
002569,train,26.434196695315904,-82.05356955528259,1,1_ModerateDamage,1_ModerateDamage,grid_0.005_23286_19589,grid_0.005_23286_19589,NyYzSUec6DpPEo8ZrBnL17,689681569366361,689681569366361,2022-10-21T19:18:55Z,train
002570,train,26.42364281752144,-82.08380341529846,1,1_ModerateDamage,1_ModerateDamage,grid_0.005_23284_19583,grid_0.005_23284_19583,8isur9JBeVPXWMDpmQNSqw,689789093192263,689789093192263,2022-10-20T15:55:24Z,train
002571,train,26.48513665971176,-82.00671136379242,1,1_ModerateDamage,1_ModerateDamage,grid_0.005_23297_19598,grid_0.005_23297_19598,5G4oivF6N8ElUMxufdBjA7,689856276018736,689856276018736,2022-10-21T21:30:37Z,train
002572,train,26.430257718761723,-82.10777163505554,1,1_ModerateDamage,1_ModerateDamage,grid_0.005_23286_19578,grid_0.005_23286_19578,Rd8l2zEjuKLNrOXf5Q3CDB,689947719611431,689947719611431,2022-10-20T13:54:22Z,train
002573,train,26.437991435647803,-82.06453442573547,1,1_ModerateDamage,1_ModerateDamage,grid_0.005_23287_19587,grid_0.005_23287_19587,X52NQsIPtuAZHEwoBkDhqv,690185402814319,690185402814319,2022-10-21T16:53:36Z,train
002574,val,26.44495133708732,-82.04574286937714,1,1_ModerateDamage,1_ModerateDamage,grid_0.005_23288_19590,grid_0.005_23288_19590,vJTbXQK6BOxPeaoVgcHlrM,691049086107011,691049086107011,2022-10-22T19:46:45Z,train
002575,test,26.445940771340062,-82.02606081962585,1,1_ModerateDamage,1_ModerateDamage,grid_0.005_23289_19594,grid_0.005_23289_19594,5bS0CBxDknPTVWIs6OLvru,691285316030915,691285316030915,2022-10-21T17:20:38Z,train
002576,train,26.43075730372969,-82.05560266971588,1,1_ModerateDamage,1_ModerateDamage,grid_0.005_23286_19588,grid_0.005_23286_19588,d9OWh4IQeMXLPraFD8HZpy,691407015784926,691407015784926,2022-10-21T17:07:24Z,train
002577,val,26.45074853232612,-82.03897833824158,1,1_ModerateDamage,1_ModerateDamage,grid_0.005_23290_19592,grid_0.005_23290_19592,cjXdAN6SYHtunWF5TIOlCq,692335182622615,692335182622615,2022-10-21T18:53:24Z,train
002578,train,26.553061508570863,-81.96084558963776,1,1_ModerateDamage,1_ModerateDamage,grid_0.005_23310_19607,grid_0.005_23310_19607,tIAfNHcP8OTlo2Xp1krhSu,693093228852980,693093228852980,2022-10-02T11:56:07.333000Z,train
002579,test,26.44726160479111,-82.03871548175812,1,1_ModerateDamage,1_ModerateDamage,grid_0.005_23289_19592,grid_0.005_23289_19592,n8NHRsX3PiA1YpCSMoy20F,694128145515859,694128145515859,2022-10-21T18:52:19Z,train
002580,train,26.443471972934773,-82.03182220458984,1,1_ModerateDamage,1_ModerateDamage,grid_0.005_23288_19593,grid_0.005_23288_19593,n8NHRsX3PiA1YpCSMoy20F,695195648818613,695195648818613,2022-10-21T18:49:14Z,train
002581,train,26.595545086508125,-81.92749500274658,1,1_ModerateDamage,1_ModerateDamage,grid_0.005_23319_19614,grid_0.005_23319_19614,z5iyQfRGHW02FmvOT8nj4o,696444585161346,696444585161346,2022-10-02T11:15:45.500000Z,train
002582,train,26.432909337299392,-82.05597281455994,1,1_ModerateDamage,1_ModerateDamage,grid_0.005_23286_19588,grid_0.005_23286_19588,NyYzSUec6DpPEo8ZrBnL17,696534738626937,696534738626937,2022-10-21T19:19:52Z,train
002583,train,26.443846618899627,-82.04287827014923,1,1_ModerateDamage,1_ModerateDamage,grid_0.005_23288_19591,grid_0.005_23288_19591,cK9RIBTNm6s1M7DYd2raCk,701135671450004,701135671450004,2022-10-21T19:32:36Z,train
002584,train,26.431261690202632,-82.0617824792862,1,1_ModerateDamage,1_ModerateDamage,grid_0.005_23286_19587,grid_0.005_23286_19587,d9OWh4IQeMXLPraFD8HZpy,702016788050329,702016788050329,2022-10-21T17:03:34Z,train
002585,train,26.43088219963336,-82.05531299114227,1,1_ModerateDamage,1_ModerateDamage,grid_0.005_23286_19588,grid_0.005_23286_19588,d9OWh4IQeMXLPraFD8HZpy,703353914712047,703353914712047,2022-10-21T17:07:27Z,train
002586,train,26.581398437771853,-81.93811118602753,1,1_ModerateDamage,1_ModerateDamage,grid_0.005_23316_19612,grid_0.005_23316_19612,VjcnOwJsdb8SemI4xUPD7K,704766494218321,704766494218321,2022-10-02T11:31:59.666000Z,train
002587,train,26.5885031618162,-81.8835711479187,1,1_ModerateDamage,1_ModerateDamage,grid_0.005_23317_19623,grid_0.005_23317_19623,4qwBospeLyEXaUHTk08C9j,7052674571415381,7052674571415381,2022-09-30T19:13:39Z,train
002588,train,26.4447832284813,-82.04280853271484,1,1_ModerateDamage,1_ModerateDamage,grid_0.005_23288_19591,grid_0.005_23288_19591,cK9RIBTNm6s1M7DYd2raCk,705634811266584,705634811266584,2022-10-21T19:33:01Z,train
002589,val,26.443990713177087,-82.0480227470398,1,1_ModerateDamage,1_ModerateDamage,grid_0.005_23288_19590,grid_0.005_23288_19590,uGWfqep3o2ws7cldtXQBLk,705787527791622,705787527791622,2022-10-21T19:08:13Z,train
002590,test,26.449370103893344,-82.03932702541351,1,1_ModerateDamage,1_ModerateDamage,grid_0.005_23289_19592,grid_0.005_23289_19592,cjXdAN6SYHtunWF5TIOlCq,706139047676642,706139047676642,2022-10-21T18:53:02Z,train
002591,test,26.44960064359545,-82.0297622680664,1,1_ModerateDamage,1_ModerateDamage,grid_0.005_23289_19594,grid_0.005_23289_19594,nyw9GxcmVequiNU27Ka6LA,706370867714266,706370867714266,2022-10-21T18:41:14Z,train
002592,train,26.44341433498586,-82.05170273780823,1,1_ModerateDamage,1_ModerateDamage,grid_0.005_23288_19589,grid_0.005_23288_19589,6Enx3OZopQHazvV5Aye4tg,707423651115436,707423651115436,2022-10-21T19:35:31Z,train
002593,train,26.510350966647195,-81.97545289993286,1,1_ModerateDamage,1_ModerateDamage,grid_0.005_23302_19604,grid_0.005_23302_19604,edntlwFA590gu1YVE4vSCf,707956771136535,707956771136535,2022-10-02T17:11:24Z,train
002594,train,26.433865250036945,-82.05956697463989,1,1_ModerateDamage,1_ModerateDamage,grid_0.005_23286_19588,grid_0.005_23286_19588,X52NQsIPtuAZHEwoBkDhqv,708396777300705,708396777300705,2022-10-21T16:59:49Z,train
002595,train,26.439461263517188,-82.04340934753418,1,1_ModerateDamage,1_ModerateDamage,grid_0.005_23287_19591,grid_0.005_23287_19591,XAsVlIPBUv5ME0hunTGam1,710090620877605,710090620877605,2022-10-20T13:34:53Z,train
002596,train,26.48509344689849,-82.00693666934967,1,1_ModerateDamage,1_ModerateDamage,grid_0.005_23297_19598,grid_0.005_23297_19598,5G4oivF6N8ElUMxufdBjA7,711258383980729,711258383980729,2022-10-21T21:30:35Z,train
002597,train,26.43738140354293,-82.08021998405457,1,1_ModerateDamage,1_ModerateDamage,grid_0.005_23287_19583,grid_0.005_23287_19583,FDdzYnaCWL8jJN0GwxMkmV,711494657013791,711494657013791,2022-10-21T16:39:48Z,train
002598,val,26.451737916779454,-82.03871011734007,1,1_ModerateDamage,1_ModerateDamage,grid_0.005_23290_19592,grid_0.005_23290_19592,uGWfqep3o2ws7cldtXQBLk,712311046920430,712311046920430,2022-10-21T19:05:39Z,train
002599,train,26.42894629791904,-82.05993175506592,1,1_ModerateDamage,1_ModerateDamage,grid_0.005_23285_19588,grid_0.005_23285_19588,d9OWh4IQeMXLPraFD8HZpy,712990383778042,712990383778042,2022-10-21T17:06:36Z,train
002600,train,26.43426394496633,-82.09742903709412,1,1_ModerateDamage,1_ModerateDamage,grid_0.005_23286_19580,grid_0.005_23286_19580,0M2YgdFsf6GZmIwQJy5APK,7141633625851813,7141633625851813,2022-10-22T18:20:10Z,train
002601,test,26.4440051225949,-82.06009805202484,1,1_ModerateDamage,1_ModerateDamage,grid_0.005_23288_19587,grid_0.005_23288_19587,vItnjg2h4oOkUXx819qbfM,715119130188891,715119130188891,2022-10-21T20:15:37Z,train
002602,test,26.443985910037394,-82.06138551235199,1,1_ModerateDamage,1_ModerateDamage,grid_0.005_23288_19587,grid_0.005_23288_19587,wsuK3zob9RL5EY1FcZThlt,715659337035230,715659337035230,2022-10-22T17:04:33Z,train
002603,train,26.44805409759161,-82.12014734745026,1,1_ModerateDamage,1_ModerateDamage,grid_0.005_23289_19575,grid_0.005_23289_19575,2Paqk0DWtz8RdQbBmMsEnO,715721430323621,715721430323621,2022-10-20T14:20:58Z,train
002604,train,26.442568975089102,-82.03391432762146,1,1_ModerateDamage,1_ModerateDamage,grid_0.005_23288_19593,grid_0.005_23288_19593,5bS0CBxDknPTVWIs6OLvru,715791509989759,715791509989759,2022-10-21T17:18:53Z,train
002605,train,26.44864005845892,-82.03071713447571,1,1_ModerateDamage,1_ModerateDamage,grid_0.005_23289_19593,grid_0.005_23289_19593,9oftQ5hvKsIWYCqU7guZaA,716089230073248,716089230073248,2022-10-21T18:33:29Z,test
002606,train,26.45037871168305,-82.02012777328491,1,1_ModerateDamage,1_ModerateDamage,grid_0.005_23290_19595,grid_0.005_23290_19595,DtjgKvhZzkac5eR0ICSP47,716170703513909,716170703513909,2022-10-21T17:47:14Z,train
002607,train,26.430195270488483,-82.10756778717041,1,1_ModerateDamage,1_ModerateDamage,grid_0.005_23286_19578,grid_0.005_23286_19578,Rd8l2zEjuKLNrOXf5Q3CDB,716552900277964,716552900277964,2022-10-20T13:54:19Z,train
002608,train,26.4412721040992,-82.04377949237823,1,1_ModerateDamage,1_ModerateDamage,grid_0.005_23288_19591,grid_0.005_23288_19591,cK9RIBTNm6s1M7DYd2raCk,717218489961883,717218489961883,2022-10-21T19:31:05Z,train
002609,train,26.44645950046512,-82.05606937408449,1,1_ModerateDamage,1_ModerateDamage,grid_0.005_23289_19588,grid_0.005_23289_19588,vItnjg2h4oOkUXx819qbfM,719462262892930,719462262892930,2022-10-21T20:14:07Z,train
002610,train,26.562864595013338,-81.98035061359404,1,1_ModerateDamage,1_ModerateDamage,grid_0.005_23312_19603,grid_0.005_23312_19603,ixkKL50cubymHt6NBgvFT3,720166852368397,720166852368397,2022-10-02T12:01:22.400000Z,train
002611,train,26.45087340656079,-82.04287827014923,1,1_ModerateDamage,1_ModerateDamage,grid_0.005_23290_19591,grid_0.005_23290_19591,6e3WJg5uL72BZAq0QDM9hj,7223676567661593,7223676567661593,2022-10-20T16:59:22Z,train
002612,train,26.443443153963912,-82.05160081386566,1,1_ModerateDamage,1_ModerateDamage,grid_0.005_23288_19589,grid_0.005_23288_19589,6Enx3OZopQHazvV5Aye4tg,723498436102635,723498436102635,2022-10-21T19:35:30Z,train
002613,train,26.450791758038065,-82.02365756034851,1,1_ModerateDamage,1_ModerateDamage,grid_0.005_23290_19595,grid_0.005_23290_19595,qLOwB6Mxsdzou8VFbWP7SU,723551976148123,723551976148123,2022-10-20T17:26:20Z,train
002614,train,26.44029703963001,-82.06755459308624,1,1_ModerateDamage,1_ModerateDamage,grid_0.005_23288_19586,grid_0.005_23288_19586,wJ8ZYp4KuVjgI6xsXOUWkA,723601569774526,723601569774526,2022-10-22T17:15:00Z,train
002615,val,26.4388320257768,-82.0680320262909,1,1_ModerateDamage,1_ModerateDamage,grid_0.005_23287_19586,grid_0.005_23287_19586,GIdmeE2xtHZPsDkr8qAcoB,724024106142266,724024106142266,2022-10-22T17:23:49Z,train
002616,train,26.430536333722443,-82.09636151790619,1,1_ModerateDamage,1_ModerateDamage,grid_0.005_23286_19580,grid_0.005_23286_19580,5ZrTVbvnpkBCqAUuj4foc1,725376956263648,725376956263648,2022-10-22T18:25:33Z,train
002617,train,26.445282750477787,-82.1142303943634,1,1_ModerateDamage,1_ModerateDamage,grid_0.005_23289_19577,grid_0.005_23289_19577,Hdxcg6t5vyaoX8lCwfM391,725957645954255,725957645954255,2022-10-20T15:42:47Z,train
002618,train,26.43789536781404,-82.07140624523163,1,1_ModerateDamage,1_ModerateDamage,grid_0.005_23287_19585,grid_0.005_23287_19585,ojkNER9alymT7XHIBhWvS2,726752945685328,726752945685328,2022-10-21T16:43:59Z,train
002619,train,26.49419178652132,-81.95779323577882,1,1_ModerateDamage,1_ModerateDamage,grid_0.005_23298_19608,grid_0.005_23298_19608,gti6f8hpWRsqrUX3FwLajT,727112732753648,727112732753648,2022-09-30T16:35:26Z,train
002620,train,26.450998280660045,-82.1299320459366,1,1_ModerateDamage,1_ModerateDamage,grid_0.005_23290_19574,grid_0.005_23290_19574,2Paqk0DWtz8RdQbBmMsEnO,727724269125447,727724269125447,2022-10-20T14:22:10Z,train
002621,train,26.494220592785567,-81.95619463920593,1,1_ModerateDamage,1_ModerateDamage,grid_0.005_23298_19608,grid_0.005_23298_19608,gti6f8hpWRsqrUX3FwLajT,728987885579603,728987885579603,2022-09-30T16:35:18Z,train
002622,train,26.458596134530907,-82.04466998577118,1,1_ModerateDamage,1_ModerateDamage,grid_0.005_23291_19591,grid_0.005_23291_19591,tTMujQinkPSmUalNr8ODYC,729245011891281,729245011891281,2022-10-21T19:00:55Z,train
002623,train,26.45079656089395,-82.04853773117065,1,1_ModerateDamage,1_ModerateDamage,grid_0.005_23290_19590,grid_0.005_23290_19590,cy8maM4ht0X3eRY9jKSwxo,729826398901518,729826398901518,2022-10-20T16:49:13Z,train
002624,train,26.428465920250545,-82.10255742073059,1,1_ModerateDamage,1_ModerateDamage,grid_0.005_23285_19579,grid_0.005_23285_19579,0M2YgdFsf6GZmIwQJy5APK,731526062080683,731526062080683,2022-10-22T18:17:19Z,train
002625,test,26.449211607580462,-82.02978372573853,1,1_ModerateDamage,1_ModerateDamage,grid_0.005_23289_19594,grid_0.005_23289_19594,nyw9GxcmVequiNU27Ka6LA,731921661869584,731921661869584,2022-10-21T18:41:02Z,train
002626,train,26.44860643783406,-82.02404916286469,1,1_ModerateDamage,1_ModerateDamage,grid_0.005_23289_19595,grid_0.005_23289_19595,nyw9GxcmVequiNU27Ka6LA,732130348475658,732130348475658,2022-10-21T18:46:38Z,train
002627,train,26.45013376488907,-82.02773988246918,1,1_ModerateDamage,1_ModerateDamage,grid_0.005_23290_19594,grid_0.005_23290_19594,oA4ekOPWvzdE6Gc3J0qSLM,734310777936836,734310777936836,2022-10-21T17:58:51Z,train
002628,train,26.4467765004471,-82.03285217285156,1,1_ModerateDamage,1_ModerateDamage,grid_0.005_23289_19593,grid_0.005_23289_19593,9oftQ5hvKsIWYCqU7guZaA,734543494736317,734543494736317,2022-10-21T18:31:24Z,train
002629,train,26.43819317783801,-82.07953870296478,1,1_ModerateDamage,1_ModerateDamage,grid_0.005_23287_19584,grid_0.005_23287_19584,FDdzYnaCWL8jJN0GwxMkmV,735288474692795,735288474692795,2022-10-21T16:40:08Z,train
002630,train,26.43858705442949,-82.07155108451843,1,1_ModerateDamage,1_ModerateDamage,grid_0.005_23287_19585,grid_0.005_23287_19585,GIdmeE2xtHZPsDkr8qAcoB,735461215003307,735461215003307,2022-10-22T17:24:53Z,train
002631,train,26.42873973576691,-82.08014488220215,1,1_ModerateDamage,1_ModerateDamage,grid_0.005_23285_19583,grid_0.005_23285_19583,8isur9JBeVPXWMDpmQNSqw,737740501690660,737740501690660,2022-10-20T15:57:16Z,train
002632,test,26.446666030855454,-82.02964425086975,1,1_ModerateDamage,1_ModerateDamage,grid_0.005_23289_19594,grid_0.005_23289_19594,nyw9GxcmVequiNU27Ka6LA,738706130728323,738706130728323,2022-10-21T18:38:08Z,test
002633,train,26.46058436497288,-82.04806566238403,1,1_ModerateDamage,1_ModerateDamage,grid_0.005_23292_19590,grid_0.005_23292_19590,tTMujQinkPSmUalNr8ODYC,739047080708209,739047080708209,2022-10-21T18:59:47Z,train
002634,train,26.4376071638322,-82.05028116703033,1,1_ModerateDamage,1_ModerateDamage,grid_0.005_23287_19589,grid_0.005_23287_19589,ZD02REoSqG75BNbzd4CTlv,740264090534819,740264090534819,2022-10-21T19:11:12Z,train
002635,val,26.451656268869627,-82.0371973514557,1,1_ModerateDamage,1_ModerateDamage,grid_0.005_23290_19592,grid_0.005_23290_19592,hVtUpWFmwBTMDKgo9CRPIS,742185567250063,742185567250063,2022-10-21T21:22:47Z,train
002636,train,26.4581687085264,-82.04960525035858,1,1_ModerateDamage,1_ModerateDamage,grid_0.005_23291_19590,grid_0.005_23291_19590,YokgWzSGxZtXC8EUIeavm5,745853684008120,745853684008120,2022-10-20T16:40:28Z,train
002637,train,26.511671060680527,-81.97406888008119,1,1_ModerateDamage,1_ModerateDamage,grid_0.005_23302_19605,grid_0.005_23302_19605,edntlwFA590gu1YVE4vSCf,747531350457207,747531350457207,2022-10-02T17:07:37Z,train
002638,train,26.470054401887,-82.15851366519928,1,1_ModerateDamage,1_ModerateDamage,grid_0.005_23294_19568,grid_0.005_23294_19568,V9j3Lpa2hEK7wUbA8cGd65,751094653690769,751094653690769,2022-10-20T14:26:55Z,train
002639,train,26.44888020549415,-82.04468071460724,1,1_ModerateDamage,1_ModerateDamage,grid_0.005_23289_19591,grid_0.005_23289_19591,6e3WJg5uL72BZAq0QDM9hj,751387416744557,751387416744557,2022-10-20T16:58:23Z,train
002640,train,26.45118078871536,-82.02094316482544,1,1_ModerateDamage,1_ModerateDamage,grid_0.005_23290_19595,grid_0.005_23290_19595,DtjgKvhZzkac5eR0ICSP47,753941863116494,753941863116494,2022-10-21T17:42:24Z,train
002641,train,26.42577096441545,-82.09356665611267,1,1_ModerateDamage,1_ModerateDamage,grid_0.005_23285_19581,grid_0.005_23285_19581,8isur9JBeVPXWMDpmQNSqw,755177486362097,755177486362097,2022-10-20T15:52:06Z,train
002642,train,26.44628178797238,-82.04142987728119,1,1_ModerateDamage,1_ModerateDamage,grid_0.005_23289_19591,grid_0.005_23289_19591,ZoPOLpxfckCaEiQWqzs2Hg,756037176315279,756037176315279,2022-10-20T16:05:02Z,train
002643,train,26.442885985777323,-82.05363392829895,1,1_ModerateDamage,1_ModerateDamage,grid_0.005_23288_19589,grid_0.005_23288_19589,CDu3ifjIyq6W2ZEgm9Jecs,756359669603415,756359669603415,2022-10-22T19:32:58Z,train
002644,train,26.45056602358575,-82.02542781829834,1,1_ModerateDamage,1_ModerateDamage,grid_0.005_23290_19594,grid_0.005_23290_19594,qLOwB6Mxsdzou8VFbWP7SU,756738173120670,756738173120670,2022-10-20T17:26:41Z,train
002645,train,26.42643870444151,-82.06989884376526,1,1_ModerateDamage,1_ModerateDamage,grid_0.005_23285_19586,grid_0.005_23285_19586,aLbXpouwqyjD4cWNZMfF2Y,758109529404469,758109529404469,2022-10-20T13:42:41Z,train
002646,train,26.43227526015509,-82.09759533405304,1,1_ModerateDamage,1_ModerateDamage,grid_0.005_23286_19580,grid_0.005_23286_19580,5ZrTVbvnpkBCqAUuj4foc1,759053149234829,759053149234829,2022-10-22T18:26:23Z,train
002647,val,26.452189380647454,-82.03858137130737,1,1_ModerateDamage,1_ModerateDamage,grid_0.005_23290_19592,grid_0.005_23290_19592,ZoPOLpxfckCaEiQWqzs2Hg,762431119002658,762431119002658,2022-10-20T16:07:10Z,train
002648,train,26.42384938880588,-82.08579897880554,1,1_ModerateDamage,1_ModerateDamage,grid_0.005_23284_19582,grid_0.005_23284_19582,8isur9JBeVPXWMDpmQNSqw,762829372305566,762829372305566,2022-10-20T15:54:35Z,train
002649,train,26.42851395810748,-82.10168302059172,1,1_ModerateDamage,1_ModerateDamage,grid_0.005_23285_19579,grid_0.005_23285_19579,5ZrTVbvnpkBCqAUuj4foc1,764845885367763,764845885367763,2022-10-22T18:29:36Z,train
002650,train,26.49420618965433,-81.95710122585297,1,1_ModerateDamage,1_ModerateDamage,grid_0.005_23298_19608,grid_0.005_23298_19608,gti6f8hpWRsqrUX3FwLajT,765855638794089,765855638794089,2022-09-30T16:35:22Z,train
002651,train,26.44267944860978,-82.0399010181427,1,1_ModerateDamage,1_ModerateDamage,grid_0.005_23288_19592,grid_0.005_23288_19592,PioLgY63BXl1ItahOyTeME,765934184941622,765934184941622,2022-10-21T17:12:47Z,train
002652,train,26.435114169305308,-82.05801665782928,1,1_ModerateDamage,1_ModerateDamage,grid_0.005_23287_19588,grid_0.005_23287_19588,X52NQsIPtuAZHEwoBkDhqv,766090748208297,766090748208297,2022-10-21T16:59:29Z,train
002653,train,26.561837781412606,-81.90805435180664,1,1_ModerateDamage,1_ModerateDamage,grid_0.005_23312_19618,grid_0.005_23312_19618,x5dDWwRLGpSfraO7AbKz16,767057965119437,767057965119437,2022-09-29T19:17:47Z,train
002654,train,26.450066524501565,-82.02799201011658,1,1_ModerateDamage,1_ModerateDamage,grid_0.005_23290_19594,grid_0.005_23290_19594,oA4ekOPWvzdE6Gc3J0qSLM,767306341652184,767306341652184,2022-10-21T17:58:53Z,train
002655,train,26.61855304080281,-81.8702083826065,1,1_ModerateDamage,1_ModerateDamage,grid_0.005_23323_19625,grid_0.005_23323_19625,BW1snhSTmPNKyJMAcQHvxt,768985428043700,768985428043700,2022-10-04T18:15:36Z,train
002656,train,26.45579142257876,-82.04955697059631,1,1_ModerateDamage,1_ModerateDamage,grid_0.005_23291_19590,grid_0.005_23291_19590,YokgWzSGxZtXC8EUIeavm5,771317371146868,771317371146868,2022-10-20T16:42:40Z,train
002657,test,26.445446055276022,-82.02735364437105,1,1_ModerateDamage,1_ModerateDamage,grid_0.005_23289_19594,grid_0.005_23289_19594,oAbgmNBZR9JTjufiX5eCxP,773686167615135,773686167615135,2022-10-20T17:07:03Z,train
002658,train,26.511714263501588,-81.9744873046875,1,1_ModerateDamage,1_ModerateDamage,grid_0.005_23302_19605,grid_0.005_23302_19605,edntlwFA590gu1YVE4vSCf,774645254145458,774645254145458,2022-10-02T17:07:44Z,train
002659,train,26.42957558963589,-82.10565268993378,1,1_ModerateDamage,1_ModerateDamage,grid_0.005_23285_19578,grid_0.005_23285_19578,0M2YgdFsf6GZmIwQJy5APK,775677710702867,775677710702867,2022-10-22T18:16:45Z,train
002660,train,26.42830739518064,-82.10088908672333,1,1_ModerateDamage,1_ModerateDamage,grid_0.005_23285_19579,grid_0.005_23285_19579,n0eqGd6TKA3CmjSspwxEUl,777010083972570,777010083972570,2022-10-22T18:30:34Z,train
002661,test,26.443539217172017,-82.06066131591797,1,1_ModerateDamage,1_ModerateDamage,grid_0.005_23288_19587,grid_0.005_23288_19587,wsuK3zob9RL5EY1FcZThlt,777609457164664,777609457164664,2022-10-22T17:05:15Z,train
002662,train,26.45578181728344,-82.04611301422118,1,1_ModerateDamage,1_ModerateDamage,grid_0.005_23291_19590,grid_0.005_23291_19590,YokgWzSGxZtXC8EUIeavm5,778436050591129,778436050591129,2022-10-20T16:39:05Z,train
002663,train,26.42404635177894,-82.07564413547516,1,1_ModerateDamage,1_ModerateDamage,grid_0.005_23284_19584,grid_0.005_23284_19584,aLbXpouwqyjD4cWNZMfF2Y,778609483966280,778609483966280,2022-10-20T13:43:49Z,train
002664,test,26.44355362664633,-82.06105828285217,1,1_ModerateDamage,1_ModerateDamage,grid_0.005_23288_19587,grid_0.005_23288_19587,mOxFlgIhNsDMV6H72nawdZ,778873093823694,778873093823694,2022-10-22T16:50:20Z,train
002665,train,26.451027097740635,-82.12707817554474,1,1_ModerateDamage,1_ModerateDamage,grid_0.005_23290_19574,grid_0.005_23290_19574,Hdxcg6t5vyaoX8lCwfM391,779926247160229,779926247160229,2022-10-20T15:41:12Z,train
002666,train,26.42982058013858,-82.10040628910065,1,1_ModerateDamage,1_ModerateDamage,grid_0.005_23285_19579,grid_0.005_23285_19579,n0eqGd6TKA3CmjSspwxEUl,780109643776866,780109643776866,2022-10-22T18:31:06Z,train
002667,train,26.69639174946863,-82.05558657646179,1,1_ModerateDamage,1_ModerateDamage,grid_0.005_23339_19588,grid_0.005_23339_19588,sd2tRl8cCQY59mo7ZzjiGp,781605133435157,781605133435157,2022-10-06T18:33:42Z,train
002668,train,26.432270456527046,-82.08018243312836,1,1_ModerateDamage,1_ModerateDamage,grid_0.005_23286_19583,grid_0.005_23286_19583,8zouvat6BbkWiE0A1VYwfq,781650563688083,781650563688083,2022-10-22T19:09:07Z,train
002669,train,26.44620493924195,-82.05838143825531,1,1_ModerateDamage,1_ModerateDamage,grid_0.005_23289_19588,grid_0.005_23289_19588,mOxFlgIhNsDMV6H72nawdZ,781825783676097,781825783676097,2022-10-22T16:52:21Z,train
002670,train,26.51990810471274,-81.94225251674652,1,1_ModerateDamage,1_ModerateDamage,grid_0.005_23303_19611,grid_0.005_23303_19611,1Gxn9Aj7y4OYkp0mqvQ5ZE,783236390113148,783236390113148,2022-10-02T15:37:40Z,train
002671,train,26.42708722522512,-82.08012878894806,1,1_ModerateDamage,1_ModerateDamage,grid_0.005_23285_19583,grid_0.005_23285_19583,8isur9JBeVPXWMDpmQNSqw,783885299886934,783885299886934,2022-10-20T15:57:02Z,train
002672,test,26.42949392601928,-82.09697842597961,1,1_ModerateDamage,1_ModerateDamage,grid_0.005_23285_19580,grid_0.005_23285_19580,n0eqGd6TKA3CmjSspwxEUl,784374836562740,784374836562740,2022-10-22T18:34:30Z,train
002673,train,26.563018136443333,-81.90726041793825,1,1_ModerateDamage,1_ModerateDamage,grid_0.005_23312_19618,grid_0.005_23312_19618,x5dDWwRLGpSfraO7AbKz16,785172416390555,785172416390555,2022-09-29T19:17:35Z,train
002674,train,26.42417605891892,-82.07364320755005,1,1_ModerateDamage,1_ModerateDamage,grid_0.005_23284_19585,grid_0.005_23284_19585,aLbXpouwqyjD4cWNZMfF2Y,786325006362973,786325006362973,2022-10-20T13:43:34Z,train
002675,train,26.51070139308792,-81.96404278278351,1,1_ModerateDamage,1_ModerateDamage,grid_0.005_23302_19607,grid_0.005_23302_19607,UiTVbHcRCdI730PgBtJYFL,787996132827607,787996132827607,2022-10-02T16:15:33Z,train
002676,train,26.44590234686752,-82.04233646392822,1,1_ModerateDamage,1_ModerateDamage,grid_0.005_23289_19591,grid_0.005_23289_19591,ZoPOLpxfckCaEiQWqzs2Hg,790660135830582,790660135830582,2022-10-20T16:04:54Z,train
002677,train,26.4294795147868,-82.09352910518646,1,1_ModerateDamage,1_ModerateDamage,grid_0.005_23285_19581,grid_0.005_23285_19581,8DuCakHvNX3A4ErGBom1lf,791198985933482,791198985933482,2022-10-22T18:48:59Z,train
002678,train,26.435032509612824,-82.04772770404816,1,1_ModerateDamage,1_ModerateDamage,grid_0.005_23287_19590,grid_0.005_23287_19590,njtp7LVIeUbyEwXSkgYzCT,791335135991624,791335135991624,2022-10-20T13:37:50Z,train
002679,test,26.42723134045937,-82.09759533405304,1,1_ModerateDamage,1_ModerateDamage,grid_0.005_23285_19580,grid_0.005_23285_19580,mlt8kfA0uSC5rYi7VQhg2P,791409489154485,791409489154485,2022-10-20T15:51:17Z,train
002680,train,26.42971009429008,-82.1059799194336,1,1_ModerateDamage,1_ModerateDamage,grid_0.005_23285_19578,grid_0.005_23285_19578,Rd8l2zEjuKLNrOXf5Q3CDB,791706509272610,791706509272610,2022-10-20T13:54:01Z,train
002681,train,26.450940646477207,-82.02260613441467,1,1_ModerateDamage,1_ModerateDamage,grid_0.005_23290_19595,grid_0.005_23290_19595,2GE5DnWJXaevYfqkA4pId1,791736109296666,791736109296666,2022-10-20T17:09:43Z,train
002682,test,26.44397150061716,-82.0614230632782,1,1_ModerateDamage,1_ModerateDamage,grid_0.005_23288_19587,grid_0.005_23288_19587,wsuK3zob9RL5EY1FcZThlt,792450015619746,792450015619746,2022-10-22T17:04:52Z,train
002683,train,26.44270346457852,-82.05433666706085,1,1_ModerateDamage,1_ModerateDamage,grid_0.005_23288_19589,grid_0.005_23288_19589,lAtIQeO0Rwg2YVoC6Pa93F,792656559202300,792656559202300,2022-10-22T19:32:51Z,train
002684,train,26.424790964856182,-82.08010196685791,1,1_ModerateDamage,1_ModerateDamage,grid_0.005_23284_19583,grid_0.005_23284_19583,8isur9JBeVPXWMDpmQNSqw,792672262389159,792672262389159,2022-10-20T15:56:38Z,train
002685,train,26.572489325624986,-81.94371700286865,1,1_ModerateDamage,1_ModerateDamage,grid_0.005_23314_19611,grid_0.005_23314_19611,n08LMX7RkoOsFI4BAj52zT,792696069177427,792696069177427,2022-10-01T19:30:48Z,train
002686,train,26.42849954675249,-82.1025735139847,1,1_ModerateDamage,1_ModerateDamage,grid_0.005_23285_19579,grid_0.005_23285_19579,Rd8l2zEjuKLNrOXf5Q3CDB,792767135675820,792767135675820,2022-10-20T13:53:27Z,train
002687,train,26.47378553608897,-82.16866850852966,1,1_ModerateDamage,1_ModerateDamage,grid_0.005_23294_19566,grid_0.005_23294_19566,V9j3Lpa2hEK7wUbA8cGd65,793493892455205,793493892455205,2022-10-20T14:28:05Z,train
002688,train,26.43230408191917,-82.09680140018462,1,1_ModerateDamage,1_ModerateDamage,grid_0.005_23286_19580,grid_0.005_23286_19580,5ZrTVbvnpkBCqAUuj4foc1,794121968782171,794121968782171,2022-10-22T18:26:10Z,train
002689,val,26.45105111196895,-82.03891932964325,1,1_ModerateDamage,1_ModerateDamage,grid_0.005_23290_19592,grid_0.005_23290_19592,0YIfZrHA3aCDs75ngd9Kcx,794165719161876,794165719161876,2022-10-20T16:35:22Z,train
002690,train,26.502708524158663,-81.97750747203827,1,1_ModerateDamage,1_ModerateDamage,grid_0.005_23300_19604,grid_0.005_23300_19604,X5lqZsudxrJMCFcQmwtD9L,794688325389556,794688325389556,2022-10-02T17:22:58Z,train
002692,train,26.438510200566128,-82.07664728164674,1,1_ModerateDamage,1_ModerateDamage,grid_0.005_23287_19584,grid_0.005_23287_19584,eGaqwKdfoI8yJ7kgjAtD3F,795234105545512,795234105545512,2022-10-22T17:32:02Z,train
002693,test,26.4268230134944,-82.09629714488982,1,1_ModerateDamage,1_ModerateDamage,grid_0.005_23285_19580,grid_0.005_23285_19580,mlt8kfA0uSC5rYi7VQhg2P,796947295395128,796947295395128,2022-10-20T15:51:34Z,train
002694,test,26.42739947467166,-82.09951043128969,1,1_ModerateDamage,1_ModerateDamage,grid_0.005_23285_19580,grid_0.005_23285_19580,n0eqGd6TKA3CmjSspwxEUl,797460675123028,797460675123028,2022-10-22T18:36:59Z,train
002695,train,26.42464204262544,-82.09053039550781,1,1_ModerateDamage,1_ModerateDamage,grid_0.005_23284_19581,grid_0.005_23284_19581,8isur9JBeVPXWMDpmQNSqw,798083245210226,798083245210226,2022-10-20T15:52:47Z,train
002696,train,26.430152037048728,-82.06866502761842,1,1_ModerateDamage,1_ModerateDamage,grid_0.005_23286_19586,grid_0.005_23286_19586,njtp7LVIeUbyEwXSkgYzCT,798658918660209,798658918660209,2022-10-20T13:42:02Z,train
002697,train,26.429594804596093,-82.09353446960449,1,1_ModerateDamage,1_ModerateDamage,grid_0.005_23285_19581,grid_0.005_23285_19581,8DuCakHvNX3A4ErGBom1lf,799255734917535,799255734917535,2022-10-22T18:47:16Z,train
002698,train,26.42976773909382,-82.09235429763794,1,1_ModerateDamage,1_ModerateDamage,grid_0.005_23285_19581,grid_0.005_23285_19581,8DuCakHvNX3A4ErGBom1lf,799346875057102,799346875057102,2022-10-22T18:45:19Z,train
002699,val,26.45113276030781,-82.03888714313507,1,1_ModerateDamage,1_ModerateDamage,grid_0.005_23290_19592,grid_0.005_23290_19592,ZoPOLpxfckCaEiQWqzs2Hg,799388144957541,799388144957541,2022-10-20T16:06:54Z,train
002700,train,26.43035379296218,-82.09958553314209,1,1_ModerateDamage,1_ModerateDamage,grid_0.005_23286_19580,grid_0.005_23286_19580,0M2YgdFsf6GZmIwQJy5APK,799514974911710,799514974911710,2022-10-22T18:18:31Z,train
002701,train,26.43808750340148,-82.07736611366272,1,1_ModerateDamage,1_ModerateDamage,grid_0.005_23287_19584,grid_0.005_23287_19584,eGaqwKdfoI8yJ7kgjAtD3F,801183031654490,801183031654490,2022-10-22T17:32:18Z,train
002702,train,26.449101140324306,-82.03185439109802,1,1_ModerateDamage,1_ModerateDamage,grid_0.005_23289_19593,grid_0.005_23289_19593,9UT5ZHyS3c7kMrjfsgzh10,801717178227166,801717178227166,2022-10-20T18:07:46Z,train
002703,train,26.446214545336048,-82.05770015716551,1,1_ModerateDamage,1_ModerateDamage,grid_0.005_23289_19588,grid_0.005_23289_19588,mOxFlgIhNsDMV6H72nawdZ,801850384745804,801850384745804,2022-10-22T16:52:10Z,train
002704,train,26.42903276568676,-82.09419429302216,1,1_ModerateDamage,1_ModerateDamage,grid_0.005_23285_19581,grid_0.005_23285_19581,8DuCakHvNX3A4ErGBom1lf,802280778272325,802280778272325,2022-10-22T18:40:21Z,train
002705,val,26.44208865420238,-82.046799659729,1,1_ModerateDamage,1_ModerateDamage,grid_0.005_23288_19590,grid_0.005_23288_19590,CDu3ifjIyq6W2ZEgm9Jecs,803406951362044,803406951362044,2022-10-22T19:40:26Z,train
002706,test,26.443620870835915,-82.06386923789978,1,1_ModerateDamage,1_ModerateDamage,grid_0.005_23288_19587,grid_0.005_23288_19587,wsuK3zob9RL5EY1FcZThlt,803441491522509,803441491522509,2022-10-22T17:02:19Z,train
002707,train,26.42835543310364,-82.10229992866516,1,1_ModerateDamage,1_ModerateDamage,grid_0.005_23285_19579,grid_0.005_23285_19579,mlt8kfA0uSC5rYi7VQhg2P,803991981126036,803991981126036,2022-10-20T15:50:26Z,train
002708,train,26.434105427870406,-82.09942996501923,1,1_ModerateDamage,1_ModerateDamage,grid_0.005_23286_19580,grid_0.005_23286_19580,0M2YgdFsf6GZmIwQJy5APK,804229574416211,804229574416211,2022-10-22T18:20:33Z,train
002709,train,26.455339972832903,-82.04149425029755,1,1_ModerateDamage,1_ModerateDamage,grid_0.005_23291_19591,grid_0.005_23291_19591,0YIfZrHA3aCDs75ngd9Kcx,804232291338756,804232291338756,2022-10-20T16:33:41Z,train
002710,train,26.481233036726096,-82.17746615409851,1,1_ModerateDamage,1_ModerateDamage,grid_0.005_23296_19564,grid_0.005_23296_19564,2FqKfe7p8ltGyoBMwk1naW,804458937981453,804458937981453,2022-10-20T15:20:11Z,train
002711,train,26.435556091342978,-82.07960307598114,1,1_ModerateDamage,1_ModerateDamage,grid_0.005_23287_19584,grid_0.005_23287_19584,lAtIQeO0Rwg2YVoC6Pa93F,805348571027556,805348571027556,2022-10-22T19:28:54Z,train
002712,train,26.433461750149903,-82.11327016353606,1,1_ModerateDamage,1_ModerateDamage,grid_0.005_23286_19577,grid_0.005_23286_19577,ycDhTuH2zOedjnQ5SsbA70,805769311059049,805769311059049,2022-10-22T17:56:54Z,train
002713,train,26.51311594621289,-81.96409106254578,1,1_ModerateDamage,1_ModerateDamage,grid_0.005_23302_19607,grid_0.005_23302_19607,UiTVbHcRCdI730PgBtJYFL,806719344276353,806719344276353,2022-10-02T16:16:18Z,train
002714,train,26.45785654246425,-82.04378485679628,1,1_ModerateDamage,1_ModerateDamage,grid_0.005_23291_19591,grid_0.005_23291_19591,0YIfZrHA3aCDs75ngd9Kcx,807235770849734,807235770849734,2022-10-20T16:30:16Z,test
002715,val,26.45026344266843,-82.03931629657745,1,1_ModerateDamage,1_ModerateDamage,grid_0.005_23290_19592,grid_0.005_23290_19592,0YIfZrHA3aCDs75ngd9Kcx,807781897477984,807781897477984,2022-10-20T16:36:29Z,train
002716,train,26.43066122986553,-82.09477365016937,1,1_ModerateDamage,1_ModerateDamage,grid_0.005_23286_19581,grid_0.005_23286_19581,8DuCakHvNX3A4ErGBom1lf,807831967315971,807831967315971,2022-10-22T18:43:17Z,train
002717,train,26.455608921830816,-82.14210391044617,1,1_ModerateDamage,1_ModerateDamage,grid_0.005_23291_19571,grid_0.005_23291_19571,5bepm7EUv2gLRdyB0VZTJ1,808531784184390,808531784184390,2022-10-20T15:39:29Z,train
002718,test,26.42894149415227,-82.09954798221588,1,1_ModerateDamage,1_ModerateDamage,grid_0.005_23285_19580,grid_0.005_23285_19580,n0eqGd6TKA3CmjSspwxEUl,808826120984091,808826120984091,2022-10-22T18:31:34Z,train
002719,train,26.45095505502563,-82.04834997653961,1,1_ModerateDamage,1_ModerateDamage,grid_0.005_23290_19590,grid_0.005_23290_19590,cy8maM4ht0X3eRY9jKSwxo,810048967400270,810048967400270,2022-10-20T16:49:18Z,train
002720,train,26.433562625254098,-82.05462098121643,1,1_ModerateDamage,1_ModerateDamage,grid_0.005_23286_19589,grid_0.005_23286_19589,NyYzSUec6DpPEo8ZrBnL17,810671560680935,810671560680935,2022-10-21T19:19:32Z,train
002721,val,26.439139440064,-82.06695914268495,1,1_ModerateDamage,1_ModerateDamage,grid_0.005_23287_19586,grid_0.005_23287_19586,GIdmeE2xtHZPsDkr8qAcoB,810704227035754,810704227035754,2022-10-22T17:23:38Z,train
002722,train,26.571817635874623,-81.90303325653076,1,1_ModerateDamage,1_ModerateDamage,grid_0.005_23314_19619,grid_0.005_23314_19619,R6NX8Ev17S4qMjZcJWGtfd,810830220457605,810830220457605,2022-10-11T15:18:23Z,train
002723,train,26.42386380074214,-82.0857721567154,1,1_ModerateDamage,1_ModerateDamage,grid_0.005_23284_19582,grid_0.005_23284_19582,aLbXpouwqyjD4cWNZMfF2Y,810964877362604,810964877362604,2022-10-20T13:45:27Z,train
002724,train,26.46396523837595,-82.1525913476944,1,1_ModerateDamage,1_ModerateDamage,grid_0.005_23292_19569,grid_0.005_23292_19569,5bepm7EUv2gLRdyB0VZTJ1,811437903681793,811437903681793,2022-10-20T15:36:40Z,train
002725,test,26.428326610352244,-82.09611475467682,1,1_ModerateDamage,1_ModerateDamage,grid_0.005_23285_19580,grid_0.005_23285_19580,n0eqGd6TKA3CmjSspwxEUl,812102446982710,812102446982710,2022-10-22T18:39:02Z,test
002726,train,26.48012866669528,-82.18067407608032,1,1_ModerateDamage,1_ModerateDamage,grid_0.005_23296_19563,grid_0.005_23296_19563,SyLB57XMjdtCGqc6ZnJ4Pv,812327293488379,812327293488379,2022-10-20T14:29:42Z,train
002727,val,26.44373134334791,-82.05550611019135,1,1_ModerateDamage,1_ModerateDamage,grid_0.005_23288_19588,grid_0.005_23288_19588,wsuK3zob9RL5EY1FcZThlt,813620836784552,813620836784552,2022-10-22T17:07:31Z,train
002728,val,26.44403394142516,-82.04927802085876,1,1_ModerateDamage,1_ModerateDamage,grid_0.005_23288_19590,grid_0.005_23288_19590,ZoPOLpxfckCaEiQWqzs2Hg,814151553409816,814151553409816,2022-10-20T16:03:57Z,train
002729,train,26.43033938183721,-82.09999859333038,1,1_ModerateDamage,1_ModerateDamage,grid_0.005_23286_19580,grid_0.005_23286_19580,5ZrTVbvnpkBCqAUuj4foc1,816087643414609,816087643414609,2022-10-22T18:24:21Z,train
002730,train,26.48151632993804,-82.17711746692657,1,1_ModerateDamage,1_ModerateDamage,grid_0.005_23296_19564,grid_0.005_23296_19564,5yBCsRpucFZLO3HxAkG92Q,817818136216632,817818136216632,2022-10-20T15:23:50Z,train
002731,train,26.51286633273537,-81.974578499794,1,1_ModerateDamage,1_ModerateDamage,grid_0.005_23302_19605,grid_0.005_23302_19605,edntlwFA590gu1YVE4vSCf,817883313028327,817883313028327,2022-10-02T17:08:07Z,train
002732,train,26.52743901071676,-82.1920144557953,1,1_ModerateDamage,1_ModerateDamage,grid_0.005_23305_19561,grid_0.005_23305_19561,UrYR9Pj1lqNfZIh4g76Ozp,818173859905954,818173859905954,2022-10-20T14:46:39Z,train
002733,train,26.51264552036073,-82.19103813171387,1,1_ModerateDamage,1_ModerateDamage,grid_0.005_23302_19561,grid_0.005_23302_19561,5lx9r3DNnpsEXKTiPI0abv,818374569924300,818374569924300,2022-10-20T14:35:10Z,train
002734,train,26.4404363350594,-82.03836679458618,1,1_ModerateDamage,1_ModerateDamage,grid_0.005_23288_19592,grid_0.005_23288_19592,oAbgmNBZR9JTjufiX5eCxP,820406222567387,820406222567387,2022-10-20T17:03:27Z,train
002735,train,26.442583384684752,-82.03388750553131,1,1_ModerateDamage,1_ModerateDamage,grid_0.005_23288_19593,grid_0.005_23288_19593,oAbgmNBZR9JTjufiX5eCxP,820585989432124,820585989432124,2022-10-20T17:04:45Z,train
002736,test,26.44969189876672,-82.02953159809113,1,1_ModerateDamage,1_ModerateDamage,grid_0.005_23289_19594,grid_0.005_23289_19594,qLOwB6Mxsdzou8VFbWP7SU,821104816019429,821104816019429,2022-10-20T17:27:20Z,train
002737,train,26.44272748054225,-82.10836172103882,1,1_ModerateDamage,1_ModerateDamage,grid_0.005_23288_19578,grid_0.005_23288_19578,2Paqk0DWtz8RdQbBmMsEnO,821365429117564,821365429117564,2022-10-20T14:19:04Z,train
002738,train,26.46024819315572,-82.04513669013977,1,1_ModerateDamage,1_ModerateDamage,grid_0.005_23292_19590,grid_0.005_23292_19590,0YIfZrHA3aCDs75ngd9Kcx,821693592640533,821693592640533,2022-10-20T16:28:07Z,train
002739,train,26.493990142469386,-81.9574499130249,1,1_ModerateDamage,1_ModerateDamage,grid_0.005_23298_19608,grid_0.005_23298_19608,gti6f8hpWRsqrUX3FwLajT,821726696140469,821726696140469,2022-09-30T16:37:25Z,train
002740,train,26.42964764572013,-82.10589408874512,1,1_ModerateDamage,1_ModerateDamage,grid_0.005_23285_19578,grid_0.005_23285_19578,0M2YgdFsf6GZmIwQJy5APK,822113622678091,822113622678091,2022-10-22T18:16:42Z,train
002741,val,26.43922109684617,-82.06968426704407,1,1_ModerateDamage,1_ModerateDamage,grid_0.005_23287_19586,grid_0.005_23287_19586,eGaqwKdfoI8yJ7kgjAtD3F,822220136000965,822220136000965,2022-10-22T17:28:54Z,train
002742,train,26.45073892661016,-82.05029726028441,1,1_ModerateDamage,1_ModerateDamage,grid_0.005_23290_19589,grid_0.005_23290_19589,6e3WJg5uL72BZAq0QDM9hj,822509609213368,822509609213368,2022-10-20T16:54:51Z,test
002743,train,26.44220873461181,-82.10802376270294,1,1_ModerateDamage,1_ModerateDamage,grid_0.005_23288_19578,grid_0.005_23288_19578,eXyup5h9qxj1LgGNY3DQiP,822561749510773,822561749510773,2022-10-22T17:37:27Z,train
002744,train,26.626346013655265,-81.86549305915833,1,1_ModerateDamage,1_ModerateDamage,grid_0.005_23325_19626,grid_0.005_23325_19626,0n7hGLKEry3cxT9IVFBND1,823043385535770,823043385535770,2022-09-30T20:14:10Z,train
002745,train,26.42981577640822,-82.1063232421875,1,1_ModerateDamage,1_ModerateDamage,grid_0.005_23285_19578,grid_0.005_23285_19578,Rd8l2zEjuKLNrOXf5Q3CDB,823203969171623,823203969171623,2022-10-20T13:54:04Z,train
002746,train,26.44023459679663,-82.06641733646394,1,1_ModerateDamage,1_ModerateDamage,grid_0.005_23288_19586,grid_0.005_23288_19586,wJ8ZYp4KuVjgI6xsXOUWkA,825283792552757,825283792552757,2022-10-22T17:14:30Z,train
002747,val,26.450503586318703,-82.03905880451201,1,1_ModerateDamage,1_ModerateDamage,grid_0.005_23290_19592,grid_0.005_23290_19592,ZoPOLpxfckCaEiQWqzs2Hg,825403585686814,825403585686814,2022-10-20T16:06:31Z,train
002748,train,26.43026252247364,-82.06391215324402,1,1_ModerateDamage,1_ModerateDamage,grid_0.005_23286_19587,grid_0.005_23286_19587,njtp7LVIeUbyEwXSkgYzCT,826408458832627,826408458832627,2022-10-20T13:40:53Z,train
002749,train,26.44009530112335,-82.09986448287964,1,1_ModerateDamage,1_ModerateDamage,grid_0.005_23288_19580,grid_0.005_23288_19580,eXyup5h9qxj1LgGNY3DQiP,826659835784984,826659835784984,2022-10-22T17:36:10Z,train
002750,train,26.438294048800657,-82.0868021249771,1,1_ModerateDamage,1_ModerateDamage,grid_0.005_23287_19582,grid_0.005_23287_19582,eGaqwKdfoI8yJ7kgjAtD3F,827159192491770,827159192491770,2022-10-22T17:34:27Z,train
002751,train,26.596015172320406,-81.92758619785309,1,1_ModerateDamage,1_ModerateDamage,grid_0.005_23319_19614,grid_0.005_23319_19614,z5iyQfRGHW02FmvOT8nj4o,827545571788383,827545571788383,2022-10-02T11:13:43.500000Z,train
002752,test,26.4493316805648,-82.03934848308563,1,1_ModerateDamage,1_ModerateDamage,grid_0.005_23289_19592,grid_0.005_23289_19592,ZoPOLpxfckCaEiQWqzs2Hg,827592552124700,827592552124700,2022-10-20T16:06:00Z,train
002753,train,26.588896523257205,-81.93782150745392,1,1_ModerateDamage,1_ModerateDamage,grid_0.005_23317_19612,grid_0.005_23317_19612,wiH9IhMKLGuXlbgzVC2asf,827675005175704,827675005175704,2022-10-02T11:20:27Z,train
002754,train,26.44620493924195,-82.05990493297577,1,1_ModerateDamage,1_ModerateDamage,grid_0.005_23289_19588,grid_0.005_23289_19588,mOxFlgIhNsDMV6H72nawdZ,828770151914052,828770151914052,2022-10-22T16:52:46Z,train
002755,train,26.4381067169426,-82.0775431394577,1,1_ModerateDamage,1_ModerateDamage,grid_0.005_23287_19584,grid_0.005_23287_19584,eGaqwKdfoI8yJ7kgjAtD3F,829760685245436,829760685245436,2022-10-22T17:32:34Z,train
002756,train,26.511018216073,-81.97542071342468,1,1_ModerateDamage,1_ModerateDamage,grid_0.005_23302_19604,grid_0.005_23302_19604,edntlwFA590gu1YVE4vSCf,830157135022884,830157135022884,2022-10-02T17:11:13Z,train
002757,train,26.43835649268567,-82.08637833595276,1,1_ModerateDamage,1_ModerateDamage,grid_0.005_23287_19582,grid_0.005_23287_19582,eGaqwKdfoI8yJ7kgjAtD3F,832221281961042,832221281961042,2022-10-22T17:34:24Z,train
002758,train,26.428009559611297,-82.08013951778412,1,1_ModerateDamage,1_ModerateDamage,grid_0.005_23285_19583,grid_0.005_23285_19583,8isur9JBeVPXWMDpmQNSqw,832360115139249,832360115139249,2022-10-20T15:57:10Z,train
002759,train,26.42891267154738,-82.10357666015625,1,1_ModerateDamage,1_ModerateDamage,grid_0.005_23285_19579,grid_0.005_23285_19579,0M2YgdFsf6GZmIwQJy5APK,833679728327907,833679728327907,2022-10-22T18:17:07Z,test
002760,train,26.450806166605105,-82.02011168003082,1,1_ModerateDamage,1_ModerateDamage,grid_0.005_23290_19595,grid_0.005_23290_19595,2GE5DnWJXaevYfqkA4pId1,833769895135624,833769895135624,2022-10-20T17:10:09Z,train
002761,train,26.59601037553616,-81.92910969257355,1,1_ModerateDamage,1_ModerateDamage,grid_0.005_23319_19614,grid_0.005_23319_19614,z5iyQfRGHW02FmvOT8nj4o,834625774422738,834625774422738,2022-10-02T11:13:27.666000Z,train
002763,train,26.450911829374974,-82.02296555042267,1,1_ModerateDamage,1_ModerateDamage,grid_0.005_23290_19595,grid_0.005_23290_19595,oA4ekOPWvzdE6Gc3J0qSLM,834867400915522,834867400915522,2022-10-21T17:52:03Z,train
002764,train,26.431103168977543,-82.10372686386108,1,1_ModerateDamage,1_ModerateDamage,grid_0.005_23286_19579,grid_0.005_23286_19579,5ZrTVbvnpkBCqAUuj4foc1,835309764875096,835309764875096,2022-10-22T18:22:36Z,train
002765,test,26.44632501536072,-82.03846335411072,1,1_ModerateDamage,1_ModerateDamage,grid_0.005_23289_19592,grid_0.005_23289_19592,oAbgmNBZR9JTjufiX5eCxP,835797214076854,835797214076854,2022-10-20T17:02:14Z,train
002766,train,26.45578181728344,-82.04189658164978,1,1_ModerateDamage,1_ModerateDamage,grid_0.005_23291_19591,grid_0.005_23291_19591,0YIfZrHA3aCDs75ngd9Kcx,837608567791221,837608567791221,2022-10-20T16:33:36Z,train
002767,train,26.4295851971164,-82.09235966205597,1,1_ModerateDamage,1_ModerateDamage,grid_0.005_23285_19581,grid_0.005_23285_19581,8DuCakHvNX3A4ErGBom1lf,837958073860186,837958073860186,2022-10-22T18:45:13Z,train
002768,train,26.485175071087696,-82.00554192066193,1,1_ModerateDamage,1_ModerateDamage,grid_0.005_23297_19598,grid_0.005_23297_19598,5G4oivF6N8ElUMxufdBjA7,840624547009287,840624547009287,2022-10-21T21:30:46Z,train
002769,train,26.503822278578166,-81.97799563407898,1,1_ModerateDamage,1_ModerateDamage,grid_0.005_23300_19604,grid_0.005_23300_19604,gGiay1PDJMqSpoxQ67F2fE,841348900840824,841348900840824,2022-10-02T15:44:52Z,train
002770,train,26.58898766778846,-81.9363409280777,1,1_ModerateDamage,1_ModerateDamage,grid_0.005_23317_19612,grid_0.005_23317_19612,RzaBZgGVuFHNtYlpPnj9wq,841909703674599,841909703674599,2022-10-02T11:24:44.333000Z,train
002771,train,26.4502106109982,-82.02742338180542,1,1_ModerateDamage,1_ModerateDamage,grid_0.005_23290_19594,grid_0.005_23290_19594,qLOwB6Mxsdzou8VFbWP7SU,843033487243377,843033487243377,2022-10-20T17:27:01Z,train
002772,train,26.4360316359906,-82.11395680904388,1,1_ModerateDamage,1_ModerateDamage,grid_0.005_23287_19577,grid_0.005_23287_19577,ycDhTuH2zOedjnQ5SsbA70,843853413772913,843853413772913,2022-10-22T17:51:14Z,train
002773,test,26.443539217172017,-82.06084370613098,1,1_ModerateDamage,1_ModerateDamage,grid_0.005_23288_19587,grid_0.005_23288_19587,mOxFlgIhNsDMV6H72nawdZ,844191453949175,844191453949175,2022-10-22T16:50:23Z,train
002774,train,26.43618054350712,-82.0773983001709,1,1_ModerateDamage,1_ModerateDamage,grid_0.005_23287_19584,grid_0.005_23287_19584,lAtIQeO0Rwg2YVoC6Pa93F,846154500514734,846154500514734,2022-10-22T19:29:16Z,train
002775,test,26.44935569514664,-82.02881813049316,1,1_ModerateDamage,1_ModerateDamage,grid_0.005_23289_19594,grid_0.005_23289_19594,nyw9GxcmVequiNU27Ka6LA,847731372971163,847731372971163,2022-10-21T18:41:38Z,train
002776,train,26.423940664371813,-82.08660900592803,1,1_ModerateDamage,1_ModerateDamage,grid_0.005_23284_19582,grid_0.005_23284_19582,yILRGFcu1KtAQg0WzVjEhZ,848028650028440,848028650028440,2022-10-22T19:05:37Z,train
002777,train,26.460358649718216,-82.04773306846619,1,1_ModerateDamage,1_ModerateDamage,grid_0.005_23292_19590,grid_0.005_23292_19590,tTMujQinkPSmUalNr8ODYC,848641789536705,848641789536705,2022-10-21T18:59:57Z,train
002778,train,26.56426085482165,-81.90642893314362,1,1_ModerateDamage,1_ModerateDamage,grid_0.005_23312_19618,grid_0.005_23312_19618,x5dDWwRLGpSfraO7AbKz16,851273683174828,851273683174828,2022-09-29T19:17:23Z,train
002779,train,26.451925226471403,-82.02640414237976,1,1_ModerateDamage,1_ModerateDamage,grid_0.005_23290_19594,grid_0.005_23290_19594,oA4ekOPWvzdE6Gc3J0qSLM,851748866117558,851748866117558,2022-10-21T17:53:41Z,train
002780,train,26.4438898472018,-82.03104436397552,1,1_ModerateDamage,1_ModerateDamage,grid_0.005_23288_19593,grid_0.005_23288_19593,n8NHRsX3PiA1YpCSMoy20F,852453019187948,852453019187948,2022-10-21T18:49:04Z,train
002781,train,26.434398444149465,-82.05323696136475,1,1_ModerateDamage,1_ModerateDamage,grid_0.005_23286_19589,grid_0.005_23286_19589,cK9RIBTNm6s1M7DYd2raCk,852863159275135,852863159275135,2022-10-21T19:26:34Z,train
002782,test,26.427370651681272,-82.09858238697053,1,1_ModerateDamage,1_ModerateDamage,grid_0.005_23285_19580,grid_0.005_23285_19580,mlt8kfA0uSC5rYi7VQhg2P,853930602964035,853930602964035,2022-10-20T15:51:06Z,train
002783,val,26.45296743124516,-82.03852236270905,1,1_ModerateDamage,1_ModerateDamage,grid_0.005_23290_19592,grid_0.005_23290_19592,uGWfqep3o2ws7cldtXQBLk,854165665810698,854165665810698,2022-10-21T19:05:16Z,train
002784,val,26.45104150627824,-82.0388925075531,1,1_ModerateDamage,1_ModerateDamage,grid_0.005_23290_19592,grid_0.005_23290_19592,uGWfqep3o2ws7cldtXQBLk,855137695594397,855137695594397,2022-10-21T19:05:48Z,train
002786,train,26.45082057517032,-82.02009558677673,1,1_ModerateDamage,1_ModerateDamage,grid_0.005_23290_19595,grid_0.005_23290_19595,DtjgKvhZzkac5eR0ICSP47,855682775656212,855682775656212,2022-10-21T17:42:02Z,train
002787,train,26.450815772315465,-82.02016532421112,1,1_ModerateDamage,1_ModerateDamage,grid_0.005_23290_19595,grid_0.005_23290_19595,DtjgKvhZzkac5eR0ICSP47,857942628868423,857942628868423,2022-10-21T17:45:38Z,train
002788,val,26.4395092967913,-82.06516206264496,1,1_ModerateDamage,1_ModerateDamage,grid_0.005_23287_19586,grid_0.005_23287_19586,ojkNER9alymT7XHIBhWvS2,858945051843889,858945051843889,2022-10-21T16:44:58Z,train
002789,train,26.451637057588343,-82.02098608016968,1,1_ModerateDamage,1_ModerateDamage,grid_0.005_23290_19595,grid_0.005_23290_19595,DtjgKvhZzkac5eR0ICSP47,8602029193201375,8602029193201375,2022-10-21T17:42:38Z,train
002790,train,26.604663447309377,-81.87532067298889,1,1_ModerateDamage,1_ModerateDamage,grid_0.005_23320_19624,grid_0.005_23320_19624,vcSl4NqPnwEhQ5OeCxbJXf,860886895605359,860886895605359,2022-09-30T19:20:38Z,train
002791,train,26.43673294067784,-82.04693913459778,1,1_ModerateDamage,1_ModerateDamage,grid_0.005_23287_19590,grid_0.005_23287_19590,PioLgY63BXl1ItahOyTeME,861908131721757,861908131721757,2022-10-21T17:09:40Z,train
002792,test,26.449735124875247,-82.03925728797913,1,1_ModerateDamage,1_ModerateDamage,grid_0.005_23289_19592,grid_0.005_23289_19592,uGWfqep3o2ws7cldtXQBLk,862363751642952,862363751642952,2022-10-21T19:06:02Z,train
002793,train,26.451608240660363,-82.025728225708,1,1_ModerateDamage,1_ModerateDamage,grid_0.005_23290_19594,grid_0.005_23290_19594,oA4ekOPWvzdE6Gc3J0qSLM,862849921667506,862849921667506,2022-10-21T17:57:57Z,train
002794,train,26.438034666146866,-82.05028653144836,1,1_ModerateDamage,1_ModerateDamage,grid_0.005_23287_19589,grid_0.005_23287_19589,ZD02REoSqG75BNbzd4CTlv,864824018122726,864824018122726,2022-10-21T19:11:17Z,train
002795,train,26.44593116522313,-82.05837070941925,1,1_ModerateDamage,1_ModerateDamage,grid_0.005_23289_19588,grid_0.005_23289_19588,vItnjg2h4oOkUXx819qbfM,866336007974312,866336007974312,2022-10-21T20:16:23Z,train
002796,train,26.44286677303317,-82.03989565372467,1,1_ModerateDamage,1_ModerateDamage,grid_0.005_23288_19592,grid_0.005_23288_19592,PioLgY63BXl1ItahOyTeME,867891570927178,867891570927178,2022-10-21T17:12:50Z,test
002797,train,26.45191562085361,-82.02637195587158,1,1_ModerateDamage,1_ModerateDamage,grid_0.005_23290_19594,grid_0.005_23290_19594,oA4ekOPWvzdE6Gc3J0qSLM,868506511083899,868506511083899,2022-10-21T17:57:39Z,train
002798,train,26.445657390553635,-82.03232109546661,1,1_ModerateDamage,1_ModerateDamage,grid_0.005_23289_19593,grid_0.005_23289_19593,9oftQ5hvKsIWYCqU7guZaA,869664017483738,869664017483738,2022-10-21T18:29:19Z,train
002799,train,26.43747266839398,-82.0802253484726,1,1_ModerateDamage,1_ModerateDamage,grid_0.005_23287_19583,grid_0.005_23287_19583,FDdzYnaCWL8jJN0GwxMkmV,870213370701717,870213370701717,2022-10-21T16:37:14Z,train
002800,val,26.43895691292989,-82.06748485565186,1,1_ModerateDamage,1_ModerateDamage,grid_0.005_23287_19586,grid_0.005_23287_19586,ojkNER9alymT7XHIBhWvS2,871062694221729,871062694221729,2022-10-21T16:44:34Z,train
002801,train,26.429887832342345,-82.0575875043869,1,1_ModerateDamage,1_ModerateDamage,grid_0.005_23285_19588,grid_0.005_23285_19588,d9OWh4IQeMXLPraFD8HZpy,872806863838022,872806863838022,2022-10-21T17:07:04Z,train
002802,train,26.430445063378443,-82.05632150173187,1,1_ModerateDamage,1_ModerateDamage,grid_0.005_23286_19588,grid_0.005_23286_19588,d9OWh4IQeMXLPraFD8HZpy,872892810591584,872892810591584,2022-10-21T17:07:17Z,train
002803,val,26.44052279420673,-82.04715907573699,1,1_ModerateDamage,1_ModerateDamage,grid_0.005_23288_19590,grid_0.005_23288_19590,cK9RIBTNm6s1M7DYd2raCk,872916660617352,872916660617352,2022-10-21T19:29:54Z,train
002804,train,26.43484997597338,-82.05526471138,1,1_ModerateDamage,1_ModerateDamage,grid_0.005_23286_19588,grid_0.005_23286_19588,NyYzSUec6DpPEo8ZrBnL17,873292477154603,873292477154603,2022-10-21T19:22:20Z,train
002805,val,26.440695712306763,-82.04612374305725,1,1_ModerateDamage,1_ModerateDamage,grid_0.005_23288_19590,grid_0.005_23288_19590,uGWfqep3o2ws7cldtXQBLk,873705170607284,873705170607284,2022-10-21T19:08:51Z,train
002806,train,26.445700618176303,-82.04280316829681,1,1_ModerateDamage,1_ModerateDamage,grid_0.005_23289_19591,grid_0.005_23289_19591,cK9RIBTNm6s1M7DYd2raCk,876489903660965,876489903660965,2022-10-21T19:34:11Z,train
002807,train,26.44673327322822,-82.04039990901947,1,1_ModerateDamage,1_ModerateDamage,grid_0.005_23289_19591,grid_0.005_23289_19591,hVtUpWFmwBTMDKgo9CRPIS,876792326977120,876792326977120,2022-10-21T21:21:39Z,train
002808,train,26.44532117515702,-82.0444393157959,1,1_ModerateDamage,1_ModerateDamage,grid_0.005_23289_19591,grid_0.005_23289_19591,6Enx3OZopQHazvV5Aye4tg,879201259794507,879201259794507,2022-10-21T19:34:28Z,train
002809,val,26.440542007341747,-82.0584350824356,1,1_ModerateDamage,1_ModerateDamage,grid_0.005_23288_19588,grid_0.005_23288_19588,X52NQsIPtuAZHEwoBkDhqv,879528536431246,879528536431246,2022-10-21T16:56:56Z,train
002810,train,26.433456946571297,-82.05479264259337,1,1_ModerateDamage,1_ModerateDamage,grid_0.005_23286_19589,grid_0.005_23286_19589,cK9RIBTNm6s1M7DYd2raCk,880138509711152,880138509711152,2022-10-21T19:26:12Z,train
002812,train,26.44393787862961,-82.03090488910675,1,1_ModerateDamage,1_ModerateDamage,grid_0.005_23288_19593,grid_0.005_23288_19593,5bS0CBxDknPTVWIs6OLvru,884530202818866,884530202818866,2022-10-21T17:19:30Z,train
002813,train,26.450604446502503,-82.02493965625763,1,1_ModerateDamage,1_ModerateDamage,grid_0.005_23290_19595,grid_0.005_23290_19595,nyw9GxcmVequiNU27Ka6LA,888237742231443,888237742231443,2022-10-21T18:45:43Z,train
002814,train,26.47827522185568,-82.17845857143402,1,1_ModerateDamage,1_ModerateDamage,grid_0.005_23295_19564,grid_0.005_23295_19564,5yBCsRpucFZLO3HxAkG92Q,888310665983896,888310665983896,2022-10-20T15:30:28Z,train
002815,train,26.446315409275822,-82.0560371875763,1,1_ModerateDamage,1_ModerateDamage,grid_0.005_23289_19588,grid_0.005_23289_19588,6Enx3OZopQHazvV5Aye4tg,888429199001040,888429199001040,2022-10-21T19:37:07Z,train
002816,train,26.44335189384205,-82.05191195011139,1,1_ModerateDamage,1_ModerateDamage,grid_0.005_23288_19589,grid_0.005_23288_19589,6Enx3OZopQHazvV5Aye4tg,889572812188662,889572812188662,2022-10-21T19:35:33Z,test
002817,test,26.449350892230683,-82.02982127666473,1,1_ModerateDamage,1_ModerateDamage,grid_0.005_23289_19594,grid_0.005_23289_19594,nyw9GxcmVequiNU27Ka6LA,891400798957511,891400798957511,2022-10-21T18:41:05Z,train
002818,train,26.447727495158603,-82.02489137649536,1,1_ModerateDamage,1_ModerateDamage,grid_0.005_23289_19595,grid_0.005_23289_19595,5bS0CBxDknPTVWIs6OLvru,893299275346985,893299275346985,2022-10-21T17:21:13Z,train
002819,test,26.446670833883378,-82.02550828456879,1,1_ModerateDamage,1_ModerateDamage,grid_0.005_23289_19594,grid_0.005_23289_19594,n8NHRsX3PiA1YpCSMoy20F,893911958624833,893911958624833,2022-10-21T18:47:43Z,test
002820,train,26.452338267279657,-82.02116847038269,1,1_ModerateDamage,1_ModerateDamage,grid_0.005_23290_19595,grid_0.005_23290_19595,DtjgKvhZzkac5eR0ICSP47,900699294456914,900699294456914,2022-10-21T17:43:25Z,train
002821,val,26.440666892641417,-82.04687476158142,1,1_ModerateDamage,1_ModerateDamage,grid_0.005_23288_19590,grid_0.005_23288_19590,cK9RIBTNm6s1M7DYd2raCk,900744171062855,900744171062855,2022-10-21T19:29:58Z,test
002822,train,26.43143942586244,-82.05412209033966,1,1_ModerateDamage,1_ModerateDamage,grid_0.005_23286_19589,grid_0.005_23286_19589,d9OWh4IQeMXLPraFD8HZpy,901014451241854,901014451241854,2022-10-21T17:07:40Z,train
002823,train,26.45026344266843,-82.02716588973999,1,1_ModerateDamage,1_ModerateDamage,grid_0.005_23290_19594,grid_0.005_23290_19594,oA4ekOPWvzdE6Gc3J0qSLM,904908397436885,904908397436885,2022-10-21T17:58:45Z,train
002824,train,26.43867831832563,-82.0758855342865,1,1_ModerateDamage,1_ModerateDamage,grid_0.005_23287_19584,grid_0.005_23287_19584,FDdzYnaCWL8jJN0GwxMkmV,905546973810821,905546973810821,2022-10-21T16:41:55Z,train
002825,train,26.44808291540889,-82.05171883106232,1,1_ModerateDamage,1_ModerateDamage,grid_0.005_23289_19589,grid_0.005_23289_19589,fkzvtDXqFTJgKBrMpHPWEi,905595770455143,905595770455143,2022-10-21T20:12:39Z,train
002826,train,26.44799646193545,-82.05486238002777,1,1_ModerateDamage,1_ModerateDamage,grid_0.005_23289_19589,grid_0.005_23289_19589,fkzvtDXqFTJgKBrMpHPWEi,906368074137535,906368074137535,2022-10-21T20:11:18Z,train
002827,train,26.549232175179498,-81.9868415594101,1,1_ModerateDamage,1_ModerateDamage,grid_0.005_23309_19602,grid_0.005_23309_19602,LdAR3S0E9p7g5saOr1qQXy,906540377394064,906540377394064,2022-10-02T12:04:58Z,train
002828,test,26.44857762014776,-82.0395416021347,1,1_ModerateDamage,1_ModerateDamage,grid_0.005_23289_19592,grid_0.005_23289_19592,cjXdAN6SYHtunWF5TIOlCq,914477283019315,914477283019315,2022-10-21T18:52:54Z,train
002829,test,26.448678482018224,-82.0395416021347,1,1_ModerateDamage,1_ModerateDamage,grid_0.005_23289_19592,grid_0.005_23289_19592,uGWfqep3o2ws7cldtXQBLk,914758863052968,914758863052968,2022-10-21T19:06:13Z,train
002830,train,26.429253738576307,-82.1045047044754,1,1_ModerateDamage,1_ModerateDamage,grid_0.005_23285_19579,grid_0.005_23285_19579,Rd8l2zEjuKLNrOXf5Q3CDB,916681559424429,916681559424429,2022-10-20T13:53:46Z,train
002831,val,26.439711036323985,-82.06569850444794,1,1_ModerateDamage,1_ModerateDamage,grid_0.005_23287_19586,grid_0.005_23287_19586,bHW0YasAr5m2fTOgSIokNq,919425125790172,919425125790172,2022-10-22T17:18:29Z,train
002832,train,26.430896610690425,-82.08016097545624,1,1_ModerateDamage,1_ModerateDamage,grid_0.005_23286_19583,grid_0.005_23286_19583,8isur9JBeVPXWMDpmQNSqw,921300362284327,921300362284327,2022-10-20T15:57:34Z,train
002833,train,26.64389144527649,-82.05041527748108,1,1_ModerateDamage,1_ModerateDamage,grid_0.005_23328_19589,grid_0.005_23328_19589,drTBZKzuP9aN3QOSstv6cg,925082215219814,925082215219814,2022-10-06T18:22:06Z,train
002834,train,26.43103591748283,-82.08016097545624,1,1_ModerateDamage,1_ModerateDamage,grid_0.005_23286_19583,grid_0.005_23286_19583,8isur9JBeVPXWMDpmQNSqw,925153675239313,925153675239313,2022-10-20T15:57:36Z,train
002835,train,26.4851702696664,-82.00575113296509,1,1_ModerateDamage,1_ModerateDamage,grid_0.005_23297_19598,grid_0.005_23297_19598,o3urlx7HenjaMLPT9hqkEs,925553878503238,925553878503238,2022-10-22T19:57:11Z,train
002836,val,26.43929795023537,-82.06517279148102,1,1_ModerateDamage,1_ModerateDamage,grid_0.005_23287_19586,grid_0.005_23287_19586,X52NQsIPtuAZHEwoBkDhqv,927548971576763,927548971576763,2022-10-21T16:54:16Z,train
002837,train,26.626346013655265,-81.86527848243713,1,1_ModerateDamage,1_ModerateDamage,grid_0.005_23325_19626,grid_0.005_23325_19626,0n7hGLKEry3cxT9IVFBND1,927990845101091,927990845101091,2022-09-30T20:14:08Z,train
002838,train,26.47086114385843,-82.16202735900879,1,1_ModerateDamage,1_ModerateDamage,grid_0.005_23294_19567,grid_0.005_23294_19567,V9j3Lpa2hEK7wUbA8cGd65,928261344899837,928261344899837,2022-10-20T14:27:17Z,train
002839,train,26.54835400175152,-82.19782948493956,1,1_ModerateDamage,1_ModerateDamage,grid_0.005_23309_19560,grid_0.005_23309_19560,pNkvj5h6tMqTefxRbUK4VE,929142018165658,929142018165658,2022-10-20T14:53:13Z,test
002840,train,26.43416787402515,-82.1017473936081,1,1_ModerateDamage,1_ModerateDamage,grid_0.005_23286_19579,grid_0.005_23286_19579,0M2YgdFsf6GZmIwQJy5APK,930180834721144,930180834721144,2022-10-22T18:21:06Z,train
002841,train,26.539005596791228,-82.19439625740051,1,1_ModerateDamage,1_ModerateDamage,grid_0.005_23307_19561,grid_0.005_23307_19561,UrYR9Pj1lqNfZIh4g76Ozp,930911761315120,930911761315120,2022-10-20T14:49:25Z,train
002842,test,26.42736584784884,-82.09852874279022,1,1_ModerateDamage,1_ModerateDamage,grid_0.005_23285_19580,grid_0.005_23285_19580,mlt8kfA0uSC5rYi7VQhg2P,931472001292269,931472001292269,2022-10-20T15:51:07Z,train
002843,train,26.45105111196895,-82.02204287052155,1,1_ModerateDamage,1_ModerateDamage,grid_0.005_23290_19595,grid_0.005_23290_19595,oA4ekOPWvzdE6Gc3J0qSLM,931573918003094,931573918003094,2022-10-21T17:51:29Z,train
002844,train,26.4248149845528,-82.09102392196657,1,1_ModerateDamage,1_ModerateDamage,grid_0.005_23284_19581,grid_0.005_23284_19581,yILRGFcu1KtAQg0WzVjEhZ,932729357795834,932729357795834,2022-10-22T19:01:40Z,train
002845,train,26.4942013886102,-81.95733189582825,1,1_ModerateDamage,1_ModerateDamage,grid_0.005_23298_19608,grid_0.005_23298_19608,gti6f8hpWRsqrUX3FwLajT,933637557934281,933637557934281,2022-09-30T16:35:24Z,train
002846,train,26.442160702463056,-82.10655391216278,1,1_ModerateDamage,1_ModerateDamage,grid_0.005_23288_19578,grid_0.005_23288_19578,eXyup5h9qxj1LgGNY3DQiP,933788278416888,933788278416888,2022-10-22T17:37:02Z,train
002847,train,26.62635560467908,-81.86450064182281,1,1_ModerateDamage,1_ModerateDamage,grid_0.005_23325_19627,grid_0.005_23325_19627,0n7hGLKEry3cxT9IVFBND1,934402027771235,934402027771235,2022-09-30T20:14:00Z,train
002848,train,26.54885307381423,-81.95746064186096,1,1_ModerateDamage,1_ModerateDamage,grid_0.005_23309_19608,grid_0.005_23309_19608,iQ8qdRyzw1sO690ZmthlMa,935701637869002,935701637869002,2022-10-01T19:22:46Z,train
002849,train,26.439787889386395,-82.04610764980316,1,1_ModerateDamage,1_ModerateDamage,grid_0.005_23287_19590,grid_0.005_23287_19590,uGWfqep3o2ws7cldtXQBLk,936040287810068,936040287810068,2022-10-21T19:09:00Z,train
002850,train,26.4381115203274,-82.07732319831848,1,1_ModerateDamage,1_ModerateDamage,grid_0.005_23287_19584,grid_0.005_23287_19584,eGaqwKdfoI8yJ7kgjAtD3F,936535667604303,936535667604303,2022-10-22T17:32:17Z,train
002851,train,26.43671372690764,-82.0755797624588,1,1_ModerateDamage,1_ModerateDamage,grid_0.005_23287_19584,grid_0.005_23287_19584,lAtIQeO0Rwg2YVoC6Pa93F,937544094205272,937544094205272,2022-10-22T19:29:36Z,train
002852,train,26.43802505937072,-82.08021998405457,1,1_ModerateDamage,1_ModerateDamage,grid_0.005_23287_19583,grid_0.005_23287_19583,FDdzYnaCWL8jJN0GwxMkmV,938632467300057,938632467300057,2022-10-21T16:37:21Z,train
002853,train,26.4507293208934,-82.12922394275665,1,1_ModerateDamage,1_ModerateDamage,grid_0.005_23290_19574,grid_0.005_23290_19574,2Paqk0DWtz8RdQbBmMsEnO,938876710527614,938876710527614,2022-10-20T14:22:05Z,train
002854,train,26.430747696346856,-82.0890337228775,1,1_ModerateDamage,1_ModerateDamage,grid_0.005_23286_19582,grid_0.005_23286_19582,8DuCakHvNX3A4ErGBom1lf,939017830726719,939017830726719,2022-10-22T18:51:05Z,train
002855,train,26.42399350808748,-82.08714544773102,1,1_ModerateDamage,1_ModerateDamage,grid_0.005_23284_19582,grid_0.005_23284_19582,8isur9JBeVPXWMDpmQNSqw,939064537385218,939064537385218,2022-10-20T15:54:16Z,train
002856,train,26.442650629440674,-82.03361928462982,1,1_ModerateDamage,1_ModerateDamage,grid_0.005_23288_19593,grid_0.005_23288_19593,oAbgmNBZR9JTjufiX5eCxP,940153480428765,940153480428765,2022-10-20T17:04:49Z,train
002857,val,26.443899453488967,-82.04979300498964,1,1_ModerateDamage,1_ModerateDamage,grid_0.005_23288_19590,grid_0.005_23288_19590,CDu3ifjIyq6W2ZEgm9Jecs,940830367299297,940830367299297,2022-10-22T19:33:39Z,train
002858,train,26.56993208574489,-81.90264165401459,1,1_ModerateDamage,1_ModerateDamage,grid_0.005_23313_19619,grid_0.005_23313_19619,x5dDWwRLGpSfraO7AbKz16,941132407177770,941132407177770,2022-09-29T19:15:41Z,train
002859,train,26.45228543656124,-82.04766869544983,1,1_ModerateDamage,1_ModerateDamage,grid_0.005_23290_19590,grid_0.005_23290_19590,cy8maM4ht0X3eRY9jKSwxo,941432880408304,941432880408304,2022-10-20T16:50:29Z,train
002860,train,26.432169580291912,-82.10180640220642,1,1_ModerateDamage,1_ModerateDamage,grid_0.005_23286_19579,grid_0.005_23286_19579,5ZrTVbvnpkBCqAUuj4foc1,941454513745850,941454513745850,2022-10-22T18:27:45Z,train
002861,train,26.434201498863672,-82.11803376674652,1,1_ModerateDamage,1_ModerateDamage,grid_0.005_23286_19576,grid_0.005_23286_19576,FM0vhu18zH3yVEaAb4LYT6,9415408295200293,9415408295200293,2022-10-20T13:58:07Z,train
002862,val,26.441541085948856,-82.05877304077148,1,1_ModerateDamage,1_ModerateDamage,grid_0.005_23288_19588,grid_0.005_23288_19588,wJ8ZYp4KuVjgI6xsXOUWkA,941734657105016,941734657105016,2022-10-22T17:09:34Z,train
002863,train,26.559006799074,-82.03172028064728,1,1_ModerateDamage,1_ModerateDamage,grid_0.005_23311_19593,grid_0.005_23311_19593,hlR0Dk3AOGdzQXwW45MUnC,942141406866789,942141406866789,2022-10-01T19:01:13Z,train
002864,train,26.69762343313828,-82.05559194087982,1,1_ModerateDamage,1_ModerateDamage,grid_0.005_23339_19588,grid_0.005_23339_19588,sd2tRl8cCQY59mo7ZzjiGp,942797873478879,942797873478879,2022-10-06T18:33:52Z,train
002865,train,26.44948537380208,-82.03030407428741,1,1_ModerateDamage,1_ModerateDamage,grid_0.005_23289_19593,grid_0.005_23289_19593,qLOwB6Mxsdzou8VFbWP7SU,942972890321863,942972890321863,2022-10-20T17:27:27Z,train
002866,train,26.45717457673797,-82.14363276958466,1,1_ModerateDamage,1_ModerateDamage,grid_0.005_23291_19571,grid_0.005_23291_19571,OGaCM4S5pEvYyPLezZc0WK,9431103130297608,9431103130297608,2022-10-20T14:23:41Z,train
002867,train,26.44534999365804,-82.04423010349274,1,1_ModerateDamage,1_ModerateDamage,grid_0.005_23289_19591,grid_0.005_23289_19591,vJTbXQK6BOxPeaoVgcHlrM,944169686843551,944169686843551,2022-10-22T19:47:57Z,train
002868,train,26.426280176583973,-82.09491312503815,1,1_ModerateDamage,1_ModerateDamage,grid_0.005_23285_19581,grid_0.005_23285_19581,8isur9JBeVPXWMDpmQNSqw,944385376772764,944385376772764,2022-10-20T15:51:50Z,train
002869,train,26.643052356450767,-82.04958379268646,1,1_ModerateDamage,1_ModerateDamage,grid_0.005_23328_19590,grid_0.005_23328_19590,drTBZKzuP9aN3QOSstv6cg,946222006653827,946222006653827,2022-10-06T18:21:07Z,train
002870,train,26.43031536329161,-82.10113048553467,1,1_ModerateDamage,1_ModerateDamage,grid_0.005_23286_19579,grid_0.005_23286_19579,5ZrTVbvnpkBCqAUuj4foc1,947025403051662,947025403051662,2022-10-22T18:24:04Z,train
002871,train,26.4374822752162,-82.08021998405457,1,1_ModerateDamage,1_ModerateDamage,grid_0.005_23287_19583,grid_0.005_23287_19583,FDdzYnaCWL8jJN0GwxMkmV,947131796696794,947131796696794,2022-10-21T16:39:49Z,train
002872,train,26.450858998002147,-82.02042281627655,1,1_ModerateDamage,1_ModerateDamage,grid_0.005_23290_19595,grid_0.005_23290_19595,qLOwB6Mxsdzou8VFbWP7SU,947144363001712,947144363001712,2022-10-20T17:25:39Z,train
002873,train,26.450042510067945,-82.02116310596466,1,1_ModerateDamage,1_ModerateDamage,grid_0.005_23290_19595,grid_0.005_23290_19595,DtjgKvhZzkac5eR0ICSP47,947164429739729,947164429739729,2022-10-21T17:48:42Z,train
002874,train,26.42941706609197,-82.10151135921478,1,1_ModerateDamage,1_ModerateDamage,grid_0.005_23285_19579,grid_0.005_23285_19579,0M2YgdFsf6GZmIwQJy5APK,947277863204530,947277863204530,2022-10-22T18:17:51Z,train
002875,train,26.45691523659879,-82.04951405525208,1,1_ModerateDamage,1_ModerateDamage,grid_0.005_23291_19590,grid_0.005_23291_19590,YokgWzSGxZtXC8EUIeavm5,947905643163698,947905643163698,2022-10-20T16:40:05Z,train
002876,train,26.5204648998888,-81.96260511875153,1,1_ModerateDamage,1_ModerateDamage,grid_0.005_23304_19607,grid_0.005_23304_19607,dVQlYJ0PO3AqDIKywBcUbt,948022366417456,948022366417456,2022-10-02T16:31:21Z,train
002877,train,26.42502155373718,-82.09068059921265,1,1_ModerateDamage,1_ModerateDamage,grid_0.005_23285_19581,grid_0.005_23285_19581,yILRGFcu1KtAQg0WzVjEhZ,949481793003260,949481793003260,2022-10-22T19:04:25Z,train
002878,train,26.560906923749585,-81.95773959159851,1,1_ModerateDamage,1_ModerateDamage,grid_0.005_23312_19608,grid_0.005_23312_19608,7rpiSYZ6TfnMsH4vtXo8Q9,949573246016606,949573246016606,2022-10-02T11:47:05.500000Z,train
002879,train,26.42950833724994,-82.09253132343292,1,1_ModerateDamage,1_ModerateDamage,grid_0.005_23285_19581,grid_0.005_23285_19581,8DuCakHvNX3A4ErGBom1lf,950169256318992,950169256318992,2022-10-22T18:45:05Z,train
002880,val,26.451838775882223,-82.0371276140213,1,1_ModerateDamage,1_ModerateDamage,grid_0.005_23290_19592,grid_0.005_23290_19592,vJTbXQK6BOxPeaoVgcHlrM,953000405984341,953000405984341,2022-10-22T19:49:59Z,train
002881,train,26.423537129744417,-82.08064913749695,1,1_ModerateDamage,1_ModerateDamage,grid_0.005_23284_19583,grid_0.005_23284_19583,aLbXpouwqyjD4cWNZMfF2Y,953758449254277,953758449254277,2022-10-20T13:44:42Z,train
002882,val,26.4435007918984,-82.05981373786926,1,1_ModerateDamage,1_ModerateDamage,grid_0.005_23288_19588,grid_0.005_23288_19588,mOxFlgIhNsDMV6H72nawdZ,954303482531773,954303482531773,2022-10-22T16:50:38Z,train
002883,train,26.645473710287494,-82.05593526363373,1,1_ModerateDamage,1_ModerateDamage,grid_0.005_23329_19588,grid_0.005_23329_19588,hpNV8qm2UeKswaICARQF7n,954863332512005,954863332512005,2022-10-01T18:42:31Z,test
002884,test,26.42701997138748,-82.09693014621735,1,1_ModerateDamage,1_ModerateDamage,grid_0.005_23285_19580,grid_0.005_23285_19580,mlt8kfA0uSC5rYi7VQhg2P,9549781681758635,9549781681758635,2022-10-20T15:51:26Z,train
002885,train,26.429791757753502,-82.10628032684326,1,1_ModerateDamage,1_ModerateDamage,grid_0.005_23285_19578,grid_0.005_23285_19578,mlt8kfA0uSC5rYi7VQhg2P,955646218974085,955646218974085,2022-10-20T15:49:07Z,train
002886,train,26.453899163932714,-82.04919755458832,1,1_ModerateDamage,1_ModerateDamage,grid_0.005_23290_19590,grid_0.005_23290_19590,cy8maM4ht0X3eRY9jKSwxo,956595865649827,956595865649827,2022-10-20T16:52:38Z,train
002887,train,26.60355067208796,-81.87174797058105,1,1_ModerateDamage,1_ModerateDamage,grid_0.005_23320_19625,grid_0.005_23320_19625,3b7Seq5IvynogcVhRjwrHT,9573364149403295,9573364149403295,2022-10-04T17:18:09Z,train
002888,train,26.43944685353104,-82.07863211631775,1,1_ModerateDamage,1_ModerateDamage,grid_0.005_23287_19584,grid_0.005_23287_19584,eGaqwKdfoI8yJ7kgjAtD3F,958006968782991,958006968782991,2022-10-22T17:32:59Z,train
002889,train,26.4289943355758,-82.0596581697464,1,1_ModerateDamage,1_ModerateDamage,grid_0.005_23285_19588,grid_0.005_23285_19588,d9OWh4IQeMXLPraFD8HZpy,958623895121094,958623895121094,2022-10-21T17:06:39Z,train
002890,train,26.42818730028557,-82.10187613964082,1,1_ModerateDamage,1_ModerateDamage,grid_0.005_23285_19579,grid_0.005_23285_19579,Rd8l2zEjuKLNrOXf5Q3CDB,959366072061193,959366072061193,2022-10-20T13:53:20Z,train
002891,train,26.4236332095457,-82.08337426185608,1,1_ModerateDamage,1_ModerateDamage,grid_0.005_23284_19583,grid_0.005_23284_19583,yILRGFcu1KtAQg0WzVjEhZ,960123425109337,960123425109337,2022-10-22T19:06:53Z,train
002892,test,26.4267365440692,-82.09526717662811,1,1_ModerateDamage,1_ModerateDamage,grid_0.005_23285_19580,grid_0.005_23285_19580,2ek5PhnmIQDEKNjtAzLxuV,960559611824086,960559611824086,2022-10-22T18:56:15Z,train
002893,train,26.59609671762192,-81.9285249710083,1,1_ModerateDamage,1_ModerateDamage,grid_0.005_23319_19614,grid_0.005_23319_19614,0v4ndRP6xtjBy2q9OreIHz,960849614889227,960849614889227,2022-10-02T11:16:14.333000Z,train
002894,train,26.43983111921146,-82.044997215271,1,1_ModerateDamage,1_ModerateDamage,grid_0.005_23287_19591,grid_0.005_23287_19591,CDu3ifjIyq6W2ZEgm9Jecs,961394228442648,961394228442648,2022-10-22T19:36:03Z,test
002895,train,26.452261422590297,-82.04979836940765,1,1_ModerateDamage,1_ModerateDamage,grid_0.005_23290_19590,grid_0.005_23290_19590,cy8maM4ht0X3eRY9jKSwxo,962623691727815,962623691727815,2022-10-20T16:46:59Z,test
002896,train,26.44367370552878,-82.06649780273438,1,1_ModerateDamage,1_ModerateDamage,grid_0.005_23288_19586,grid_0.005_23288_19586,wsuK3zob9RL5EY1FcZThlt,963699564780553,963699564780553,2022-10-22T16:59:27Z,train
002897,train,26.45399041569779,-82.05066740512848,1,1_ModerateDamage,1_ModerateDamage,grid_0.005_23290_19589,grid_0.005_23290_19589,cy8maM4ht0X3eRY9jKSwxo,964310104841373,964310104841373,2022-10-20T16:52:58Z,train
002898,train,26.430656426170245,-82.09456980228424,1,1_ModerateDamage,1_ModerateDamage,grid_0.005_23286_19581,grid_0.005_23286_19581,8DuCakHvNX3A4ErGBom1lf,964796634575577,964796634575577,2022-10-22T18:43:29Z,train
002899,test,26.44061885984989,-82.06378340721129,1,1_ModerateDamage,1_ModerateDamage,grid_0.005_23288_19587,grid_0.005_23288_19587,wJ8ZYp4KuVjgI6xsXOUWkA,967396067798530,967396067798530,2022-10-22T17:10:47Z,train
002900,test,26.44830865472805,-82.03811466693878,1,1_ModerateDamage,1_ModerateDamage,grid_0.005_23289_19592,grid_0.005_23289_19592,vJTbXQK6BOxPeaoVgcHlrM,967777977706951,967777977706951,2022-10-22T19:49:25Z,train
002901,train,26.455512868689382,-82.04332888126373,1,1_ModerateDamage,1_ModerateDamage,grid_0.005_23291_19591,grid_0.005_23291_19591,YokgWzSGxZtXC8EUIeavm5,970875237367198,970875237367198,2022-10-20T16:38:31Z,train
002902,train,26.57144820483319,-81.90280795097351,1,1_ModerateDamage,1_ModerateDamage,grid_0.005_23314_19619,grid_0.005_23314_19619,R6NX8Ev17S4qMjZcJWGtfd,972057677162388,972057677162388,2022-10-11T15:18:30Z,train
002903,train,26.448193383641623,-82.04733073711395,1,1_ModerateDamage,1_ModerateDamage,grid_0.005_23289_19590,grid_0.005_23289_19590,6e3WJg5uL72BZAq0QDM9hj,9733467956694984,9733467956694984,2022-10-20T16:57:38Z,train
002904,train,26.521271288115315,-81.9611781835556,1,1_ModerateDamage,1_ModerateDamage,grid_0.005_23304_19607,grid_0.005_23304_19607,LdXJgOkyewuaYiIU2VSZcE,974861556978261,974861556978261,2022-10-02T16:28:55Z,train
002905,test,26.440859023607374,-82.06098318099976,1,1_ModerateDamage,1_ModerateDamage,grid_0.005_23288_19587,grid_0.005_23288_19587,wJ8ZYp4KuVjgI6xsXOUWkA,9763949710311928,9763949710311928,2022-10-22T17:09:56Z,train
002906,train,26.45093104077725,-82.051842212677,1,1_ModerateDamage,1_ModerateDamage,grid_0.005_23290_19589,grid_0.005_23290_19589,cy8maM4ht0X3eRY9jKSwxo,976768210413465,976768210413465,2022-10-20T16:48:18Z,train
002907,train,26.42419527477909,-82.07742512226103,1,1_ModerateDamage,1_ModerateDamage,grid_0.005_23284_19584,grid_0.005_23284_19584,aLbXpouwqyjD4cWNZMfF2Y,977793520020756,977793520020756,2022-10-20T13:44:03Z,train
002908,train,26.54150113878185,-82.19561934471129,1,1_ModerateDamage,1_ModerateDamage,grid_0.005_23308_19560,grid_0.005_23308_19560,6o40Ksad9vEmtgTrx7VLPR,978510816633302,978510816633302,2022-10-20T14:55:46Z,train
002909,train,26.451027097740635,-82.12686359882355,1,1_ModerateDamage,1_ModerateDamage,grid_0.005_23290_19574,grid_0.005_23290_19574,Hdxcg6t5vyaoX8lCwfM391,978598510126235,978598510126235,2022-10-20T15:41:14Z,test
002910,train,26.51049497764264,-81.96403741836548,1,1_ModerateDamage,1_ModerateDamage,grid_0.005_23302_19607,grid_0.005_23302_19607,UiTVbHcRCdI730PgBtJYFL,978958209956922,978958209956922,2022-10-02T16:15:30Z,train
002911,train,26.584430352330287,-82.02404916286469,1,1_ModerateDamage,1_ModerateDamage,grid_0.005_23316_19595,grid_0.005_23316_19595,vq7tLagm23c10F69GpHouZ,9792553387429157,9792553387429157,2022-10-01T18:54:39Z,train
002912,test,26.42985900997411,-82.09876477718353,1,1_ModerateDamage,1_ModerateDamage,grid_0.005_23285_19580,grid_0.005_23285_19580,n0eqGd6TKA3CmjSspwxEUl,979852726478165,979852726478165,2022-10-22T18:32:26Z,train
002913,train,26.428341021728823,-82.10177421569824,1,1_ModerateDamage,1_ModerateDamage,grid_0.005_23285_19579,grid_0.005_23285_19579,5ZrTVbvnpkBCqAUuj4foc1,980142383228502,980142383228502,2022-10-22T18:29:40Z,train
002914,train,26.4342687485113,-82.0971930027008,1,1_ModerateDamage,1_ModerateDamage,grid_0.005_23286_19580,grid_0.005_23286_19580,0M2YgdFsf6GZmIwQJy5APK,9808236605883214,9808236605883214,2022-10-22T18:20:08Z,test
002915,train,26.429100018350155,-82.09445714950562,1,1_ModerateDamage,1_ModerateDamage,grid_0.005_23285_19581,grid_0.005_23285_19581,n0eqGd6TKA3CmjSspwxEUl,980991932944990,980991932944990,2022-10-22T18:40:08Z,train
002916,test,26.44359205190232,-82.062828540802,1,1_ModerateDamage,1_ModerateDamage,grid_0.005_23288_19587,grid_0.005_23288_19587,mOxFlgIhNsDMV6H72nawdZ,981305019575001,981305019575001,2022-10-22T16:49:53Z,train
002917,train,26.4462097422891,-82.06037700176239,1,1_ModerateDamage,1_ModerateDamage,grid_0.005_23289_19587,grid_0.005_23289_19587,mOxFlgIhNsDMV6H72nawdZ,981773489914827,981773489914827,2022-10-22T16:52:52Z,train
002918,train,26.42354193373641,-82.0807135105133,1,1_ModerateDamage,1_ModerateDamage,grid_0.005_23284_19583,grid_0.005_23284_19583,yILRGFcu1KtAQg0WzVjEhZ,982941249408080,982941249408080,2022-10-22T19:07:32Z,train
002919,train,26.43007517756024,-82.1071708202362,1,1_ModerateDamage,1_ModerateDamage,grid_0.005_23286_19578,grid_0.005_23286_19578,mlt8kfA0uSC5rYi7VQhg2P,983007969711585,983007969711585,2022-10-20T15:48:56Z,train
002920,train,26.42954196344781,-82.06955552101137,1,1_ModerateDamage,1_ModerateDamage,grid_0.005_23285_19586,grid_0.005_23285_19586,njtp7LVIeUbyEwXSkgYzCT,983710899479601,983710899479601,2022-10-20T13:42:12Z,train
002921,train,26.45088301226553,-82.02074468135834,1,1_ModerateDamage,1_ModerateDamage,grid_0.005_23290_19595,grid_0.005_23290_19595,2GE5DnWJXaevYfqkA4pId1,983805086153411,983805086153411,2022-10-20T17:10:03Z,train
002922,train,26.447151135664697,-82.04899907112122,1,1_ModerateDamage,1_ModerateDamage,grid_0.005_23289_19590,grid_0.005_23289_19590,6e3WJg5uL72BZAq0QDM9hj,984386432878924,984386432878924,2022-10-20T16:57:01Z,train
002923,train,26.634800188779906,-81.8686044216156,1,1_ModerateDamage,1_ModerateDamage,grid_0.005_23326_19626,grid_0.005_23326_19626,4RUmfrSNt1hFHiMsVyQAcn,984541206063357,984541206063357,2022-10-04T18:11:27Z,train
002924,train,26.512501512061647,-82.19100058078766,1,1_ModerateDamage,1_ModerateDamage,grid_0.005_23302_19561,grid_0.005_23302_19561,5lx9r3DNnpsEXKTiPI0abv,985036289416153,985036289416153,2022-10-20T14:35:08Z,train
002925,train,26.42957558963589,-82.10559368133545,1,1_ModerateDamage,1_ModerateDamage,grid_0.005_23285_19578,grid_0.005_23285_19578,mlt8kfA0uSC5rYi7VQhg2P,985448172768935,985448172768935,2022-10-20T15:49:39Z,train
002926,train,26.5737991093102,-81.8925029039383,1,1_ModerateDamage,1_ModerateDamage,grid_0.005_23314_19621,grid_0.005_23314_19621,xyKLQkzWuJS432No9mBCIH,986168146145278,986168146145278,2022-10-04T16:21:50Z,train
002927,train,26.437083591420954,-82.04507768154144,1,1_ModerateDamage,1_ModerateDamage,grid_0.005_23287_19590,grid_0.005_23287_19590,CDu3ifjIyq6W2ZEgm9Jecs,986703899239590,986703899239590,2022-10-22T19:37:30Z,train
002928,val,26.441065564038425,-82.04621493816376,1,1_ModerateDamage,1_ModerateDamage,grid_0.005_23288_19590,grid_0.005_23288_19590,CDu3ifjIyq6W2ZEgm9Jecs,987112072533317,987112072533317,2022-10-22T19:40:08Z,train
002929,train,26.42829778759362,-82.10168302059172,1,1_ModerateDamage,1_ModerateDamage,grid_0.005_23285_19579,grid_0.005_23285_19579,0M2YgdFsf6GZmIwQJy5APK,987773985689839,987773985689839,2022-10-22T18:17:34Z,train
002930,train,26.50773953594252,-81.96946084499358,1,1_ModerateDamage,1_ModerateDamage,grid_0.005_23301_19606,grid_0.005_23301_19606,UiTVbHcRCdI730PgBtJYFL,987880752244611,987880752244611,2022-10-02T16:10:41Z,train
002931,train,26.51330795621105,-81.96409106254578,1,1_ModerateDamage,1_ModerateDamage,grid_0.005_23302_19607,grid_0.005_23302_19607,UiTVbHcRCdI730PgBtJYFL,987891565992576,987891565992576,2022-10-02T16:16:22Z,train
002932,train,26.553047112820167,-81.95758402347565,1,1_ModerateDamage,1_ModerateDamage,grid_0.005_23310_19608,grid_0.005_23310_19608,Oc5eKaSGl0E8AiDVgPqUfI,988921698795748,988921698795748,2022-10-01T19:23:55Z,train
002933,test,26.42953715970586,-82.09792792797089,1,1_ModerateDamage,1_ModerateDamage,grid_0.005_23285_19580,grid_0.005_23285_19580,n0eqGd6TKA3CmjSspwxEUl,990672392088800,990672392088800,2022-10-22T18:34:54Z,train
002934,train,26.455455236766056,-82.04401016235352,1,1_ModerateDamage,1_ModerateDamage,grid_0.005_23291_19591,grid_0.005_23291_19591,YokgWzSGxZtXC8EUIeavm5,990878522259025,990878522259025,2022-10-20T16:38:41Z,test
002935,val,26.453375665567137,-82.03907489776611,1,1_ModerateDamage,1_ModerateDamage,grid_0.005_23290_19592,grid_0.005_23290_19592,ZoPOLpxfckCaEiQWqzs2Hg,991382268718075,991382268718075,2022-10-20T16:07:39Z,test
002936,train,26.42949872976304,-82.09255814552307,1,1_ModerateDamage,1_ModerateDamage,grid_0.005_23285_19581,grid_0.005_23285_19581,8DuCakHvNX3A4ErGBom1lf,991921178898323,991921178898323,2022-10-22T18:49:44Z,test
002937,train,26.444437404291747,-82.06566631793976,1,1_ModerateDamage,1_ModerateDamage,grid_0.005_23288_19586,grid_0.005_23288_19586,wsuK3zob9RL5EY1FcZThlt,994164428404028,994164428404028,2022-10-22T17:00:06Z,train
002938,train,26.43167960875105,-82.09623277187347,1,1_ModerateDamage,1_ModerateDamage,grid_0.005_23286_19580,grid_0.005_23286_19580,0M2YgdFsf6GZmIwQJy5APK,995309931660107,995309931660107,2022-10-22T18:19:28Z,train
002939,train,26.429686075613333,-82.1008837223053,1,1_ModerateDamage,1_ModerateDamage,grid_0.005_23285_19579,grid_0.005_23285_19579,n0eqGd6TKA3CmjSspwxEUl,996234151821003,996234151821003,2022-10-22T18:30:57Z,train
002940,train,26.428970316749925,-82.10373222827911,1,1_ModerateDamage,1_ModerateDamage,grid_0.005_23285_19579,grid_0.005_23285_19579,0M2YgdFsf6GZmIwQJy5APK,998335017850794,998335017850794,2022-10-22T18:17:05Z,train
002941,train,26.455877870200503,-82.04952478408813,1,1_ModerateDamage,1_ModerateDamage,grid_0.005_23291_19590,grid_0.005_23291_19590,YokgWzSGxZtXC8EUIeavm5,998724018146447,998724018146447,2022-10-20T16:42:36Z,train
002942,val,26.43985033246183,-82.06568777561188,1,1_ModerateDamage,1_ModerateDamage,grid_0.005_23287_19586,grid_0.005_23287_19586,bHW0YasAr5m2fTOgSIokNq,998755771258767,998755771258767,2022-10-22T17:18:25Z,train
002943,val,26.453519747923465,-82.03935921192169,1,1_ModerateDamage,1_ModerateDamage,grid_0.005_23290_19592,grid_0.005_23290_19592,0YIfZrHA3aCDs75ngd9Kcx,999691527694140,999691527694140,2022-10-20T16:34:14Z,test
002944,train,26.450421937533804,-82.04935848712921,1,1_ModerateDamage,1_ModerateDamage,grid_0.005_23290_19590,grid_0.005_23290_19590,cy8maM4ht0X3eRY9jKSwxo,999962387711825,999962387711825,2022-10-20T16:48:55Z,train
002945,test,26.42726977115811,-82.09507942199707,2,2_SevereDamage,2_SevereDamage,grid_0.005_23285_19580,grid_0.005_23285_19580,2ek5PhnmIQDEKNjtAzLxuV,1000457834637996,1000457834637996,2022-10-22T18:56:32Z,train
002946,train,26.461069411150334,-82.0465636253357,2,2_SevereDamage,2_SevereDamage,grid_0.005_23292_19590,grid_0.005_23292_19590,0YIfZrHA3aCDs75ngd9Kcx,1000563654724914,1000563654724914,2022-10-20T16:28:32Z,train
002947,train,26.464949706991074,-82.1525913476944,2,2_SevereDamage,2_SevereDamage,grid_0.005_23292_19569,grid_0.005_23292_19569,5bepm7EUv2gLRdyB0VZTJ1,1001179584393885,1001179584393885,2022-10-20T15:36:50Z,train
002948,train,26.570459850995192,-81.90304398536682,2,2_SevereDamage,2_SevereDamage,grid_0.005_23314_19619,grid_0.005_23314_19619,R6NX8Ev17S4qMjZcJWGtfd,1004364583897361,1004364583897361,2022-10-11T15:19:27Z,train
002949,train,26.44803488570942,-82.05301702022552,2,2_SevereDamage,2_SevereDamage,grid_0.005_23289_19589,grid_0.005_23289_19589,fkzvtDXqFTJgKBrMpHPWEi,100647002929001,100647002929001,2022-10-21T20:11:52Z,train
002950,val,26.44199739300752,-82.05706715583801,2,2_SevereDamage,2_SevereDamage,grid_0.005_23288_19588,grid_0.005_23288_19588,wJ8ZYp4KuVjgI6xsXOUWkA,1010463410123064,1010463410123064,2022-10-22T17:09:13Z,train
002951,train,26.43490281468821,-82.04793691635132,2,2_SevereDamage,2_SevereDamage,grid_0.005_23286_19590,grid_0.005_23286_19590,PioLgY63BXl1ItahOyTeME,1011550569800896,1011550569800896,2022-10-21T17:08:48Z,train
002952,train,26.5013931278798,-82.18713819980621,2,2_SevereDamage,2_SevereDamage,grid_0.005_23300_19562,grid_0.005_23300_19562,5lx9r3DNnpsEXKTiPI0abv,1013163380048030,1013163380048030,2022-10-20T14:33:10Z,train
002953,train,26.51216069170105,-81.97547435760498,2,2_SevereDamage,2_SevereDamage,grid_0.005_23302_19604,grid_0.005_23302_19604,edntlwFA590gu1YVE4vSCf,1013808586698814,1013808586698814,2022-10-02T17:10:53Z,train
002954,train,26.4352294534785,-82.04734146595001,2,2_SevereDamage,2_SevereDamage,grid_0.005_23287_19590,grid_0.005_23287_19590,PioLgY63BXl1ItahOyTeME,101535219494839,101535219494839,2022-10-21T17:08:56Z,train
002955,train,26.43669451313427,-82.05028653144836,2,2_SevereDamage,2_SevereDamage,grid_0.005_23287_19589,grid_0.005_23287_19589,ZD02REoSqG75BNbzd4CTlv,101559772825069,101559772825069,2022-10-21T19:10:59Z,train
002956,train,26.446200136194605,-82.0633327960968,2,2_SevereDamage,2_SevereDamage,grid_0.005_23289_19587,grid_0.005_23289_19587,mOxFlgIhNsDMV6H72nawdZ,1017027303002879,1017027303002879,2022-10-22T16:55:19Z,train
002957,train,26.43222242023562,-82.09952116012573,2,2_SevereDamage,2_SevereDamage,grid_0.005_23286_19580,grid_0.005_23286_19580,5ZrTVbvnpkBCqAUuj4foc1,1017484129417344,1017484129417344,2022-10-22T18:27:08Z,train
002958,train,26.43885604254752,-82.04498648643495,2,2_SevereDamage,2_SevereDamage,grid_0.005_23287_19591,grid_0.005_23287_19591,CDu3ifjIyq6W2ZEgm9Jecs,1022279165344243,1022279165344243,2022-10-22T19:36:38Z,train
002959,train,26.42586223846014,-82.0701938867569,2,2_SevereDamage,2_SevereDamage,grid_0.005_23285_19585,grid_0.005_23285_19585,aLbXpouwqyjD4cWNZMfF2Y,1022770452009147,1022770452009147,2022-10-20T13:42:47Z,train
002960,train,26.43291414090082,-82.11502969264984,2,2_SevereDamage,2_SevereDamage,grid_0.005_23286_19576,grid_0.005_23286_19576,ycDhTuH2zOedjnQ5SsbA70,1024523155645707,1024523155645707,2022-10-22T17:57:52Z,train
002961,val,26.44177644455216,-82.05776453018188,2,2_SevereDamage,2_SevereDamage,grid_0.005_23288_19588,grid_0.005_23288_19588,lAtIQeO0Rwg2YVoC6Pa93F,1024575778883751,1024575778883751,2022-10-22T19:32:18Z,train
002962,test,26.42667409388844,-82.09590554237366,2,2_SevereDamage,2_SevereDamage,grid_0.005_23285_19580,grid_0.005_23285_19580,Rd8l2zEjuKLNrOXf5Q3CDB,1026301842070112,1026301842070112,2022-10-20T13:52:09Z,train
002963,train,26.440186563824867,-82.06580579280853,2,2_SevereDamage,2_SevereDamage,grid_0.005_23288_19586,grid_0.005_23288_19586,bHW0YasAr5m2fTOgSIokNq,1029083138251402,1029083138251402,2022-10-22T17:18:05Z,train
002964,train,26.44297244308636,-82.03276097774506,2,2_SevereDamage,2_SevereDamage,grid_0.005_23288_19593,grid_0.005_23288_19593,oAbgmNBZR9JTjufiX5eCxP,1031338851188457,1031338851188457,2022-10-20T17:05:01Z,train
002965,train,26.480162278113568,-82.17951536178589,2,2_SevereDamage,2_SevereDamage,grid_0.005_23296_19564,grid_0.005_23296_19564,5yBCsRpucFZLO3HxAkG92Q,1033185831378575,1033185831378575,2022-10-20T15:29:10Z,train
002966,train,26.445436449117835,-82.0648992061615,2,2_SevereDamage,2_SevereDamage,grid_0.005_23289_19587,grid_0.005_23289_19587,mOxFlgIhNsDMV6H72nawdZ,103628832789110,103628832789110,2022-10-22T16:56:53Z,train
002967,train,26.452972234010304,-82.04604864120483,2,2_SevereDamage,2_SevereDamage,grid_0.005_23290_19590,grid_0.005_23290_19590,cy8maM4ht0X3eRY9jKSwxo,1039150143722582,1039150143722582,2022-10-20T16:51:31Z,train
002968,train,26.45039312030177,-82.02654898166656,2,2_SevereDamage,2_SevereDamage,grid_0.005_23290_19594,grid_0.005_23290_19594,qLOwB6Mxsdzou8VFbWP7SU,1039973240710101,1039973240710101,2022-10-20T17:26:51Z,test
002969,train,26.52207287079865,-82.19161748886108,2,2_SevereDamage,2_SevereDamage,grid_0.005_23304_19561,grid_0.005_23304_19561,YeKk9dJpcaH7tzifUmZxhj,1041129753932036,1041129753932036,2022-10-20T14:42:22Z,train
002970,train,26.455772211987338,-82.0458984375,2,2_SevereDamage,2_SevereDamage,grid_0.005_23291_19590,grid_0.005_23291_19590,YokgWzSGxZtXC8EUIeavm5,1046374026343586,1046374026343586,2022-10-20T16:39:03Z,train
002971,train,26.43819317783801,-82.04830169677734,2,2_SevereDamage,2_SevereDamage,grid_0.005_23287_19590,grid_0.005_23287_19590,cK9RIBTNm6s1M7DYd2raCk,104641252534824,104641252534824,2022-10-21T19:28:06Z,train
002972,train,26.4401097110284,-82.05211043357849,2,2_SevereDamage,2_SevereDamage,grid_0.005_23288_19589,grid_0.005_23288_19589,ZD02REoSqG75BNbzd4CTlv,1046774443380300,1046774443380300,2022-10-21T19:12:29Z,train
002973,train,26.44901468761516,-82.05138087272645,2,2_SevereDamage,2_SevereDamage,grid_0.005_23289_19589,grid_0.005_23289_19589,6e3WJg5uL72BZAq0QDM9hj,1050463865925151,1050463865925151,2022-10-20T16:55:51Z,train
002974,train,26.43595478042292,-82.05417037010194,2,2_SevereDamage,2_SevereDamage,grid_0.005_23287_19589,grid_0.005_23287_19589,NyYzSUec6DpPEo8ZrBnL17,1055059775451384,1055059775451384,2022-10-21T19:22:45Z,train
002975,train,26.44201180267467,-82.03989565372467,2,2_SevereDamage,2_SevereDamage,grid_0.005_23288_19592,grid_0.005_23288_19592,PioLgY63BXl1ItahOyTeME,1063848158340988,1063848158340988,2022-10-21T17:12:37Z,train
002976,val,26.44209345742115,-82.05653071403503,2,2_SevereDamage,2_SevereDamage,grid_0.005_23288_19588,grid_0.005_23288_19588,lAtIQeO0Rwg2YVoC6Pa93F,1083878052591707,1083878052591707,2022-10-22T19:32:30Z,train
002977,train,26.482145334405388,-82.17826545238495,2,2_SevereDamage,2_SevereDamage,grid_0.005_23296_19564,grid_0.005_23296_19564,5yBCsRpucFZLO3HxAkG92Q,1086457208888340,1086457208888340,2022-10-20T15:24:23Z,train
002978,train,26.436929881637525,-82.07483947277069,2,2_SevereDamage,2_SevereDamage,grid_0.005_23287_19585,grid_0.005_23287_19585,lAtIQeO0Rwg2YVoC6Pa93F,1089094562532176,1089094562532176,2022-10-22T19:29:43Z,train
002979,train,26.43036820408534,-82.09438741207123,2,2_SevereDamage,2_SevereDamage,grid_0.005_23286_19581,grid_0.005_23286_19581,8DuCakHvNX3A4ErGBom1lf,1090357251828861,1090357251828861,2022-10-22T18:43:47Z,train
002980,test,26.42723134045937,-82.09511160850525,2,2_SevereDamage,2_SevereDamage,grid_0.005_23285_19580,grid_0.005_23285_19580,2ek5PhnmIQDEKNjtAzLxuV,109251045554139,109251045554139,2022-10-22T18:56:30Z,train
002981,train,26.449043505192098,-82.05023288726807,2,2_SevereDamage,2_SevereDamage,grid_0.005_23289_19589,grid_0.005_23289_19589,6e3WJg5uL72BZAq0QDM9hj,109586652186906,109586652186906,2022-10-20T16:55:36Z,train
002982,train,26.45104150627824,-82.048060297966,2,2_SevereDamage,2_SevereDamage,grid_0.005_23290_19590,grid_0.005_23290_19590,cy8maM4ht0X3eRY9jKSwxo,1095922478485071,1095922478485071,2022-10-20T16:49:23Z,train
002983,val,26.437808906695167,-82.06633150577545,2,2_SevereDamage,2_SevereDamage,grid_0.005_23287_19586,grid_0.005_23287_19586,ojkNER9alymT7XHIBhWvS2,1102983481099863,1102983481099863,2022-10-21T16:47:43Z,train
002984,train,26.46174174900648,-82.04783499240875,2,2_SevereDamage,2_SevereDamage,grid_0.005_23292_19590,grid_0.005_23292_19590,tTMujQinkPSmUalNr8ODYC,110555135189047,110555135189047,2022-10-21T18:59:11Z,train
002985,train,26.451939634896647,-82.02620029449463,2,2_SevereDamage,2_SevereDamage,grid_0.005_23290_19594,grid_0.005_23290_19594,oA4ekOPWvzdE6Gc3J0qSLM,110591478520374,110591478520374,2022-10-21T17:53:32Z,train
002986,train,26.43264994252563,-82.0564877986908,2,2_SevereDamage,2_SevereDamage,grid_0.005_23286_19588,grid_0.005_23286_19588,NyYzSUec6DpPEo8ZrBnL17,1110591326275800,1110591326275800,2022-10-21T19:20:00Z,train
002987,train,26.44312134163313,-82.0324444770813,2,2_SevereDamage,2_SevereDamage,grid_0.005_23288_19593,grid_0.005_23288_19593,5bS0CBxDknPTVWIs6OLvru,1112825999412508,1112825999412508,2022-10-21T17:19:10Z,train
002988,train,26.44855840835289,-82.03387677669525,2,2_SevereDamage,2_SevereDamage,grid_0.005_23289_19593,grid_0.005_23289_19593,9oftQ5hvKsIWYCqU7guZaA,1114593362569281,1114593362569281,2022-10-21T18:25:56Z,train
002989,train,26.553795689459847,-81.96406424045563,2,2_SevereDamage,2_SevereDamage,grid_0.005_23310_19607,grid_0.005_23310_19607,lR0cupJwszIVy8CWaMS2jT,1118601522167467,1118601522167467,2022-10-02T11:50:07Z,train
002990,train,26.448030082738374,-82.05408990383148,2,2_SevereDamage,2_SevereDamage,grid_0.005_23289_19589,grid_0.005_23289_19589,fkzvtDXqFTJgKBrMpHPWEi,1126265548045613,1126265548045613,2022-10-21T20:13:10Z,train
002991,train,26.43744865133492,-82.04391896724701,2,2_SevereDamage,2_SevereDamage,grid_0.005_23287_19591,grid_0.005_23287_19591,PioLgY63BXl1ItahOyTeME,1130026907590137,1130026907590137,2022-10-21T17:10:33Z,train
002992,train,26.429931065881192,-82.05752849578857,2,2_SevereDamage,2_SevereDamage,grid_0.005_23285_19588,grid_0.005_23285_19588,njtp7LVIeUbyEwXSkgYzCT,113084091833709,113084091833709,2022-10-20T13:39:43Z,train
002993,train,26.43222242023562,-82.09963381290436,2,2_SevereDamage,2_SevereDamage,grid_0.005_23286_19580,grid_0.005_23286_19580,5ZrTVbvnpkBCqAUuj4foc1,113103768498740,113103768498740,2022-10-22T18:27:10Z,train
002994,train,26.48155954409546,-82.17687606811523,2,2_SevereDamage,2_SevereDamage,grid_0.005_23296_19564,grid_0.005_23296_19564,2FqKfe7p8ltGyoBMwk1naW,113121515164160,113121515164160,2022-10-20T15:20:32Z,test
002995,train,26.44208385098341,-82.03505158424377,2,2_SevereDamage,2_SevereDamage,grid_0.005_23288_19592,grid_0.005_23288_19592,n8NHRsX3PiA1YpCSMoy20F,113232711564431,113232711564431,2022-10-21T18:49:48Z,train
002996,val,26.437131625686234,-82.06645488739015,2,2_SevereDamage,2_SevereDamage,grid_0.005_23287_19586,grid_0.005_23287_19586,ojkNER9alymT7XHIBhWvS2,1133241513916954,1133241513916954,2022-10-21T16:47:26Z,train
002997,train,26.441665970165587,-82.04134404659273,2,2_SevereDamage,2_SevereDamage,grid_0.005_23288_19591,grid_0.005_23288_19591,5bS0CBxDknPTVWIs6OLvru,1137841666928508,1137841666928508,2022-10-21T17:16:25Z,train
002998,train,26.433226374563404,-82.05530226230621,2,2_SevereDamage,2_SevereDamage,grid_0.005_23286_19588,grid_0.005_23286_19588,NyYzSUec6DpPEo8ZrBnL17,1144269466231300,1144269466231300,2022-10-21T19:19:42Z,train
002999,train,26.43422551659945,-82.05352663993835,2,2_SevereDamage,2_SevereDamage,grid_0.005_23286_19589,grid_0.005_23286_19589,NyYzSUec6DpPEo8ZrBnL17,1144787752898073,1144787752898073,2022-10-21T19:18:54Z,test
003000,train,26.45581063316697,-82.04913854598999,2,2_SevereDamage,2_SevereDamage,grid_0.005_23291_19590,grid_0.005_23291_19590,YokgWzSGxZtXC8EUIeavm5,1145000870224348,1145000870224348,2022-10-20T16:39:41Z,train
003001,train,26.44775631305758,-82.03170418739319,2,2_SevereDamage,2_SevereDamage,grid_0.005_23289_19593,grid_0.005_23289_19593,9oftQ5hvKsIWYCqU7guZaA,114566838075663,114566838075663,2022-10-21T18:30:36Z,test
003002,train,26.444130004140632,-82.06567704677582,2,2_SevereDamage,2_SevereDamage,grid_0.005_23288_19586,grid_0.005_23288_19586,wsuK3zob9RL5EY1FcZThlt,114781668329064,114781668329064,2022-10-22T16:59:52Z,train
003003,train,26.43667529935766,-82.04923510551453,2,2_SevereDamage,2_SevereDamage,grid_0.005_23287_19590,grid_0.005_23287_19590,ZD02REoSqG75BNbzd4CTlv,115589731293422,115589731293422,2022-10-21T19:10:33Z,test
003004,train,26.440950285703963,-82.03713834285736,2,2_SevereDamage,2_SevereDamage,grid_0.005_23288_19592,grid_0.005_23288_19592,n8NHRsX3PiA1YpCSMoy20F,1157214268295099,1157214268295099,2022-10-21T18:50:14Z,train
003005,train,26.44565258748345,-82.05606400966644,2,2_SevereDamage,2_SevereDamage,grid_0.005_23289_19588,grid_0.005_23289_19588,vItnjg2h4oOkUXx819qbfM,1166100490945198,1166100490945198,2022-10-21T20:14:16Z,train
003006,train,26.43122326083476,-82.06119239330292,2,2_SevereDamage,2_SevereDamage,grid_0.005_23286_19587,grid_0.005_23286_19587,d9OWh4IQeMXLPraFD8HZpy,1168926710422793,1168926710422793,2022-10-21T17:03:12Z,train
003007,train,26.443563232961537,-82.03160762786865,2,2_SevereDamage,2_SevereDamage,grid_0.005_23288_19593,grid_0.005_23288_19593,oAbgmNBZR9JTjufiX5eCxP,1169061394487277,1169061394487277,2022-10-20T17:06:03Z,train
003008,train,26.55650683958585,-81.98243737220764,2,2_SevereDamage,2_SevereDamage,grid_0.005_23311_19603,grid_0.005_23311_19603,ixkKL50cubymHt6NBgvFT3,1171186637133362,1171186637133362,2022-10-02T12:03:05.333000Z,train
003009,val,26.452568801040087,-82.03917682170866,2,2_SevereDamage,2_SevereDamage,grid_0.005_23290_19592,grid_0.005_23290_19592,YokgWzSGxZtXC8EUIeavm5,117191984750609,117191984750609,2022-10-20T16:37:16Z,train
003010,train,26.440369089011043,-82.03987419605254,2,2_SevereDamage,2_SevereDamage,grid_0.005_23288_19592,grid_0.005_23288_19592,PioLgY63BXl1ItahOyTeME,1173344769988373,1173344769988373,2022-10-21T17:12:11Z,train
003011,test,26.449879211786453,-82.03542709350586,2,2_SevereDamage,2_SevereDamage,grid_0.005_23289_19592,grid_0.005_23289_19592,9UT5ZHyS3c7kMrjfsgzh10,117380134729846,117380134729846,2022-10-20T18:11:58Z,train
003012,train,26.449811971250327,-82.02117383480072,2,2_SevereDamage,2_SevereDamage,grid_0.005_23289_19595,grid_0.005_23289_19595,DtjgKvhZzkac5eR0ICSP47,1175376423371377,1175376423371377,2022-10-21T17:48:51Z,train
003013,train,26.432193598451136,-82.05741584300995,2,2_SevereDamage,2_SevereDamage,grid_0.005_23286_19588,grid_0.005_23286_19588,NyYzSUec6DpPEo8ZrBnL17,1182570732387550,1182570732387550,2022-10-21T19:25:35Z,train
003014,train,26.448390305011145,-82.03186511993408,2,2_SevereDamage,2_SevereDamage,grid_0.005_23289_19593,grid_0.005_23289_19593,9oftQ5hvKsIWYCqU7guZaA,1185586032343488,1185586032343488,2022-10-21T18:32:39Z,train
003015,train,26.43867831832563,-82.0718514919281,2,2_SevereDamage,2_SevereDamage,grid_0.005_23287_19585,grid_0.005_23287_19585,ojkNER9alymT7XHIBhWvS2,1186451508671855,1186451508671855,2022-10-21T16:43:35Z,test
003016,train,26.45384153120169,-82.04074323177338,2,2_SevereDamage,2_SevereDamage,grid_0.005_23290_19591,grid_0.005_23290_19591,YokgWzSGxZtXC8EUIeavm5,1186930158636430,1186930158636430,2022-10-20T16:37:45Z,train
003017,val,26.43897132297729,-82.06743657588959,2,2_SevereDamage,2_SevereDamage,grid_0.005_23287_19586,grid_0.005_23287_19586,ojkNER9alymT7XHIBhWvS2,118976597592451,118976597592451,2022-10-21T16:44:35Z,train
003018,train,26.444101185334404,-82.03845262527466,2,2_SevereDamage,2_SevereDamage,grid_0.005_23288_19592,grid_0.005_23288_19592,n8NHRsX3PiA1YpCSMoy20F,1190491011862421,1190491011862421,2022-10-21T18:51:22Z,train
003019,train,26.43280846162341,-82.10376977920532,2,2_SevereDamage,2_SevereDamage,grid_0.005_23286_19579,grid_0.005_23286_19579,0M2YgdFsf6GZmIwQJy5APK,1192143564810616,1192143564810616,2022-10-22T18:22:04Z,train
003020,train,26.446214545336048,-82.05738365650177,2,2_SevereDamage,2_SevereDamage,grid_0.005_23289_19588,grid_0.005_23289_19588,mOxFlgIhNsDMV6H72nawdZ,1192182361586486,1192182361586486,2022-10-22T16:52:05Z,train
003021,train,26.64389144527649,-82.04869329929352,2,2_SevereDamage,2_SevereDamage,grid_0.005_23328_19590,grid_0.005_23328_19590,drTBZKzuP9aN3QOSstv6cg,1194886277852403,1194886277852403,2022-10-06T18:22:26Z,train
003022,test,26.44974953357446,-82.02924728393555,2,2_SevereDamage,2_SevereDamage,grid_0.005_23289_19594,grid_0.005_23289_19594,oA4ekOPWvzdE6Gc3J0qSLM,1197087621013242,1197087621013242,2022-10-21T17:59:05Z,train
003023,train,26.43035379296218,-82.09941387176514,2,2_SevereDamage,2_SevereDamage,grid_0.005_23286_19580,grid_0.005_23286_19580,5ZrTVbvnpkBCqAUuj4foc1,1198524787509968,1198524787509968,2022-10-22T18:24:30Z,train
003024,train,26.433178338670373,-82.05540418624878,2,2_SevereDamage,2_SevereDamage,grid_0.005_23286_19588,grid_0.005_23286_19588,NyYzSUec6DpPEo8ZrBnL17,1198753914096846,1198753914096846,2022-10-21T19:19:43Z,train
003025,train,26.434331194577503,-82.05625712871552,2,2_SevereDamage,2_SevereDamage,grid_0.005_23286_19588,grid_0.005_23286_19588,NyYzSUec6DpPEo8ZrBnL17,1199344667660943,1199344667660943,2022-10-21T19:24:07Z,train
003026,train,26.443630477145533,-82.03151643276215,2,2_SevereDamage,2_SevereDamage,grid_0.005_23288_19593,grid_0.005_23288_19593,n8NHRsX3PiA1YpCSMoy20F,1200204154264138,1200204154264138,2022-10-21T18:49:10Z,test
003027,train,26.441781247783965,-82.03560948371889,2,2_SevereDamage,2_SevereDamage,grid_0.005_23288_19592,grid_0.005_23288_19592,n8NHRsX3PiA1YpCSMoy20F,1202259790664899,1202259790664899,2022-10-21T18:49:54Z,train
003028,train,26.45851449148409,-82.05034554004669,2,2_SevereDamage,2_SevereDamage,grid_0.005_23291_19589,grid_0.005_23291_19589,YokgWzSGxZtXC8EUIeavm5,1203330486967576,1203330486967576,2022-10-20T16:41:36Z,train
003029,train,26.49188726199164,-81.99421226978302,2,2_SevereDamage,2_SevereDamage,grid_0.005_23298_19601,grid_0.005_23298_19601,LhDSJj5zKClm8IaFvdBi0Y,1203484270375884,1203484270375884,2022-10-21T21:34:53Z,train
003030,train,26.44168518311001,-82.03846871852875,2,2_SevereDamage,2_SevereDamage,grid_0.005_23288_19592,grid_0.005_23288_19592,n8NHRsX3PiA1YpCSMoy20F,1204606746809811,1204606746809811,2022-10-21T18:50:55Z,train
003031,train,26.553061508570863,-81.95919334888458,2,2_SevereDamage,2_SevereDamage,grid_0.005_23310_19608,grid_0.005_23310_19608,tIAfNHcP8OTlo2Xp1krhSu,120661087526353,120661087526353,2022-10-02T11:56:17.833000Z,test
003032,train,26.45186278994128,-82.0269674062729,2,2_SevereDamage,2_SevereDamage,grid_0.005_23290_19594,grid_0.005_23290_19594,oA4ekOPWvzdE6Gc3J0qSLM,1207129229909824,1207129229909824,2022-10-21T17:54:12Z,train
003033,train,26.44977354806919,-82.02114701271057,2,2_SevereDamage,2_SevereDamage,grid_0.005_23289_19595,grid_0.005_23289_19595,DtjgKvhZzkac5eR0ICSP47,1209439520010155,1209439520010155,2022-10-21T17:48:52Z,train
003034,val,26.451411324792915,-82.03948259353638,2,2_SevereDamage,2_SevereDamage,grid_0.005_23290_19592,grid_0.005_23290_19592,YokgWzSGxZtXC8EUIeavm5,1209713476337500,1209713476337500,2022-10-20T16:36:59Z,train
003035,train,26.43327441043644,-82.05520033836365,2,2_SevereDamage,2_SevereDamage,grid_0.005_23286_19588,grid_0.005_23286_19588,NyYzSUec6DpPEo8ZrBnL17,1210449489899161,1210449489899161,2022-10-21T19:19:41Z,train
003036,train,26.448587226044,-82.03377485275269,2,2_SevereDamage,2_SevereDamage,grid_0.005_23289_19593,grid_0.005_23289_19593,9oftQ5hvKsIWYCqU7guZaA,1211164996166307,1211164996166307,2022-10-21T18:25:58Z,train
003037,train,26.457092932683096,-82.04945504665375,2,2_SevereDamage,2_SevereDamage,grid_0.005_23291_19590,grid_0.005_23291_19590,YokgWzSGxZtXC8EUIeavm5,1211998519491765,1211998519491765,2022-10-20T16:40:08Z,train
003038,train,26.4387023351284,-82.0502758026123,2,2_SevereDamage,2_SevereDamage,grid_0.005_23287_19589,grid_0.005_23287_19589,ZD02REoSqG75BNbzd4CTlv,1212900729317655,1212900729317655,2022-10-21T19:11:26Z,train
003039,train,26.44103194120278,-82.03693985939026,2,2_SevereDamage,2_SevereDamage,grid_0.005_23288_19592,grid_0.005_23288_19592,5bS0CBxDknPTVWIs6OLvru,1213300516276438,1213300516276438,2022-10-21T17:18:17Z,train
003040,train,26.43271238946896,-82.05635368824005,2,2_SevereDamage,2_SevereDamage,grid_0.005_23286_19588,grid_0.005_23286_19588,cK9RIBTNm6s1M7DYd2raCk,1214774199464034,1214774199464034,2022-10-21T19:25:51Z,train
003041,train,26.432107133054487,-82.11318969726562,2,2_SevereDamage,2_SevereDamage,grid_0.005_23286_19577,grid_0.005_23286_19577,jy4d8E26wL1BGrfV537bIU,1217088732317057,1217088732317057,2022-10-22T17:47:23Z,train
003042,test,26.4497639422719,-82.03548610210419,2,2_SevereDamage,2_SevereDamage,grid_0.005_23289_19592,grid_0.005_23289_19592,9UT5ZHyS3c7kMrjfsgzh10,1219214722123637,1219214722123637,2022-10-20T18:08:50Z,train
003043,train,26.439816709271582,-82.0531564950943,2,2_SevereDamage,2_SevereDamage,grid_0.005_23287_19589,grid_0.005_23287_19589,ZD02REoSqG75BNbzd4CTlv,121958077449374,121958077449374,2022-10-21T19:15:28Z,train
003044,train,26.44000884165525,-82.04089343547821,2,2_SevereDamage,2_SevereDamage,grid_0.005_23288_19591,grid_0.005_23288_19591,PioLgY63BXl1ItahOyTeME,1221294101797129,1221294101797129,2022-10-21T17:11:51Z,train
003045,train,26.460718833424835,-82.04596817493439,2,2_SevereDamage,2_SevereDamage,grid_0.005_23292_19590,grid_0.005_23292_19590,cjXdAN6SYHtunWF5TIOlCq,1224559311833002,1224559311833002,2022-10-21T18:58:36Z,train
003046,train,26.45584425168864,-82.04837679862976,2,2_SevereDamage,2_SevereDamage,grid_0.005_23291_19590,grid_0.005_23291_19590,YokgWzSGxZtXC8EUIeavm5,1225173278879330,1225173278879330,2022-10-20T16:39:31Z,test
003047,train,26.49880549782499,-82.18669831752777,2,2_SevereDamage,2_SevereDamage,grid_0.005_23299_19562,grid_0.005_23299_19562,SyLB57XMjdtCGqc6ZnJ4Pv,1225345478184987,1225345478184987,2022-10-20T14:32:49Z,train
003048,test,26.44940372429531,-82.02782034873964,2,2_SevereDamage,2_SevereDamage,grid_0.005_23289_19594,grid_0.005_23289_19594,nyw9GxcmVequiNU27Ka6LA,122760247175681,122760247175681,2022-10-21T18:43:31Z,train
003049,train,26.553061508570863,-81.9599711894989,2,2_SevereDamage,2_SevereDamage,grid_0.005_23310_19608,grid_0.005_23310_19608,tIAfNHcP8OTlo2Xp1krhSu,1227779504472517,1227779504472517,2022-10-02T11:56:12.666000Z,train
003050,train,26.448030082738374,-82.05359637737274,2,2_SevereDamage,2_SevereDamage,grid_0.005_23289_19589,grid_0.005_23289_19589,fkzvtDXqFTJgKBrMpHPWEi,122783870697432,122783870697432,2022-10-21T20:11:40Z,train
003051,train,26.430324970710444,-82.10058867931366,2,2_SevereDamage,2_SevereDamage,grid_0.005_23286_19579,grid_0.005_23286_19579,5ZrTVbvnpkBCqAUuj4foc1,1228026011246797,1228026011246797,2022-10-22T18:24:12Z,train
003052,train,26.461516036021223,-82.04740583896637,2,2_SevereDamage,2_SevereDamage,grid_0.005_23292_19590,grid_0.005_23292_19590,cjXdAN6SYHtunWF5TIOlCq,1229353184670972,1229353184670972,2022-10-21T18:56:58Z,test
003053,train,26.44252574629129,-82.03405916690828,2,2_SevereDamage,2_SevereDamage,grid_0.005_23288_19593,grid_0.005_23288_19593,5bS0CBxDknPTVWIs6OLvru,123069994004655,123069994004655,2022-10-21T17:18:51Z,train
003054,test,26.449643869738225,-82.02967643737793,2,2_SevereDamage,2_SevereDamage,grid_0.005_23289_19594,grid_0.005_23289_19594,oA4ekOPWvzdE6Gc3J0qSLM,1231698550889700,1231698550889700,2022-10-21T17:59:09Z,test
003055,train,26.44123848132384,-82.04403698444366,2,2_SevereDamage,2_SevereDamage,grid_0.005_23288_19591,grid_0.005_23288_19591,cK9RIBTNm6s1M7DYd2raCk,1235762480619135,1235762480619135,2022-10-21T19:30:58Z,train
003056,train,26.43198704211818,-82.11289465427399,2,2_SevereDamage,2_SevereDamage,grid_0.005_23286_19577,grid_0.005_23286_19577,Rd8l2zEjuKLNrOXf5Q3CDB,1237131096969228,1237131096969228,2022-10-20T13:55:22Z,train
003057,train,26.48105537791514,-82.18072235584259,2,2_SevereDamage,2_SevereDamage,grid_0.005_23296_19563,grid_0.005_23296_19563,SyLB57XMjdtCGqc6ZnJ4Pv,1239094356808278,1239094356808278,2022-10-20T14:29:50Z,train
003058,test,26.445287553563404,-82.02775061130524,2,2_SevereDamage,2_SevereDamage,grid_0.005_23289_19594,grid_0.005_23289_19594,5bS0CBxDknPTVWIs6OLvru,1240204709868304,1240204709868304,2022-10-21T17:20:17Z,train
003059,train,26.460464303722286,-82.0454853773117,2,2_SevereDamage,2_SevereDamage,grid_0.005_23292_19590,grid_0.005_23292_19590,0YIfZrHA3aCDs75ngd9Kcx,1240569179959683,1240569179959683,2022-10-20T16:28:14Z,train
003060,val,26.439523706769634,-82.06773698329924,2,2_SevereDamage,2_SevereDamage,grid_0.005_23287_19586,grid_0.005_23287_19586,bHW0YasAr5m2fTOgSIokNq,1244728239568049,1244728239568049,2022-10-22T17:19:41Z,train
003061,train,26.458845865844022,-82.04510986804962,2,2_SevereDamage,2_SevereDamage,grid_0.005_23291_19590,grid_0.005_23291_19590,cjXdAN6SYHtunWF5TIOlCq,1246536865959143,1246536865959143,2022-10-21T18:55:28Z,train
003062,train,26.431367370898244,-82.05426156520844,2,2_SevereDamage,2_SevereDamage,grid_0.005_23286_19589,grid_0.005_23286_19589,d9OWh4IQeMXLPraFD8HZpy,1246755929275384,1246755929275384,2022-10-21T17:07:38Z,train
003063,train,26.48350416437385,-82.18345284461975,2,2_SevereDamage,2_SevereDamage,grid_0.005_23296_19563,grid_0.005_23296_19563,SyLB57XMjdtCGqc6ZnJ4Pv,1248787849336481,1248787849336481,2022-10-20T14:30:27Z,train
003064,train,26.460569957629417,-82.04566776752472,2,2_SevereDamage,2_SevereDamage,grid_0.005_23292_19590,grid_0.005_23292_19590,0YIfZrHA3aCDs75ngd9Kcx,1249846448995498,1249846448995498,2022-10-20T16:28:17Z,train
003065,train,26.476364125696804,-82.17425286769867,2,2_SevereDamage,2_SevereDamage,grid_0.005_23295_19565,grid_0.005_23295_19565,V9j3Lpa2hEK7wUbA8cGd65,125004500625897,125004500625897,2022-10-20T14:28:50Z,train
003066,train,26.448495969997467,-82.04615592956543,2,2_SevereDamage,2_SevereDamage,grid_0.005_23289_19590,grid_0.005_23289_19590,6e3WJg5uL72BZAq0QDM9hj,1250063975636792,1250063975636792,2022-10-20T16:57:55Z,train
003067,train,26.45664629065228,-82.04958379268646,2,2_SevereDamage,2_SevereDamage,grid_0.005_23291_19590,grid_0.005_23291_19590,YokgWzSGxZtXC8EUIeavm5,1250708555573852,1250708555573852,2022-10-20T16:40:01Z,train
003068,train,26.4462097422891,-82.06301629543304,2,2_SevereDamage,2_SevereDamage,grid_0.005_23289_19587,grid_0.005_23289_19587,mOxFlgIhNsDMV6H72nawdZ,1250928368958527,1250928368958527,2022-10-22T16:55:14Z,train
003069,test,26.44857281719933,-82.02860891819,2,2_SevereDamage,2_SevereDamage,grid_0.005_23289_19594,grid_0.005_23289_19594,nyw9GxcmVequiNU27Ka6LA,1252730928662752,1252730928662752,2022-10-21T18:42:34Z,train
003070,train,26.45182436744436,-82.02103435993195,2,2_SevereDamage,2_SevereDamage,grid_0.005_23290_19595,grid_0.005_23290_19595,DtjgKvhZzkac5eR0ICSP47,1253179465410257,1253179465410257,2022-10-21T17:42:43Z,train
003071,train,26.54570984333656,-82.19735205173492,2,2_SevereDamage,2_SevereDamage,grid_0.005_23309_19560,grid_0.005_23309_19560,6o40Ksad9vEmtgTrx7VLPR,1253851868835945,1253851868835945,2022-10-20T14:54:02Z,train
003072,val,26.45049398058231,-82.0352554321289,2,2_SevereDamage,2_SevereDamage,grid_0.005_23290_19592,grid_0.005_23290_19592,9UT5ZHyS3c7kMrjfsgzh10,1257210758496454,1257210758496454,2022-10-20T18:11:46Z,train
003073,val,26.451017492047896,-82.03396797180176,2,2_SevereDamage,2_SevereDamage,grid_0.005_23290_19593,grid_0.005_23290_19593,9UT5ZHyS3c7kMrjfsgzh10,1258753521674197,1258753521674197,2022-10-20T18:11:17Z,test
003074,val,26.439557330045403,-82.06996858119965,2,2_SevereDamage,2_SevereDamage,grid_0.005_23287_19586,grid_0.005_23287_19586,eGaqwKdfoI8yJ7kgjAtD3F,1259624281355687,1259624281355687,2022-10-22T17:29:11Z,train
003075,val,26.4436352803,-82.0567774772644,2,2_SevereDamage,2_SevereDamage,grid_0.005_23288_19588,grid_0.005_23288_19588,wsuK3zob9RL5EY1FcZThlt,1260621354814738,1260621354814738,2022-10-22T17:06:47Z,train
003076,train,26.460243390694075,-82.04515814781189,2,2_SevereDamage,2_SevereDamage,grid_0.005_23292_19590,grid_0.005_23292_19590,cjXdAN6SYHtunWF5TIOlCq,1260819161132515,1260819161132515,2022-10-21T18:57:36Z,train
003077,train,26.441810067170536,-82.0355612039566,2,2_SevereDamage,2_SevereDamage,grid_0.005_23288_19592,grid_0.005_23288_19592,n8NHRsX3PiA1YpCSMoy20F,1262096741319064,1262096741319064,2022-10-21T18:49:54Z,train
003078,train,26.45917723925014,-82.04566776752472,2,2_SevereDamage,2_SevereDamage,grid_0.005_23291_19590,grid_0.005_23291_19590,0YIfZrHA3aCDs75ngd9Kcx,1262310291135027,1262310291135027,2022-10-20T16:29:53Z,train
003079,test,26.426971932908003,-82.09608793258667,2,2_SevereDamage,2_SevereDamage,grid_0.005_23285_19580,grid_0.005_23285_19580,n0eqGd6TKA3CmjSspwxEUl,1263669220931220,1263669220931220,2022-10-22T18:38:21Z,train
003080,val,26.43951410011762,-82.06779599189758,2,2_SevereDamage,2_SevereDamage,grid_0.005_23287_19586,grid_0.005_23287_19586,bHW0YasAr5m2fTOgSIokNq,126507957138092,126507957138092,2022-10-22T17:20:34Z,train
003081,train,26.425674886395583,-82.09068596363068,2,2_SevereDamage,2_SevereDamage,grid_0.005_23285_19581,grid_0.005_23285_19581,yILRGFcu1KtAQg0WzVjEhZ,126577090464708,126577090464708,2022-10-22T19:02:12Z,train
003082,train,26.429186486002592,-82.10171520709991,2,2_SevereDamage,2_SevereDamage,grid_0.005_23285_19579,grid_0.005_23285_19579,5ZrTVbvnpkBCqAUuj4foc1,1269197407039416,1269197407039416,2022-10-22T18:23:31Z,train
003083,train,26.44857762014776,-82.04580187797545,2,2_SevereDamage,2_SevereDamage,grid_0.005_23289_19590,grid_0.005_23289_19590,6e3WJg5uL72BZAq0QDM9hj,1270295370280127,1270295370280127,2022-10-20T16:58:04Z,train
003084,val,26.44239605980057,-82.0554792881012,2,2_SevereDamage,2_SevereDamage,grid_0.005_23288_19588,grid_0.005_23288_19588,lAtIQeO0Rwg2YVoC6Pa93F,1270733050230463,1270733050230463,2022-10-22T19:32:40Z,train
003085,train,26.444821653327168,-82.03427374362946,2,2_SevereDamage,2_SevereDamage,grid_0.005_23288_19593,grid_0.005_23288_19593,9UT5ZHyS3c7kMrjfsgzh10,1271634453467972,1271634453467972,2022-10-20T18:15:01Z,train
003086,train,26.44732884681619,-82.03038990497589,2,2_SevereDamage,2_SevereDamage,grid_0.005_23289_19593,grid_0.005_23289_19593,9oftQ5hvKsIWYCqU7guZaA,127218740245227,127218740245227,2022-10-21T18:33:52Z,train
003087,train,26.43742943768406,-82.04720735549927,2,2_SevereDamage,2_SevereDamage,grid_0.005_23287_19590,grid_0.005_23287_19590,CDu3ifjIyq6W2ZEgm9Jecs,1273709836684766,1273709836684766,2022-10-22T19:38:26Z,train
003088,train,26.448323063605766,-82.03476190567017,2,2_SevereDamage,2_SevereDamage,grid_0.005_23289_19593,grid_0.005_23289_19593,9UT5ZHyS3c7kMrjfsgzh10,1274580050097726,1274580050097726,2022-10-20T18:12:47Z,train
003089,train,26.43706918113748,-82.04843044281006,2,2_SevereDamage,2_SevereDamage,grid_0.005_23287_19590,grid_0.005_23287_19590,ZD02REoSqG75BNbzd4CTlv,127857506614871,127857506614871,2022-10-21T19:10:19Z,train
003090,val,26.442650629440674,-82.04969108104706,2,2_SevereDamage,2_SevereDamage,grid_0.005_23288_19590,grid_0.005_23288_19590,cAwCT0DeaQh89tvBRsHUz4,128059776979615,128059776979615,2022-10-22T19:41:43Z,train
003091,train,26.424041547807988,-82.08757460117342,2,2_SevereDamage,2_SevereDamage,grid_0.005_23284_19582,grid_0.005_23284_19582,yILRGFcu1KtAQg0WzVjEhZ,1280726492538464,1280726492538464,2022-10-22T19:05:27Z,train
003092,train,26.43408621366217,-82.05736219882965,2,2_SevereDamage,2_SevereDamage,grid_0.005_23286_19588,grid_0.005_23286_19588,NyYzSUec6DpPEo8ZrBnL17,128235496805048,128235496805048,2022-10-21T19:24:20Z,train
003093,train,26.449043505192098,-82.05034554004669,2,2_SevereDamage,2_SevereDamage,grid_0.005_23289_19589,grid_0.005_23289_19589,6e3WJg5uL72BZAq0QDM9hj,1284442405803764,1284442405803764,2022-10-20T16:55:37Z,train
003094,train,26.45179555056326,-82.02926874160767,2,2_SevereDamage,2_SevereDamage,grid_0.005_23290_19594,grid_0.005_23290_19594,oA4ekOPWvzdE6Gc3J0qSLM,1285024439023156,1285024439023156,2022-10-21T17:56:41Z,train
003095,train,26.432525048537443,-82.0567238330841,2,2_SevereDamage,2_SevereDamage,grid_0.005_23286_19588,grid_0.005_23286_19588,cK9RIBTNm6s1M7DYd2raCk,1285076815728738,1285076815728738,2022-10-21T19:25:46Z,train
003096,train,26.458961126267383,-82.04532444477081,2,2_SevereDamage,2_SevereDamage,grid_0.005_23291_19590,grid_0.005_23291_19590,cjXdAN6SYHtunWF5TIOlCq,128731153418171,128731153418171,2022-10-21T18:55:32Z,train
003097,val,26.443640083454326,-82.05683648586273,2,2_SevereDamage,2_SevereDamage,grid_0.005_23288_19588,grid_0.005_23288_19588,wsuK3zob9RL5EY1FcZThlt,1287988135156559,1287988135156559,2022-10-22T17:06:46Z,train
003098,train,26.43882241906709,-82.07798302173615,2,2_SevereDamage,2_SevereDamage,grid_0.005_23287_19584,grid_0.005_23287_19584,eGaqwKdfoI8yJ7kgjAtD3F,1289817398587576,1289817398587576,2022-10-22T17:32:47Z,train
003099,train,26.43398053545945,-82.11229383945465,2,2_SevereDamage,2_SevereDamage,grid_0.005_23286_19577,grid_0.005_23286_19577,jy4d8E26wL1BGrfV537bIU,1292643124961649,1292643124961649,2022-10-22T17:50:02Z,train
003100,train,26.42377732909752,-82.08514988422394,2,2_SevereDamage,2_SevereDamage,grid_0.005_23284_19582,grid_0.005_23284_19582,yILRGFcu1KtAQg0WzVjEhZ,1292867714676863,1292867714676863,2022-10-22T19:05:53Z,train
003101,train,26.456502212208207,-82.05066740512848,2,2_SevereDamage,2_SevereDamage,grid_0.005_23291_19589,grid_0.005_23291_19589,YokgWzSGxZtXC8EUIeavm5,1293371798231456,1293371798231456,2022-10-20T16:43:16Z,train
003102,train,26.45000888985244,-82.02497720718384,2,2_SevereDamage,2_SevereDamage,grid_0.005_23290_19595,grid_0.005_23290_19595,nyw9GxcmVequiNU27Ka6LA,1296578234532393,1296578234532393,2022-10-21T18:45:16Z,train
003104,train,26.448390305011145,-82.03459024429321,2,2_SevereDamage,2_SevereDamage,grid_0.005_23289_19593,grid_0.005_23289_19593,9UT5ZHyS3c7kMrjfsgzh10,1297106674241933,1297106674241933,2022-10-20T18:08:10Z,train
003105,train,26.43535434453601,-82.05685257911682,2,2_SevereDamage,2_SevereDamage,grid_0.005_23287_19588,grid_0.005_23287_19588,X52NQsIPtuAZHEwoBkDhqv,1297255030830896,1297255030830896,2022-10-21T16:58:53Z,train
003106,train,26.45186759275248,-82.021045088768,2,2_SevereDamage,2_SevereDamage,grid_0.005_23290_19595,grid_0.005_23290_19595,DtjgKvhZzkac5eR0ICSP47,1297840094108214,1297840094108214,2022-10-21T17:42:44Z,train
003107,val,26.442655432636016,-82.04937994480133,2,2_SevereDamage,2_SevereDamage,grid_0.005_23288_19590,grid_0.005_23288_19590,cAwCT0DeaQh89tvBRsHUz4,1299198307359792,1299198307359792,2022-10-22T19:41:35Z,train
003108,train,26.432217616605385,-82.10004687309265,2,2_SevereDamage,2_SevereDamage,grid_0.005_23286_19579,grid_0.005_23286_19579,5ZrTVbvnpkBCqAUuj4foc1,1302065804075372,1302065804075372,2022-10-22T18:27:18Z,test
003109,test,26.42927295359017,-82.09955871105194,2,2_SevereDamage,2_SevereDamage,grid_0.005_23285_19580,grid_0.005_23285_19580,n0eqGd6TKA3CmjSspwxEUl,1303338553911282,1303338553911282,2022-10-22T18:31:28Z,train
003110,train,26.44321260193767,-82.05231964588165,2,2_SevereDamage,2_SevereDamage,grid_0.005_23288_19589,grid_0.005_23288_19589,ZoPOLpxfckCaEiQWqzs2Hg,1303634187221700,1303634187221700,2022-10-20T16:03:32Z,train
003111,train,26.44324142096619,-82.052201628685,2,2_SevereDamage,2_SevereDamage,grid_0.005_23288_19589,grid_0.005_23288_19589,ZoPOLpxfckCaEiQWqzs2Hg,1304282413845765,1304282413845765,2022-10-20T16:03:33Z,train
003112,train,26.442958033539355,-82.03276634216309,2,2_SevereDamage,2_SevereDamage,grid_0.005_23288_19593,grid_0.005_23288_19593,5bS0CBxDknPTVWIs6OLvru,1304706226765838,1304706226765838,2022-10-21T17:19:05Z,train
003113,train,26.43191018385326,-82.11274445056915,2,2_SevereDamage,2_SevereDamage,grid_0.005_23286_19577,grid_0.005_23286_19577,pba3IXw4jEKWtURMg8nPVv,1305386663511745,1305386663511745,2022-10-20T14:11:17Z,test
003114,train,26.433351267791608,-82.05504477024078,2,2_SevereDamage,2_SevereDamage,grid_0.005_23286_19588,grid_0.005_23286_19588,NyYzSUec6DpPEo8ZrBnL17,1307663096445603,1307663096445603,2022-10-21T19:19:39Z,train
003115,val,26.440474761355105,-82.0472502708435,2,2_SevereDamage,2_SevereDamage,grid_0.005_23288_19590,grid_0.005_23288_19590,cK9RIBTNm6s1M7DYd2raCk,130791773204709,130791773204709,2022-10-21T19:29:53Z,test
003116,train,26.439634183210345,-82.04610764980316,2,2_SevereDamage,2_SevereDamage,grid_0.005_23287_19590,grid_0.005_23287_19590,uGWfqep3o2ws7cldtXQBLk,1308442426682774,1308442426682774,2022-10-21T19:09:02Z,train
003117,train,26.431300119557694,-82.05440104007721,2,2_SevereDamage,2_SevereDamage,grid_0.005_23286_19589,grid_0.005_23286_19589,d9OWh4IQeMXLPraFD8HZpy,130935673188347,130935673188347,2022-10-21T17:07:37Z,train
003118,train,26.42981577640822,-82.1005779504776,2,2_SevereDamage,2_SevereDamage,grid_0.005_23285_19579,grid_0.005_23285_19579,n0eqGd6TKA3CmjSspwxEUl,1310039986581762,1310039986581762,2022-10-22T18:31:03Z,train
003119,train,26.4475257696638,-82.03281462192535,2,2_SevereDamage,2_SevereDamage,grid_0.005_23289_19593,grid_0.005_23289_19593,9oftQ5hvKsIWYCqU7guZaA,1310837832830080,1310837832830080,2022-10-21T18:31:06Z,train
003120,train,26.480997758782365,-82.1776270866394,2,2_SevereDamage,2_SevereDamage,grid_0.005_23296_19564,grid_0.005_23296_19564,2FqKfe7p8ltGyoBMwk1naW,1312238406320225,1312238406320225,2022-10-20T15:17:38Z,train
003121,val,26.443140554334832,-82.04744338989258,2,2_SevereDamage,2_SevereDamage,grid_0.005_23288_19590,grid_0.005_23288_19590,cAwCT0DeaQh89tvBRsHUz4,1312975046296064,1312975046296064,2022-10-22T19:45:30Z,train
003122,train,26.45068129229753,-82.04448223114015,2,2_SevereDamage,2_SevereDamage,grid_0.005_23290_19591,grid_0.005_23290_19591,6e3WJg5uL72BZAq0QDM9hj,131328313317151,131328313317151,2022-10-20T16:58:54Z,train
003123,train,26.44691578804212,-82.03403234481812,2,2_SevereDamage,2_SevereDamage,grid_0.005_23289_19593,grid_0.005_23289_19593,Zw6rtyuVDIGF5YfAngi7bX,1314361626161420,1314361626161420,2022-10-20T18:15:52Z,train
003124,train,26.43985033246183,-82.05295264720917,2,2_SevereDamage,2_SevereDamage,grid_0.005_23287_19589,grid_0.005_23287_19589,ZD02REoSqG75BNbzd4CTlv,1316463372419902,1316463372419902,2022-10-21T19:12:46Z,train
003125,train,26.43650717867584,-82.04955697059631,2,2_SevereDamage,2_SevereDamage,grid_0.005_23287_19590,grid_0.005_23287_19590,ZD02REoSqG75BNbzd4CTlv,131806469754553,131806469754553,2022-10-21T19:10:38Z,train
003126,test,26.44888020549415,-82.03568994998932,2,2_SevereDamage,2_SevereDamage,grid_0.005_23289_19592,grid_0.005_23289_19592,9UT5ZHyS3c7kMrjfsgzh10,1318736102331310,1318736102331310,2022-10-20T18:08:36Z,train
003127,test,26.44854399950465,-82.02962815761566,2,2_SevereDamage,2_SevereDamage,grid_0.005_23289_19594,grid_0.005_23289_19594,nyw9GxcmVequiNU27Ka6LA,1319763935614158,1319763935614158,2022-10-21T18:39:50Z,train
003128,train,26.427471532116144,-82.0932126045227,2,2_SevereDamage,2_SevereDamage,grid_0.005_23285_19581,grid_0.005_23285_19581,yILRGFcu1KtAQg0WzVjEhZ,1319992215594487,1319992215594487,2022-10-22T18:59:04Z,train
003129,train,26.441786051015555,-82.04062521457672,2,2_SevereDamage,2_SevereDamage,grid_0.005_23288_19591,grid_0.005_23288_19591,5bS0CBxDknPTVWIs6OLvru,132195779724810,132195779724810,2022-10-21T17:16:05Z,train
003130,train,26.44570542124447,-82.06487238407135,2,2_SevereDamage,2_SevereDamage,grid_0.005_23289_19587,grid_0.005_23289_19587,mOxFlgIhNsDMV6H72nawdZ,1321978042071971,1321978042071971,2022-10-22T16:56:40Z,train
003131,train,26.44248732067961,-82.03418254852295,2,2_SevereDamage,2_SevereDamage,grid_0.005_23288_19593,grid_0.005_23288_19593,oAbgmNBZR9JTjufiX5eCxP,1324046685127071,1324046685127071,2022-10-20T17:04:41Z,train
003132,train,26.439682216412365,-82.04829633235931,2,2_SevereDamage,2_SevereDamage,grid_0.005_23287_19590,grid_0.005_23287_19590,cK9RIBTNm6s1M7DYd2raCk,1327865871091640,1327865871091640,2022-10-21T19:28:42Z,train
003133,test,26.44891382603912,-82.02566921710968,2,2_SevereDamage,2_SevereDamage,grid_0.005_23289_19594,grid_0.005_23289_19594,nyw9GxcmVequiNU27Ka6LA,132911566077723,132911566077723,2022-10-21T18:44:36Z,train
003134,train,26.4558682649124,-82.04778134822845,2,2_SevereDamage,2_SevereDamage,grid_0.005_23291_19590,grid_0.005_23291_19590,YokgWzSGxZtXC8EUIeavm5,1329212628010597,1329212628010597,2022-10-20T16:39:23Z,train
003135,train,26.43694909537166,-82.11385488510132,2,2_SevereDamage,2_SevereDamage,grid_0.005_23287_19577,grid_0.005_23287_19577,ycDhTuH2zOedjnQ5SsbA70,1330257224236452,1330257224236452,2022-10-22T17:51:35Z,train
003136,test,26.44843833456241,-82.02861428260803,2,2_SevereDamage,2_SevereDamage,grid_0.005_23289_19594,grid_0.005_23289_19594,nyw9GxcmVequiNU27Ka6LA,1331030567719233,1331030567719233,2022-10-21T18:41:58Z,train
003137,train,26.441257694339527,-82.03845262527466,2,2_SevereDamage,2_SevereDamage,grid_0.005_23288_19592,grid_0.005_23288_19592,n8NHRsX3PiA1YpCSMoy20F,1331600400950033,1331600400950033,2022-10-21T18:50:50Z,test
003138,train,26.570488638120764,-81.89644038677216,2,2_SevereDamage,2_SevereDamage,grid_0.005_23314_19620,grid_0.005_23314_19620,R6NX8Ev17S4qMjZcJWGtfd,1332817000942625,1332817000942625,2022-10-11T15:14:52Z,train
003139,train,26.447055075468683,-82.0328414440155,2,2_SevereDamage,2_SevereDamage,grid_0.005_23289_19593,grid_0.005_23289_19593,9oftQ5hvKsIWYCqU7guZaA,1332834604144938,1332834604144938,2022-10-21T18:31:51Z,train
003140,train,26.456242870554547,-82.05056011676788,2,2_SevereDamage,2_SevereDamage,grid_0.005_23291_19589,grid_0.005_23291_19589,YokgWzSGxZtXC8EUIeavm5,1339738886607928,1339738886607928,2022-10-20T16:43:10Z,train
003141,train,26.4502106109982,-82.02405989170076,2,2_SevereDamage,2_SevereDamage,grid_0.005_23290_19595,grid_0.005_23290_19595,2GE5DnWJXaevYfqkA4pId1,1339995196401535,1339995196401535,2022-10-20T17:09:01Z,train
003142,train,26.448001264907887,-82.0545995235443,2,2_SevereDamage,2_SevereDamage,grid_0.005_23289_19589,grid_0.005_23289_19589,fkzvtDXqFTJgKBrMpHPWEi,1341013863383577,1341013863383577,2022-10-21T20:11:21Z,train
003144,train,26.44028262974838,-82.05060839653014,2,2_SevereDamage,2_SevereDamage,grid_0.005_23288_19589,grid_0.005_23288_19589,ZD02REoSqG75BNbzd4CTlv,1341092610065568,1341092610065568,2022-10-21T19:16:26Z,test
003145,train,26.432549066622613,-82.0566862821579,2,2_SevereDamage,2_SevereDamage,grid_0.005_23286_19588,grid_0.005_23286_19588,NyYzSUec6DpPEo8ZrBnL17,1341554576683387,1341554576683387,2022-10-21T19:20:02Z,train
003146,train,26.42393586039645,-82.08663046360016,2,2_SevereDamage,2_SevereDamage,grid_0.005_23284_19582,grid_0.005_23284_19582,8isur9JBeVPXWMDpmQNSqw,1343071476622386,1343071476622386,2022-10-20T15:54:22Z,train
003147,train,26.43823160488182,-82.07915782928467,2,2_SevereDamage,2_SevereDamage,grid_0.005_23287_19584,grid_0.005_23287_19584,FDdzYnaCWL8jJN0GwxMkmV,1347604836092108,1347604836092108,2022-10-21T16:40:13Z,train
003148,train,26.42639066571982,-82.09061086177826,2,2_SevereDamage,2_SevereDamage,grid_0.005_23285_19581,grid_0.005_23285_19581,yILRGFcu1KtAQg0WzVjEhZ,134782622936609,134782622936609,2022-10-22T19:02:39Z,train
003149,val,26.444696772531245,-82.05947041511536,2,2_SevereDamage,2_SevereDamage,grid_0.005_23288_19588,grid_0.005_23288_19588,vItnjg2h4oOkUXx819qbfM,1348570815981321,1348570815981321,2022-10-21T20:15:56Z,train
003150,train,26.54923697392293,-81.9870775938034,2,2_SevereDamage,2_SevereDamage,grid_0.005_23309_19602,grid_0.005_23309_19602,LdAR3S0E9p7g5saOr1qQXy,134953799133059,134953799133059,2022-10-02T12:05:00Z,train
003151,train,26.43935078691068,-82.04828560352325,2,2_SevereDamage,2_SevereDamage,grid_0.005_23287_19590,grid_0.005_23287_19590,cK9RIBTNm6s1M7DYd2raCk,1350246249058065,1350246249058065,2022-10-21T19:28:35Z,train
003152,train,26.443995516316548,-82.06568777561188,2,2_SevereDamage,2_SevereDamage,grid_0.005_23288_19586,grid_0.005_23288_19586,wsuK3zob9RL5EY1FcZThlt,135039729577064,135039729577064,2022-10-22T16:59:48Z,train
003153,train,26.43480674427957,-82.05241620540619,2,2_SevereDamage,2_SevereDamage,grid_0.005_23286_19589,grid_0.005_23286_19589,NyYzSUec6DpPEo8ZrBnL17,1353828468703137,1353828468703137,2022-10-21T19:18:34Z,train
003154,test,26.42711124444336,-82.09713935852051,2,2_SevereDamage,2_SevereDamage,grid_0.005_23285_19580,grid_0.005_23285_19580,Rd8l2zEjuKLNrOXf5Q3CDB,1357987291450917,1357987291450917,2022-10-20T13:52:30Z,train
003155,train,26.436382288867705,-82.05021679401398,2,2_SevereDamage,2_SevereDamage,grid_0.005_23287_19589,grid_0.005_23287_19589,ZD02REoSqG75BNbzd4CTlv,1358521871631631,1358521871631631,2022-10-21T19:17:42Z,train
003156,train,26.50369266116202,-81.97767913341522,2,2_SevereDamage,2_SevereDamage,grid_0.005_23300_19604,grid_0.005_23300_19604,X5lqZsudxrJMCFcQmwtD9L,1360273267885481,1360273267885481,2022-10-02T17:25:14Z,train
003157,train,26.44486007816022,-82.02902197837828,2,2_SevereDamage,2_SevereDamage,grid_0.005_23288_19594,grid_0.005_23288_19594,5bS0CBxDknPTVWIs6OLvru,1363281371167500,1363281371167500,2022-10-21T17:19:53Z,train
003158,train,26.448366290228023,-82.02458560466766,2,2_SevereDamage,2_SevereDamage,grid_0.005_23289_19595,grid_0.005_23289_19595,oAbgmNBZR9JTjufiX5eCxP,1365932000998357,1365932000998357,2022-10-20T17:08:14Z,train
003159,test,26.44378898113817,-82.06290900707245,2,2_SevereDamage,2_SevereDamage,grid_0.005_23288_19587,grid_0.005_23288_19587,wsuK3zob9RL5EY1FcZThlt,1366391754225137,1366391754225137,2022-10-22T17:03:38Z,train
003160,val,26.44235763414565,-82.05574750900269,2,2_SevereDamage,2_SevereDamage,grid_0.005_23288_19588,grid_0.005_23288_19588,wJ8ZYp4KuVjgI6xsXOUWkA,1368609483686025,1368609483686025,2022-10-22T17:08:56Z,train
003161,train,26.42402233192219,-82.08741903305054,2,2_SevereDamage,2_SevereDamage,grid_0.005_23284_19582,grid_0.005_23284_19582,8isur9JBeVPXWMDpmQNSqw,1368916217299290,1368916217299290,2022-10-20T15:54:12Z,train
003162,train,26.43600281515872,-82.12292075157164,2,2_SevereDamage,2_SevereDamage,grid_0.005_23287_19575,grid_0.005_23287_19575,FM0vhu18zH3yVEaAb4LYT6,1370343590490268,1370343590490268,2022-10-20T13:59:24Z,train
003163,train,26.444740000514383,-82.03992784023285,2,2_SevereDamage,2_SevereDamage,grid_0.005_23288_19592,grid_0.005_23288_19592,5bS0CBxDknPTVWIs6OLvru,137446125588143,137446125588143,2022-10-21T17:14:12Z,test
003164,train,26.43822680150204,-82.07921147346497,2,2_SevereDamage,2_SevereDamage,grid_0.005_23287_19584,grid_0.005_23287_19584,FDdzYnaCWL8jJN0GwxMkmV,1375977353161172,1375977353161172,2022-10-21T16:40:12Z,train
003165,train,26.512295099851343,-81.96407496929169,2,2_SevereDamage,2_SevereDamage,grid_0.005_23302_19607,grid_0.005_23302_19607,UiTVbHcRCdI730PgBtJYFL,1376794413178492,1376794413178492,2022-10-02T16:16:02Z,train
003166,test,26.4456669966934,-82.02687084674835,2,2_SevereDamage,2_SevereDamage,grid_0.005_23289_19594,grid_0.005_23289_19594,n8NHRsX3PiA1YpCSMoy20F,1377756829717529,1377756829717529,2022-10-21T18:48:09Z,train
003167,train,26.42401752795024,-82.0782458782196,2,2_SevereDamage,2_SevereDamage,grid_0.005_23284_19584,grid_0.005_23284_19584,aLbXpouwqyjD4cWNZMfF2Y,1379505939277372,1379505939277372,2022-10-20T13:44:09Z,train
003168,train,26.448049294621374,-82.05263614654541,2,2_SevereDamage,2_SevereDamage,grid_0.005_23289_19589,grid_0.005_23289_19589,fkzvtDXqFTJgKBrMpHPWEi,1382524412518437,1382524412518437,2022-10-21T20:12:51Z,train
003169,val,26.44472078807944,-82.05943286418915,2,2_SevereDamage,2_SevereDamage,grid_0.005_23288_19588,grid_0.005_23288_19588,vItnjg2h4oOkUXx819qbfM,1382994099127385,1382994099127385,2022-10-21T20:15:57Z,train
003170,test,26.44501377736421,-82.02845335006714,2,2_SevereDamage,2_SevereDamage,grid_0.005_23289_19594,grid_0.005_23289_19594,5bS0CBxDknPTVWIs6OLvru,138479452387904,138479452387904,2022-10-21T17:20:06Z,train
003171,train,26.435998011686024,-82.07808494567871,2,2_SevereDamage,2_SevereDamage,grid_0.005_23287_19584,grid_0.005_23287_19584,GFA5Eq24e1SxuJVjWM0kyt,1390453494848716,1390453494848716,2022-10-20T15:59:14Z,train
003172,test,26.44815976288635,-82.03531444072723,2,2_SevereDamage,2_SevereDamage,grid_0.005_23289_19592,grid_0.005_23289_19592,9UT5ZHyS3c7kMrjfsgzh10,1391056441459530,1391056441459530,2022-10-20T18:12:39Z,train
003173,train,26.480820099608,-82.17787384986877,2,2_SevereDamage,2_SevereDamage,grid_0.005_23296_19564,grid_0.005_23296_19564,2FqKfe7p8ltGyoBMwk1naW,1391387964754583,1391387964754583,2022-10-20T15:16:39Z,train
003174,train,26.56958663808274,-81.89665496349335,2,2_SevereDamage,2_SevereDamage,grid_0.005_23313_19620,grid_0.005_23313_19620,M5eOhXKrUp6RGLtk7lZcbB,139218809184681,139218809184681,2022-10-11T15:29:22Z,train
003175,train,26.439096209979425,-82.0502758026123,2,2_SevereDamage,2_SevereDamage,grid_0.005_23287_19589,grid_0.005_23287_19589,ZD02REoSqG75BNbzd4CTlv,1396503637753456,1396503637753456,2022-10-21T19:11:33Z,train
003176,train,26.42407037163069,-82.07490384578706,2,2_SevereDamage,2_SevereDamage,grid_0.005_23284_19585,grid_0.005_23284_19585,aLbXpouwqyjD4cWNZMfF2Y,1399402043960404,1399402043960404,2022-10-20T13:43:43Z,train
003177,train,26.430363400377843,-82.0990866422653,2,2_SevereDamage,2_SevereDamage,grid_0.005_23286_19580,grid_0.005_23286_19580,5ZrTVbvnpkBCqAUuj4foc1,1399449330896215,1399449330896215,2022-10-22T18:24:34Z,train
003178,test,26.448178974747734,-82.03534126281738,2,2_SevereDamage,2_SevereDamage,grid_0.005_23289_19592,grid_0.005_23289_19592,9oftQ5hvKsIWYCqU7guZaA,139946638914700,139946638914700,2022-10-21T18:25:26Z,train
003179,train,26.445950377456214,-82.03173637390135,2,2_SevereDamage,2_SevereDamage,grid_0.005_23289_19593,grid_0.005_23289_19593,9oftQ5hvKsIWYCqU7guZaA,139963698912103,139963698912103,2022-10-21T18:29:38Z,train
003180,train,26.56956744651542,-81.89734697341919,2,2_SevereDamage,2_SevereDamage,grid_0.005_23313_19620,grid_0.005_23313_19620,M5eOhXKrUp6RGLtk7lZcbB,1400284304153409,1400284304153409,2022-10-11T15:29:31Z,train
003181,train,26.42420968667213,-82.08878695964813,2,2_SevereDamage,2_SevereDamage,grid_0.005_23284_19582,grid_0.005_23284_19582,aLbXpouwqyjD4cWNZMfF2Y,1400453593854071,1400453593854071,2022-10-20T13:46:16Z,train
003183,val,26.442227947465696,-82.05621421337128,2,2_SevereDamage,2_SevereDamage,grid_0.005_23288_19588,grid_0.005_23288_19588,wJ8ZYp4KuVjgI6xsXOUWkA,1404326457090807,1404326457090807,2022-10-22T17:09:02Z,train
003184,train,26.56979774511117,-81.89637064933778,2,2_SevereDamage,2_SevereDamage,grid_0.005_23313_19620,grid_0.005_23313_19620,R6NX8Ev17S4qMjZcJWGtfd,1404647253714236,1404647253714236,2022-10-11T15:14:42Z,train
003185,train,26.458730605305306,-82.04490602016449,2,2_SevereDamage,2_SevereDamage,grid_0.005_23291_19591,grid_0.005_23291_19591,tTMujQinkPSmUalNr8ODYC,1405780130162571,1405780130162571,2022-10-21T19:00:51Z,test
003186,train,26.44877454086034,-82.03196704387663,2,2_SevereDamage,2_SevereDamage,grid_0.005_23289_19593,grid_0.005_23289_19593,9oftQ5hvKsIWYCqU7guZaA,140636728564557,140636728564557,2022-10-21T18:26:30Z,train
003187,train,26.43674735100336,-82.04541027545929,2,2_SevereDamage,2_SevereDamage,grid_0.005_23287_19590,grid_0.005_23287_19590,PioLgY63BXl1ItahOyTeME,1408130496257913,1408130496257913,2022-10-21T17:10:03Z,train
003188,val,26.442665039026124,-82.04946577548981,2,2_SevereDamage,2_SevereDamage,grid_0.005_23288_19590,grid_0.005_23288_19590,cAwCT0DeaQh89tvBRsHUz4,1409613969887253,1409613969887253,2022-10-22T19:43:50Z,test
003189,train,26.426433900570245,-82.09031045436859,2,2_SevereDamage,2_SevereDamage,grid_0.005_23285_19581,grid_0.005_23285_19581,yILRGFcu1KtAQg0WzVjEhZ,1412485186259229,1412485186259229,2022-10-22T19:03:22Z,train
003190,train,26.44239605980057,-82.03438639640808,2,2_SevereDamage,2_SevereDamage,grid_0.005_23288_19593,grid_0.005_23288_19593,5bS0CBxDknPTVWIs6OLvru,1416139895857171,1416139895857171,2022-10-21T17:18:48Z,train
003191,val,26.452837756510604,-82.03926265239716,2,2_SevereDamage,2_SevereDamage,grid_0.005_23290_19592,grid_0.005_23290_19592,YokgWzSGxZtXC8EUIeavm5,1416972875511305,1416972875511305,2022-10-20T16:37:21Z,train
003192,train,26.435075741221937,-82.08195269107819,2,2_SevereDamage,2_SevereDamage,grid_0.005_23287_19583,grid_0.005_23287_19583,8zouvat6BbkWiE0A1VYwfq,1419347272243566,1419347272243566,2022-10-22T19:11:20Z,train
003193,train,26.436718530350504,-82.04549074172975,2,2_SevereDamage,2_SevereDamage,grid_0.005_23287_19590,grid_0.005_23287_19590,CDu3ifjIyq6W2ZEgm9Jecs,1428575397944849,1428575397944849,2022-10-22T19:37:39Z,train
003194,train,26.42398390014098,-82.08703815937042,2,2_SevereDamage,2_SevereDamage,grid_0.005_23284_19582,grid_0.005_23284_19582,8isur9JBeVPXWMDpmQNSqw,1429074661281615,1429074661281615,2022-10-20T15:54:17Z,train
003195,train,26.457650032142567,-82.04936385154724,2,2_SevereDamage,2_SevereDamage,grid_0.005_23291_19590,grid_0.005_23291_19590,YokgWzSGxZtXC8EUIeavm5,1431516684365262,1431516684365262,2022-10-20T16:42:03Z,train
003196,train,26.47838085941079,-82.17689216136932,2,2_SevereDamage,2_SevereDamage,grid_0.005_23295_19564,grid_0.005_23295_19564,2FqKfe7p8ltGyoBMwk1naW,1432855714215278,1432855714215278,2022-10-20T15:13:48Z,train
003197,train,26.43976387280989,-82.05361247062683,2,2_SevereDamage,2_SevereDamage,grid_0.005_23287_19589,grid_0.005_23287_19589,ZD02REoSqG75BNbzd4CTlv,1433721737033009,1433721737033009,2022-10-21T19:14:42Z,train
003198,train,26.45224701420534,-82.05015778541565,2,2_SevereDamage,2_SevereDamage,grid_0.005_23290_19589,grid_0.005_23290_19589,cy8maM4ht0X3eRY9jKSwxo,1436661820430385,1436661820430385,2022-10-20T16:46:51Z,train
003199,train,26.4381979812192,-82.04499185085297,2,2_SevereDamage,2_SevereDamage,grid_0.005_23287_19591,grid_0.005_23287_19591,CDu3ifjIyq6W2ZEgm9Jecs,1438279963598825,1438279963598825,2022-10-22T19:36:59Z,train
003200,train,26.515564049643643,-82.19175159931183,2,2_SevereDamage,2_SevereDamage,grid_0.005_23303_19561,grid_0.005_23303_19561,5lx9r3DNnpsEXKTiPI0abv,1441477076654695,1441477076654695,2022-10-20T14:35:35Z,train
003201,test,26.445806285630027,-82.02642560005187,2,2_SevereDamage,2_SevereDamage,grid_0.005_23289_19594,grid_0.005_23289_19594,oAbgmNBZR9JTjufiX5eCxP,1443134793179538,1443134793179538,2022-10-20T17:07:21Z,train
003202,test,26.42700075599808,-82.09690868854523,2,2_SevereDamage,2_SevereDamage,grid_0.005_23285_19580,grid_0.005_23285_19580,n0eqGd6TKA3CmjSspwxEUl,1445369192890729,1445369192890729,2022-10-22T18:37:46Z,train
003203,train,26.49188726199164,-81.99398696422577,2,2_SevereDamage,2_SevereDamage,grid_0.005_23298_19601,grid_0.005_23298_19601,LhDSJj5zKClm8IaFvdBi0Y,144967655043759,144967655043759,2022-10-21T21:34:50Z,train
003204,train,26.449835985732022,-82.02400088310242,2,2_SevereDamage,2_SevereDamage,grid_0.005_23289_19595,grid_0.005_23289_19595,nyw9GxcmVequiNU27Ka6LA,145086228360466,145086228360466,2022-10-21T18:46:14Z,train
003205,train,26.5112006289104,-81.96404814720154,2,2_SevereDamage,2_SevereDamage,grid_0.005_23302_19607,grid_0.005_23302_19607,UiTVbHcRCdI730PgBtJYFL,1460218814738606,1460218814738606,2022-10-02T16:15:40Z,train
003206,train,26.448601634886828,-82.03382313251495,2,2_SevereDamage,2_SevereDamage,grid_0.005_23289_19593,grid_0.005_23289_19593,9UT5ZHyS3c7kMrjfsgzh10,1460757817994702,1460757817994702,2022-10-20T18:08:03Z,train
003207,val,26.450517994921825,-82.03082978725433,2,2_SevereDamage,2_SevereDamage,grid_0.005_23290_19593,grid_0.005_23290_19593,9UT5ZHyS3c7kMrjfsgzh10,1461322441290898,1461322441290898,2022-10-20T18:06:50Z,train
003208,train,26.432217616605385,-82.10010051727295,2,2_SevereDamage,2_SevereDamage,grid_0.005_23286_19579,grid_0.005_23286_19579,5ZrTVbvnpkBCqAUuj4foc1,1462893114453400,1462893114453400,2022-10-22T18:27:18Z,train
003209,train,26.44429331057306,-82.03049719333649,2,2_SevereDamage,2_SevereDamage,grid_0.005_23288_19593,grid_0.005_23288_19593,oAbgmNBZR9JTjufiX5eCxP,1463123671178578,1463123671178578,2022-10-20T17:06:17Z,train
003210,train,26.4307621074208,-82.10372149944305,2,2_SevereDamage,2_SevereDamage,grid_0.005_23286_19579,grid_0.005_23286_19579,5ZrTVbvnpkBCqAUuj4foc1,1465823940844949,1465823940844949,2022-10-22T18:22:42Z,train
003211,train,26.48165557549831,-82.17756807804108,2,2_SevereDamage,2_SevereDamage,grid_0.005_23296_19564,grid_0.005_23296_19564,5yBCsRpucFZLO3HxAkG92Q,1465898274167240,1465898274167240,2022-10-20T15:23:59Z,train
003212,test,26.427303398008945,-82.09504723548889,2,2_SevereDamage,2_SevereDamage,grid_0.005_23285_19580,grid_0.005_23285_19580,2ek5PhnmIQDEKNjtAzLxuV,1467591860672405,1467591860672405,2022-10-22T18:56:33Z,train
003213,val,26.444749606730653,-82.05938994884491,2,2_SevereDamage,2_SevereDamage,grid_0.005_23288_19588,grid_0.005_23288_19588,vItnjg2h4oOkUXx819qbfM,146829541511749,146829541511749,2022-10-21T20:15:58Z,train
003214,test,26.4286388564418,-82.09823369979857,2,2_SevereDamage,2_SevereDamage,grid_0.005_23285_19580,grid_0.005_23285_19580,n0eqGd6TKA3CmjSspwxEUl,1469542770448739,1469542770448739,2022-10-22T18:33:01Z,train
003215,val,26.442655432636016,-82.04927802085876,2,2_SevereDamage,2_SevereDamage,grid_0.005_23288_19590,grid_0.005_23288_19590,cAwCT0DeaQh89tvBRsHUz4,1471796276958495,1471796276958495,2022-10-22T19:41:32Z,train
003216,val,26.439807102643968,-82.06569314002991,2,2_SevereDamage,2_SevereDamage,grid_0.005_23287_19586,grid_0.005_23287_19586,bHW0YasAr5m2fTOgSIokNq,1477772209625066,1477772209625066,2022-10-22T17:18:26Z,train
003217,train,26.44901949054514,-82.03079760074615,2,2_SevereDamage,2_SevereDamage,grid_0.005_23289_19593,grid_0.005_23289_19593,9oftQ5hvKsIWYCqU7guZaA,147879104762033,147879104762033,2022-10-21T18:33:22Z,train
003218,train,26.450753335183805,-82.04967498779298,2,2_SevereDamage,2_SevereDamage,grid_0.005_23290_19590,grid_0.005_23290_19590,cy8maM4ht0X3eRY9jKSwxo,147908948257254,147908948257254,2022-10-20T16:48:45Z,train
003219,train,26.45110874609651,-82.04764187335968,2,2_SevereDamage,2_SevereDamage,grid_0.005_23290_19590,grid_0.005_23290_19590,cy8maM4ht0X3eRY9jKSwxo,1481367296022988,1481367296022988,2022-10-20T16:50:10Z,test
003220,train,26.44177164132016,-82.04114556312561,2,2_SevereDamage,2_SevereDamage,grid_0.005_23288_19591,grid_0.005_23288_19591,5bS0CBxDknPTVWIs6OLvru,148168588075248,148168588075248,2022-10-21T17:16:34Z,test
003221,test,26.426779778789907,-82.09616303443909,2,2_SevereDamage,2_SevereDamage,grid_0.005_23285_19580,grid_0.005_23285_19580,n0eqGd6TKA3CmjSspwxEUl,1483398015740733,1483398015740733,2022-10-22T18:38:14Z,train
003222,train,26.43508054473304,-82.04760432243347,2,2_SevereDamage,2_SevereDamage,grid_0.005_23287_19590,grid_0.005_23287_19590,PioLgY63BXl1ItahOyTeME,148344944716351,148344944716351,2022-10-21T17:08:52Z,train
003223,train,26.42395988027121,-82.08683431148529,2,2_SevereDamage,2_SevereDamage,grid_0.005_23284_19582,grid_0.005_23284_19582,8isur9JBeVPXWMDpmQNSqw,1483845782421963,1483845782421963,2022-10-20T15:54:20Z,train
003224,train,26.434153463377072,-82.05714225769043,2,2_SevereDamage,2_SevereDamage,grid_0.005_23286_19588,grid_0.005_23286_19588,NyYzSUec6DpPEo8ZrBnL17,148545167742800,148545167742800,2022-10-21T19:21:47Z,train
003225,train,26.476666638007927,-82.1747624874115,2,2_SevereDamage,2_SevereDamage,grid_0.005_23295_19565,grid_0.005_23295_19565,V9j3Lpa2hEK7wUbA8cGd65,1485664735506032,1485664735506032,2022-10-20T14:28:54Z,train
003226,test,26.439643789852354,-82.12888062000275,2,2_SevereDamage,2_SevereDamage,grid_0.005_23287_19574,grid_0.005_23287_19574,pba3IXw4jEKWtURMg8nPVv,148575278234880,148575278234880,2022-10-20T14:06:39Z,train
003227,test,26.427096832912994,-82.09709107875824,2,2_SevereDamage,2_SevereDamage,grid_0.005_23285_19580,grid_0.005_23285_19580,Rd8l2zEjuKLNrOXf5Q3CDB,1487265785362018,1487265785362018,2022-10-20T13:52:30Z,train
003228,test,26.449605446501,-82.0355075597763,2,2_SevereDamage,2_SevereDamage,grid_0.005_23289_19592,grid_0.005_23289_19592,9UT5ZHyS3c7kMrjfsgzh10,1489443765217397,1489443765217397,2022-10-20T18:12:02Z,train
003229,train,26.442785118834763,-82.03323304653168,2,2_SevereDamage,2_SevereDamage,grid_0.005_23288_19593,grid_0.005_23288_19593,n8NHRsX3PiA1YpCSMoy20F,149069934290233,149069934290233,2022-10-21T18:49:29Z,train
003230,train,26.44622895447572,-82.06222772598267,2,2_SevereDamage,2_SevereDamage,grid_0.005_23289_19587,grid_0.005_23289_19587,mOxFlgIhNsDMV6H72nawdZ,149779964784493,149779964784493,2022-10-22T16:55:00Z,train
003231,train,26.436439930334423,-82.12393999099731,2,2_SevereDamage,2_SevereDamage,grid_0.005_23287_19575,grid_0.005_23287_19575,FM0vhu18zH3yVEaAb4LYT6,1502019600625017,1502019600625017,2022-10-20T13:59:40Z,train
003232,train,26.442693858191618,-82.05447614192963,2,2_SevereDamage,2_SevereDamage,grid_0.005_23288_19589,grid_0.005_23288_19589,6Enx3OZopQHazvV5Aye4tg,1503428453399733,1503428453399733,2022-10-21T19:36:03Z,train
003233,train,26.522116069706485,-82.19262063503265,2,2_SevereDamage,2_SevereDamage,grid_0.005_23304_19561,grid_0.005_23304_19561,YeKk9dJpcaH7tzifUmZxhj,150789684632595,150789684632595,2022-10-20T14:42:04Z,train
003234,train,26.42368605340228,-82.07948505878448,2,2_SevereDamage,2_SevereDamage,grid_0.005_23284_19584,grid_0.005_23284_19584,aLbXpouwqyjD4cWNZMfF2Y,1508199789951621,1508199789951621,2022-10-20T13:44:19Z,train
003235,train,26.439783086071472,-82.05351054668427,2,2_SevereDamage,2_SevereDamage,grid_0.005_23287_19589,grid_0.005_23287_19589,ZD02REoSqG75BNbzd4CTlv,150965071081562,150965071081562,2022-10-21T19:14:44Z,train
003236,test,26.443630477145533,-82.06418037414551,2,2_SevereDamage,2_SevereDamage,grid_0.005_23288_19587,grid_0.005_23288_19587,wsuK3zob9RL5EY1FcZThlt,1514960698907692,1514960698907692,2022-10-22T17:02:09Z,train
003237,test,26.4369154713348,-82.1250718832016,2,2_SevereDamage,2_SevereDamage,grid_0.005_23287_19574,grid_0.005_23287_19574,pba3IXw4jEKWtURMg8nPVv,151693497924855,151693497924855,2022-10-20T14:08:08Z,test
003238,train,26.43463862087178,-82.11306095123291,2,2_SevereDamage,2_SevereDamage,grid_0.005_23286_19577,grid_0.005_23286_19577,jy4d8E26wL1BGrfV537bIU,152212131208822,152212131208822,2022-10-22T17:50:31Z,train
003239,train,26.43966300313396,-82.0502758026123,2,2_SevereDamage,2_SevereDamage,grid_0.005_23287_19589,grid_0.005_23287_19589,ZD02REoSqG75BNbzd4CTlv,1525338974629354,1525338974629354,2022-10-21T19:11:46Z,train
003240,train,26.431751663520046,-82.05896079540253,2,2_SevereDamage,2_SevereDamage,grid_0.005_23286_19588,grid_0.005_23286_19588,NyYzSUec6DpPEo8ZrBnL17,1529483674130623,1529483674130623,2022-10-21T19:25:06Z,train
003241,train,26.43989356226349,-82.05263614654541,2,2_SevereDamage,2_SevereDamage,grid_0.005_23287_19589,grid_0.005_23287_19589,ZD02REoSqG75BNbzd4CTlv,153533267464739,153533267464739,2022-10-21T19:12:39Z,train
003242,train,26.450887815117625,-82.0413225889206,2,2_SevereDamage,2_SevereDamage,grid_0.005_23290_19591,grid_0.005_23290_19591,6e3WJg5uL72BZAq0QDM9hj,154004641025066,154004641025066,2022-10-20T16:59:50Z,train
003243,train,26.43043545596961,-82.10371613502502,2,2_SevereDamage,2_SevereDamage,grid_0.005_23286_19579,grid_0.005_23286_19579,5ZrTVbvnpkBCqAUuj4foc1,1542001136620643,1542001136620643,2022-10-22T18:22:48Z,train
003244,val,26.442333618104826,-82.05582797527313,2,2_SevereDamage,2_SevereDamage,grid_0.005_23288_19588,grid_0.005_23288_19588,6Enx3OZopQHazvV5Aye4tg,1543027592847518,1543027592847518,2022-10-21T19:36:20Z,test
003245,train,26.438716745207643,-82.044997215271,2,2_SevereDamage,2_SevereDamage,grid_0.005_23287_19591,grid_0.005_23287_19591,CDu3ifjIyq6W2ZEgm9Jecs,1543095546441101,1543095546441101,2022-10-22T19:36:44Z,train
003246,test,26.44851998475357,-82.02762186527252,2,2_SevereDamage,2_SevereDamage,grid_0.005_23289_19594,grid_0.005_23289_19594,nyw9GxcmVequiNU27Ka6LA,154553550704322,154553550704322,2022-10-21T18:43:46Z,train
003247,test,26.443909059775308,-82.06010341644287,2,2_SevereDamage,2_SevereDamage,grid_0.005_23288_19587,grid_0.005_23288_19587,vItnjg2h4oOkUXx819qbfM,1546184169192252,1546184169192252,2022-10-21T20:15:35Z,train
003248,train,26.42403193986549,-82.0875209569931,2,2_SevereDamage,2_SevereDamage,grid_0.005_23284_19582,grid_0.005_23284_19582,yILRGFcu1KtAQg0WzVjEhZ,1550340765492314,1550340765492314,2022-10-22T19:05:27Z,train
003249,train,26.44814055102179,-82.03181684017181,2,2_SevereDamage,2_SevereDamage,grid_0.005_23289_19593,grid_0.005_23289_19593,9oftQ5hvKsIWYCqU7guZaA,1551512102023408,1551512102023408,2022-10-21T18:26:44Z,train
003250,train,26.438418936536834,-82.05424010753632,2,2_SevereDamage,2_SevereDamage,grid_0.005_23287_19589,grid_0.005_23287_19589,ZD02REoSqG75BNbzd4CTlv,1552192838604744,1552192838604744,2022-10-21T19:13:29Z,train
003251,train,26.44319819242071,-82.05238401889801,2,2_SevereDamage,2_SevereDamage,grid_0.005_23288_19589,grid_0.005_23288_19589,CDu3ifjIyq6W2ZEgm9Jecs,1555290811668498,1555290811668498,2022-10-22T19:33:12Z,train
003252,train,26.44099831835733,-82.03704178333284,2,2_SevereDamage,2_SevereDamage,grid_0.005_23288_19592,grid_0.005_23288_19592,n8NHRsX3PiA1YpCSMoy20F,155825347231873,155825347231873,2022-10-21T18:50:12Z,train
003253,train,26.443174176555104,-82.05258786678314,2,2_SevereDamage,2_SevereDamage,grid_0.005_23288_19589,grid_0.005_23288_19589,6Enx3OZopQHazvV5Aye4tg,1559630664460294,1559630664460294,2022-10-21T19:35:40Z,train
003254,train,26.42924893482234,-82.10185468196869,2,2_SevereDamage,2_SevereDamage,grid_0.005_23285_19579,grid_0.005_23285_19579,5ZrTVbvnpkBCqAUuj4foc1,1560320684373674,1560320684373674,2022-10-22T18:23:28Z,train
003255,train,26.460944547973256,-82.0463812351227,2,2_SevereDamage,2_SevereDamage,grid_0.005_23292_19590,grid_0.005_23292_19590,cjXdAN6SYHtunWF5TIOlCq,1563203814144388,1563203814144388,2022-10-21T18:58:44Z,train
003256,train,26.557687249516466,-81.95444583892822,2,2_SevereDamage,2_SevereDamage,grid_0.005_23311_19609,grid_0.005_23311_19609,7rpiSYZ6TfnMsH4vtXo8Q9,156847196701185,156847196701185,2022-10-02T11:45:37.500000Z,train
003257,test,26.44824621623724,-82.02730536460876,2,2_SevereDamage,2_SevereDamage,grid_0.005_23289_19594,grid_0.005_23289_19594,nyw9GxcmVequiNU27Ka6LA,157595523713306,157595523713306,2022-10-21T18:43:58Z,train
003258,train,26.43814514401524,-82.04830169677734,2,2_SevereDamage,2_SevereDamage,grid_0.005_23287_19590,grid_0.005_23287_19590,cK9RIBTNm6s1M7DYd2raCk,1583291975446919,1583291975446919,2022-10-21T19:28:06Z,train
003259,train,26.43813073386451,-82.06456661224365,2,2_SevereDamage,2_SevereDamage,grid_0.005_23287_19587,grid_0.005_23287_19587,X52NQsIPtuAZHEwoBkDhqv,158982920225154,158982920225154,2022-10-21T16:53:40Z,train
003260,train,26.447136726640423,-82.04953014850616,2,2_SevereDamage,2_SevereDamage,grid_0.005_23289_19590,grid_0.005_23289_19590,6e3WJg5uL72BZAq0QDM9hj,1591323644688444,1591323644688444,2022-10-20T16:56:52Z,train
003261,train,26.4502106109982,-82.0240867137909,2,2_SevereDamage,2_SevereDamage,grid_0.005_23290_19595,grid_0.005_23290_19595,nyw9GxcmVequiNU27Ka6LA,1596233080799141,1596233080799141,2022-10-21T18:46:08Z,train
003262,test,26.44716074167991,-82.02864110469818,2,2_SevereDamage,2_SevereDamage,grid_0.005_23289_19594,grid_0.005_23289_19594,nyw9GxcmVequiNU27Ka6LA,1601076423744132,1601076423744132,2022-10-21T18:37:49Z,train
003263,train,26.448625649620908,-82.03362464904785,2,2_SevereDamage,2_SevereDamage,grid_0.005_23289_19593,grid_0.005_23289_19593,9oftQ5hvKsIWYCqU7guZaA,1602188843579802,1602188843579802,2022-10-21T18:26:00Z,train
003264,train,26.45054681212258,-82.02558875083923,2,2_SevereDamage,2_SevereDamage,grid_0.005_23290_19594,grid_0.005_23290_19594,qLOwB6Mxsdzou8VFbWP7SU,1606766746475165,1606766746475165,2022-10-20T17:26:42Z,train
003265,val,26.45325079404581,-82.03985810279846,2,2_SevereDamage,2_SevereDamage,grid_0.005_23290_19592,grid_0.005_23290_19592,YokgWzSGxZtXC8EUIeavm5,1607440849722484,1607440849722484,2022-10-20T16:37:31Z,train
003266,train,26.440657286084715,-82.03987956047058,2,2_SevereDamage,2_SevereDamage,grid_0.005_23288_19592,grid_0.005_23288_19592,PioLgY63BXl1ItahOyTeME,1622267578275511,1622267578275511,2022-10-21T17:12:16Z,train
003267,train,26.445388418314863,-82.03267514705658,2,2_SevereDamage,2_SevereDamage,grid_0.005_23289_19593,grid_0.005_23289_19593,9oftQ5hvKsIWYCqU7guZaA,1623722724726694,1623722724726694,2022-10-21T18:29:06Z,train
003268,train,26.43499888501674,-82.05197632312775,2,2_SevereDamage,2_SevereDamage,grid_0.005_23286_19589,grid_0.005_23286_19589,cK9RIBTNm6s1M7DYd2raCk,1623958931398338,1623958931398338,2022-10-21T19:26:54Z,test
003269,train,26.439840725837044,-82.05294728279114,2,2_SevereDamage,2_SevereDamage,grid_0.005_23287_19589,grid_0.005_23287_19589,ZD02REoSqG75BNbzd4CTlv,1634486540316626,1634486540316626,2022-10-21T19:15:34Z,train
003270,train,26.44584471013465,-82.05704033374785,2,2_SevereDamage,2_SevereDamage,grid_0.005_23289_19588,grid_0.005_23289_19588,mOxFlgIhNsDMV6H72nawdZ,163547923302817,163547923302817,2022-10-22T16:51:54Z,train
003271,train,26.45945578427392,-82.04615592956543,2,2_SevereDamage,2_SevereDamage,grid_0.005_23291_19590,grid_0.005_23291_19590,0YIfZrHA3aCDs75ngd9Kcx,1636967026778909,1636967026778909,2022-10-20T16:29:47Z,train
003272,train,26.44024900668425,-82.05056548118591,2,2_SevereDamage,2_SevereDamage,grid_0.005_23288_19589,grid_0.005_23288_19589,ZD02REoSqG75BNbzd4CTlv,1637144130081121,1637144130081121,2022-10-21T19:16:27Z,train
003273,train,26.43816916092913,-82.0645934343338,2,2_SevereDamage,2_SevereDamage,grid_0.005_23287_19587,grid_0.005_23287_19587,X52NQsIPtuAZHEwoBkDhqv,163819009737550,163819009737550,2022-10-21T16:53:41Z,train
003274,train,26.438159554164187,-82.05422401428223,2,2_SevereDamage,2_SevereDamage,grid_0.005_23287_19589,grid_0.005_23287_19589,ZD02REoSqG75BNbzd4CTlv,1639524633165154,1639524633165154,2022-10-21T19:14:03Z,train
003275,test,26.43882722242205,-82.12774336338043,2,2_SevereDamage,2_SevereDamage,grid_0.005_23287_19574,grid_0.005_23287_19574,pba3IXw4jEKWtURMg8nPVv,1641302746339246,1641302746339246,2022-10-20T14:07:17Z,train
003276,val,26.450786955181982,-82.03268587589264,2,2_SevereDamage,2_SevereDamage,grid_0.005_23290_19593,grid_0.005_23290_19593,9UT5ZHyS3c7kMrjfsgzh10,1644361429402356,1644361429402356,2022-10-20T18:09:53Z,train
003277,train,26.45236228123457,-82.05101609230042,2,2_SevereDamage,2_SevereDamage,grid_0.005_23290_19589,grid_0.005_23290_19589,cy8maM4ht0X3eRY9jKSwxo,1644848636016868,1644848636016868,2022-10-20T16:46:23Z,train
003278,train,26.434134249176807,-82.10334599018097,2,2_SevereDamage,2_SevereDamage,grid_0.005_23286_19579,grid_0.005_23286_19579,0M2YgdFsf6GZmIwQJy5APK,1645824852567493,1645824852567493,2022-10-22T18:21:31Z,train
003279,train,26.448851387876378,-82.03273952007294,2,2_SevereDamage,2_SevereDamage,grid_0.005_23289_19593,grid_0.005_23289_19593,Zw6rtyuVDIGF5YfAngi7bX,1649103275513125,1649103275513125,2022-10-20T18:16:55Z,train
003280,train,26.44492251848658,-82.0288074016571,2,2_SevereDamage,2_SevereDamage,grid_0.005_23288_19594,grid_0.005_23288_19594,oAbgmNBZR9JTjufiX5eCxP,164977273241615,164977273241615,2022-10-20T17:06:45Z,train
003281,train,26.42503116159721,-82.09157645702362,2,2_SevereDamage,2_SevereDamage,grid_0.005_23285_19581,grid_0.005_23285_19581,8isur9JBeVPXWMDpmQNSqw,165135389789095,165135389789095,2022-10-20T15:52:33Z,test
003282,train,26.444504647965488,-82.03992247581482,2,2_SevereDamage,2_SevereDamage,grid_0.005_23288_19592,grid_0.005_23288_19592,5bS0CBxDknPTVWIs6OLvru,165230342511334,165230342511334,2022-10-21T17:14:18Z,train
003283,val,26.43791938477999,-82.06609010696411,2,2_SevereDamage,2_SevereDamage,grid_0.005_23287_19586,grid_0.005_23287_19586,ojkNER9alymT7XHIBhWvS2,165260749579188,165260749579188,2022-10-21T16:47:48Z,train
003284,train,26.4471319236319,-82.05001294612885,2,2_SevereDamage,2_SevereDamage,grid_0.005_23289_19589,grid_0.005_23289_19589,6e3WJg5uL72BZAq0QDM9hj,1654903028323954,1654903028323954,2022-10-20T16:56:44Z,train
003285,train,26.438255621777685,-82.0542186498642,2,2_SevereDamage,2_SevereDamage,grid_0.005_23287_19589,grid_0.005_23287_19589,ZD02REoSqG75BNbzd4CTlv,165718466200703,165718466200703,2022-10-21T19:14:06Z,train
003286,train,26.43033457812849,-82.10044384002684,2,2_SevereDamage,2_SevereDamage,grid_0.005_23286_19579,grid_0.005_23286_19579,0M2YgdFsf6GZmIwQJy5APK,1657881704675281,1657881704675281,2022-10-22T18:18:19Z,train
003287,val,26.442655432636016,-82.0491224527359,2,2_SevereDamage,2_SevereDamage,grid_0.005_23288_19590,grid_0.005_23288_19590,cAwCT0DeaQh89tvBRsHUz4,1660320244393999,1660320244393999,2022-10-22T19:41:28Z,test
003288,train,26.456689514150327,-82.05084443092346,2,2_SevereDamage,2_SevereDamage,grid_0.005_23291_19589,grid_0.005_23291_19589,YokgWzSGxZtXC8EUIeavm5,1660931257706187,1660931257706187,2022-10-20T16:44:26Z,train
003289,test,26.42668370161074,-82.09598600864412,2,2_SevereDamage,2_SevereDamage,grid_0.005_23285_19580,grid_0.005_23285_19580,2ek5PhnmIQDEKNjtAzLxuV,1661414277697307,1661414277697307,2022-10-22T18:55:56Z,train
003290,train,26.42527135783783,-82.09225237369537,2,2_SevereDamage,2_SevereDamage,grid_0.005_23285_19581,grid_0.005_23285_19581,yILRGFcu1KtAQg0WzVjEhZ,1662310967583845,1662310967583845,2022-10-22T19:01:04Z,train
003291,train,26.44499456497493,-82.03404307365417,2,2_SevereDamage,2_SevereDamage,grid_0.005_23288_19593,grid_0.005_23288_19593,9UT5ZHyS3c7kMrjfsgzh10,1662483814250943,1662483814250943,2022-10-20T18:14:05Z,train
003292,train,26.441872509150045,-82.04094707965851,2,2_SevereDamage,2_SevereDamage,grid_0.005_23288_19591,grid_0.005_23288_19591,5bS0CBxDknPTVWIs6OLvru,1665723333826030,1665723333826030,2022-10-21T17:16:41Z,train
003293,train,26.44479763779998,-82.03440248966217,2,2_SevereDamage,2_SevereDamage,grid_0.005_23288_19593,grid_0.005_23288_19593,9UT5ZHyS3c7kMrjfsgzh10,167019459596385,167019459596385,2022-10-20T18:14:12Z,train
003294,train,26.44286196984661,-82.03296482563019,2,2_SevereDamage,2_SevereDamage,grid_0.005_23288_19593,grid_0.005_23288_19593,5bS0CBxDknPTVWIs6OLvru,167303726041764,167303726041764,2022-10-21T17:19:03Z,train
003295,train,26.43968701973149,-82.04500257968903,2,2_SevereDamage,2_SevereDamage,grid_0.005_23287_19590,grid_0.005_23287_19590,CDu3ifjIyq6W2ZEgm9Jecs,167400839561546,167400839561546,2022-10-22T19:36:09Z,train
003296,test,26.44833747248165,-82.0275628566742,2,2_SevereDamage,2_SevereDamage,grid_0.005_23289_19594,grid_0.005_23289_19594,nyw9GxcmVequiNU27Ka6LA,167757382391463,167757382391463,2022-10-21T18:43:50Z,train
003297,val,26.45302506441365,-82.03950941562653,2,2_SevereDamage,2_SevereDamage,grid_0.005_23290_19592,grid_0.005_23290_19592,YokgWzSGxZtXC8EUIeavm5,1678905829292438,1678905829292438,2022-10-20T16:37:25Z,test
003298,train,26.4471319236319,-82.04984664916992,2,2_SevereDamage,2_SevereDamage,grid_0.005_23289_19590,grid_0.005_23289_19590,6e3WJg5uL72BZAq0QDM9hj,167985929600411,167985929600411,2022-10-20T16:56:47Z,train
003299,train,26.57047424455889,-81.89676225185394,2,2_SevereDamage,2_SevereDamage,grid_0.005_23314_19620,grid_0.005_23314_19620,M5eOhXKrUp6RGLtk7lZcbB,168114226257051,168114226257051,2022-10-11T15:30:50Z,train
003300,train,26.43508054473304,-82.08190441131592,2,2_SevereDamage,2_SevereDamage,grid_0.005_23287_19583,grid_0.005_23287_19583,8zouvat6BbkWiE0A1VYwfq,168236589456168,168236589456168,2022-10-22T19:11:22Z,train
003301,test,26.42941706609197,-82.09955871105194,2,2_SevereDamage,2_SevereDamage,grid_0.005_23285_19580,grid_0.005_23285_19580,n0eqGd6TKA3CmjSspwxEUl,1683652602149579,1683652602149579,2022-10-22T18:31:25Z,train
003302,train,26.45086380085523,-82.04314112663269,2,2_SevereDamage,2_SevereDamage,grid_0.005_23290_19591,grid_0.005_23290_19591,6e3WJg5uL72BZAq0QDM9hj,1689449564837649,1689449564837649,2022-10-20T16:59:18Z,train
003303,train,26.449547811621144,-82.02487528324126,2,2_SevereDamage,2_SevereDamage,grid_0.005_23289_19595,grid_0.005_23289_19595,nyw9GxcmVequiNU27Ka6LA,169540799150781,169540799150781,2022-10-21T18:45:04Z,test
003304,train,26.4472568017878,-82.03403234481812,2,2_SevereDamage,2_SevereDamage,grid_0.005_23289_19593,grid_0.005_23289_19593,9UT5ZHyS3c7kMrjfsgzh10,1697469417356436,1697469417356436,2022-10-20T18:13:19Z,train
003305,train,26.428273768622645,-82.10205852985382,2,2_SevereDamage,2_SevereDamage,grid_0.005_23285_19579,grid_0.005_23285_19579,Rd8l2zEjuKLNrOXf5Q3CDB,1698916903906995,1698916903906995,2022-10-20T13:53:22Z,train
003306,train,26.43416307047599,-82.04925656318665,2,2_SevereDamage,2_SevereDamage,grid_0.005_23286_19590,grid_0.005_23286_19590,njtp7LVIeUbyEwXSkgYzCT,1702115383567642,1702115383567642,2022-10-20T13:38:07Z,test
003307,train,26.45295782571428,-82.04672455787659,2,2_SevereDamage,2_SevereDamage,grid_0.005_23290_19590,grid_0.005_23290_19590,cy8maM4ht0X3eRY9jKSwxo,1707742982981098,1707742982981098,2022-10-20T16:50:58Z,train
003308,test,26.4397782827564,-82.12905764579773,2,2_SevereDamage,2_SevereDamage,grid_0.005_23287_19574,grid_0.005_23287_19574,FM0vhu18zH3yVEaAb4LYT6,171314009265003,171314009265003,2022-10-20T14:01:18Z,train
003309,train,26.44711751460521,-82.03403234481812,2,2_SevereDamage,2_SevereDamage,grid_0.005_23289_19593,grid_0.005_23289_19593,9UT5ZHyS3c7kMrjfsgzh10,1713592182426087,1713592182426087,2022-10-20T18:13:22Z,train
003310,train,26.48684595352256,-82.18387126922607,2,2_SevereDamage,2_SevereDamage,grid_0.005_23297_19563,grid_0.005_23297_19563,SyLB57XMjdtCGqc6ZnJ4Pv,1715825752185234,1715825752185234,2022-10-20T14:31:05Z,train
003311,train,26.444759212946124,-82.03447222709656,2,2_SevereDamage,2_SevereDamage,grid_0.005_23288_19593,grid_0.005_23288_19593,9UT5ZHyS3c7kMrjfsgzh10,1717296325391246,1717296325391246,2022-10-20T18:14:56Z,train
003312,train,26.49120549796296,-82.18491733074188,2,2_SevereDamage,2_SevereDamage,grid_0.005_23298_19563,grid_0.005_23298_19563,SyLB57XMjdtCGqc6ZnJ4Pv,172273609177354,172273609177354,2022-10-20T14:31:44Z,test
003313,train,26.439576543341445,-82.043017745018,2,2_SevereDamage,2_SevereDamage,grid_0.005_23287_19591,grid_0.005_23287_19591,XAsVlIPBUv5ME0hunTGam1,1722950198163832,1722950198163832,2022-10-20T13:34:43Z,train
003314,train,26.5706709564146,-81.89644575119019,2,2_SevereDamage,2_SevereDamage,grid_0.005_23314_19620,grid_0.005_23314_19620,R6NX8Ev17S4qMjZcJWGtfd,172337745677251,172337745677251,2022-10-11T15:14:55Z,train
003315,train,26.43508534824396,-82.08180248737337,2,2_SevereDamage,2_SevereDamage,grid_0.005_23287_19583,grid_0.005_23287_19583,8zouvat6BbkWiE0A1VYwfq,172763292302442,172763292302442,2022-10-22T19:11:28Z,train
003316,val,26.441867705922064,-82.05743730068207,2,2_SevereDamage,2_SevereDamage,grid_0.005_23288_19588,grid_0.005_23288_19588,lAtIQeO0Rwg2YVoC6Pa93F,172820512442638,172820512442638,2022-10-22T19:32:21Z,test
003317,train,26.44177644455216,-82.03558266162872,2,2_SevereDamage,2_SevereDamage,grid_0.005_23288_19592,grid_0.005_23288_19592,oAbgmNBZR9JTjufiX5eCxP,173045885750035,173045885750035,2022-10-20T17:04:20Z,train
003318,train,26.44008089121651,-82.03927874565125,2,2_SevereDamage,2_SevereDamage,grid_0.005_23288_19592,grid_0.005_23288_19592,5bS0CBxDknPTVWIs6OLvru,1731125050617308,1731125050617308,2022-10-21T17:17:39Z,train
003319,train,26.456564646222773,-82.0507425069809,2,2_SevereDamage,2_SevereDamage,grid_0.005_23291_19589,grid_0.005_23291_19589,YokgWzSGxZtXC8EUIeavm5,1732264560576801,1732264560576801,2022-10-20T16:43:18Z,train
003320,train,26.450830180879507,-82.02329277992249,2,2_SevereDamage,2_SevereDamage,grid_0.005_23290_19595,grid_0.005_23290_19595,2GE5DnWJXaevYfqkA4pId1,173275372237172,173275372237172,2022-10-20T17:09:31Z,train
003321,train,26.424060763690576,-82.08752632141113,2,2_SevereDamage,2_SevereDamage,grid_0.005_23284_19582,grid_0.005_23284_19582,aLbXpouwqyjD4cWNZMfF2Y,1739593876499359,1739593876499359,2022-10-20T13:45:55Z,train
003322,train,26.42535782836198,-82.09242403507233,2,2_SevereDamage,2_SevereDamage,grid_0.005_23285_19581,grid_0.005_23285_19581,aLbXpouwqyjD4cWNZMfF2Y,174403515617120,174403515617120,2022-10-20T13:48:55Z,test
003323,train,26.47915393129304,-82.17872679233551,2,2_SevereDamage,2_SevereDamage,grid_0.005_23295_19564,grid_0.005_23295_19564,2FqKfe7p8ltGyoBMwk1naW,175107355370361,175107355370361,2022-10-20T15:14:27Z,train
003324,train,26.45295782571428,-82.04691231250763,2,2_SevereDamage,2_SevereDamage,grid_0.005_23290_19590,grid_0.005_23290_19590,cy8maM4ht0X3eRY9jKSwxo,1751230405293076,1751230405293076,2022-10-20T16:51:44Z,train
003325,val,26.438409329792705,-82.06513524055481,2,2_SevereDamage,2_SevereDamage,grid_0.005_23287_19586,grid_0.005_23287_19586,ojkNER9alymT7XHIBhWvS2,175585485176127,175585485176127,2022-10-21T16:45:17Z,test
003326,train,26.43573382038032,-82.04747557640076,2,2_SevereDamage,2_SevereDamage,grid_0.005_23287_19590,grid_0.005_23287_19590,PioLgY63BXl1ItahOyTeME,175638495163391,175638495163391,2022-10-21T17:09:10Z,train
003327,test,26.44397630375745,-82.06289291381835,2,2_SevereDamage,2_SevereDamage,grid_0.005_23288_19587,grid_0.005_23288_19587,wsuK3zob9RL5EY1FcZThlt,1756451161457756,1756451161457756,2022-10-22T17:03:31Z,train
003328,train,26.42407517560042,-82.08783745765686,2,2_SevereDamage,2_SevereDamage,grid_0.005_23284_19582,grid_0.005_23284_19582,8isur9JBeVPXWMDpmQNSqw,176177995261446,176177995261446,2022-10-20T15:54:05Z,train
003329,test,26.42743790531433,-82.09983766078949,2,2_SevereDamage,2_SevereDamage,grid_0.005_23285_19580,grid_0.005_23285_19580,mlt8kfA0uSC5rYi7VQhg2P,176517882065002,176517882065002,2022-10-20T15:50:52Z,train
003330,train,26.444802440905832,-82.03851163387299,2,2_SevereDamage,2_SevereDamage,grid_0.005_23288_19592,grid_0.005_23288_19592,oAbgmNBZR9JTjufiX5eCxP,1768698970249014,1768698970249014,2022-10-20T17:02:32Z,train
003331,test,26.441089580343583,-82.06241548061371,2,2_SevereDamage,2_SevereDamage,grid_0.005_23288_19587,grid_0.005_23288_19587,wJ8ZYp4KuVjgI6xsXOUWkA,1778016522658451,1778016522658451,2022-10-22T17:12:39Z,train
003332,train,26.43231368917224,-82.05716907978058,2,2_SevereDamage,2_SevereDamage,grid_0.005_23286_19588,grid_0.005_23286_19588,NyYzSUec6DpPEo8ZrBnL17,177856044944039,177856044944039,2022-10-21T19:20:09Z,train
003333,train,26.446214545336048,-82.06366539001466,2,2_SevereDamage,2_SevereDamage,grid_0.005_23289_19587,grid_0.005_23289_19587,mOxFlgIhNsDMV6H72nawdZ,178703711842475,178703711842475,2022-10-22T16:56:08Z,train
003334,train,26.43662246145552,-82.11511552333832,2,2_SevereDamage,2_SevereDamage,grid_0.005_23287_19576,grid_0.005_23287_19576,ycDhTuH2zOedjnQ5SsbA70,179021224930164,179021224930164,2022-10-22T17:55:11Z,train
003335,train,26.441699592816192,-82.04044282436371,2,2_SevereDamage,2_SevereDamage,grid_0.005_23288_19591,grid_0.005_23288_19591,5bS0CBxDknPTVWIs6OLvru,179850431344306,179850431344306,2022-10-21T17:16:49Z,train
003336,train,26.453005853360693,-82.04589307308197,2,2_SevereDamage,2_SevereDamage,grid_0.005_23290_19590,grid_0.005_23290_19590,cy8maM4ht0X3eRY9jKSwxo,180388751458083,180388751458083,2022-10-20T16:51:28Z,train
003337,train,26.44691098502437,-82.0328414440155,2,2_SevereDamage,2_SevereDamage,grid_0.005_23289_19593,grid_0.005_23289_19593,9oftQ5hvKsIWYCqU7guZaA,1807870242945296,1807870242945296,2022-10-21T18:31:47Z,train
003338,train,26.43326960685002,-82.05518424510956,2,2_SevereDamage,2_SevereDamage,grid_0.005_23286_19588,grid_0.005_23286_19588,cK9RIBTNm6s1M7DYd2raCk,181187574539981,181187574539981,2022-10-21T19:26:07Z,train
003339,val,26.44061885984989,-82.04697132110596,2,2_SevereDamage,2_SevereDamage,grid_0.005_23288_19590,grid_0.005_23288_19590,cK9RIBTNm6s1M7DYd2raCk,181443597840148,181443597840148,2022-10-21T19:29:57Z,train
003340,train,26.4518339730698,-82.02717125415802,2,2_SevereDamage,2_SevereDamage,grid_0.005_23290_19594,grid_0.005_23290_19594,oA4ekOPWvzdE6Gc3J0qSLM,181682144489697,181682144489697,2022-10-21T17:57:25Z,train
003341,val,26.451838775882223,-82.0305186510086,2,2_SevereDamage,2_SevereDamage,grid_0.005_23290_19593,grid_0.005_23290_19593,oA4ekOPWvzdE6Gc3J0qSLM,182593874401703,182593874401703,2022-10-21T17:56:17Z,train
003342,train,26.43366350027,-82.05819368362427,2,2_SevereDamage,2_SevereDamage,grid_0.005_23286_19588,grid_0.005_23286_19588,NyYzSUec6DpPEo8ZrBnL17,183286654346616,183286654346616,2022-10-21T19:24:32Z,train
003343,train,26.450542009256296,-82.04451441764832,2,2_SevereDamage,2_SevereDamage,grid_0.005_23290_19591,grid_0.005_23290_19591,6e3WJg5uL72BZAq0QDM9hj,183446424447394,183446424447394,2022-10-20T16:58:51Z,train
003344,train,26.439230703522625,-82.05424547195435,2,2_SevereDamage,2_SevereDamage,grid_0.005_23287_19589,grid_0.005_23287_19589,ZD02REoSqG75BNbzd4CTlv,183623611022096,183623611022096,2022-10-21T19:14:27Z,train
003345,train,26.44851998475357,-82.04605400562286,2,2_SevereDamage,2_SevereDamage,grid_0.005_23289_19590,grid_0.005_23289_19590,6e3WJg5uL72BZAq0QDM9hj,183682357757694,183682357757694,2022-10-20T16:57:57Z,train
003346,train,26.64394418779676,-81.86609923839569,2,2_SevereDamage,2_SevereDamage,grid_0.005_23328_19626,grid_0.005_23328_19626,OxYSHNnDlusU3fieJTMwZE,184293027673421,184293027673421,2022-10-04T17:42:45Z,train
003347,test,26.449989678296333,-82.02829778194427,2,2_SevereDamage,2_SevereDamage,grid_0.005_23289_19594,grid_0.005_23289_19594,oA4ekOPWvzdE6Gc3J0qSLM,184571424197345,184571424197345,2022-10-21T17:58:56Z,train
003348,test,26.447396088801995,-82.02516496181488,2,2_SevereDamage,2_SevereDamage,grid_0.005_23289_19594,grid_0.005_23289_19594,5bS0CBxDknPTVWIs6OLvru,184714770909542,184714770909542,2022-10-21T17:21:04Z,train
003350,train,26.43339930361259,-82.05061376094818,2,2_SevereDamage,2_SevereDamage,grid_0.005_23286_19589,grid_0.005_23286_19589,njtp7LVIeUbyEwXSkgYzCT,1854658571599158,1854658571599158,2022-10-20T13:38:26Z,train
003351,train,26.54423657436152,-82.19687461853027,2,2_SevereDamage,2_SevereDamage,grid_0.005_23308_19560,grid_0.005_23308_19560,UrYR9Pj1lqNfZIh4g76Ozp,185841107498076,185841107498076,2022-10-20T14:51:00Z,train
003352,train,26.4430925225746,-82.03249275684357,2,2_SevereDamage,2_SevereDamage,grid_0.005_23288_19593,grid_0.005_23288_19593,5bS0CBxDknPTVWIs6OLvru,186002437382914,186002437382914,2022-10-21T17:19:10Z,train
003353,train,26.44876493497972,-82.0450884103775,2,2_SevereDamage,2_SevereDamage,grid_0.005_23289_19590,grid_0.005_23289_19590,6e3WJg5uL72BZAq0QDM9hj,1866745730374876,1866745730374876,2022-10-20T16:58:16Z,train
003354,train,26.446834136713733,-82.03147351741791,2,2_SevereDamage,2_SevereDamage,grid_0.005_23289_19593,grid_0.005_23289_19593,9oftQ5hvKsIWYCqU7guZaA,186971643940613,186971643940613,2022-10-21T18:30:14Z,train
003355,train,26.445436449117835,-82.06206142902374,2,2_SevereDamage,2_SevereDamage,grid_0.005_23289_19587,grid_0.005_23289_19587,mOxFlgIhNsDMV6H72nawdZ,1886796461705896,1886796461705896,2022-10-22T16:54:30Z,test
003356,train,26.50322219671933,-81.97754502296448,2,2_SevereDamage,2_SevereDamage,grid_0.005_23300_19604,grid_0.005_23300_19604,X5lqZsudxrJMCFcQmwtD9L,188752620527021,188752620527021,2022-10-02T17:24:38Z,train
003358,train,26.434489711362914,-82.05560266971588,2,2_SevereDamage,2_SevereDamage,grid_0.005_23286_19588,grid_0.005_23286_19588,NyYzSUec6DpPEo8ZrBnL17,1890446271295205,1890446271295205,2022-10-21T19:22:11Z,test
003359,train,26.588901320339616,-81.93657159805298,2,2_SevereDamage,2_SevereDamage,grid_0.005_23317_19612,grid_0.005_23317_19612,lcKVYbXZvN9r0UMSWHznjR,1891665864513763,1891665864513763,2022-10-02T11:20:39Z,train
003360,train,26.45180515619112,-82.02968716621399,2,2_SevereDamage,2_SevereDamage,grid_0.005_23290_19594,grid_0.005_23290_19594,oA4ekOPWvzdE6Gc3J0qSLM,1892323214438055,1892323214438055,2022-10-21T17:55:21Z,train
003361,train,26.46469998891993,-82.1509176492691,2,2_SevereDamage,2_SevereDamage,grid_0.005_23292_19569,grid_0.005_23292_19569,OGaCM4S5pEvYyPLezZc0WK,189513710450109,189513710450109,2022-10-20T14:25:55Z,train
003362,train,26.445830300946923,-82.03402698040009,2,2_SevereDamage,2_SevereDamage,grid_0.005_23289_19593,grid_0.005_23289_19593,Zw6rtyuVDIGF5YfAngi7bX,189595360442479,189595360442479,2022-10-20T18:15:25Z,train
003363,train,26.448875402558343,-82.03263759613037,2,2_SevereDamage,2_SevereDamage,grid_0.005_23289_19593,grid_0.005_23289_19593,Zw6rtyuVDIGF5YfAngi7bX,190829550594907,190829550594907,2022-10-20T18:16:57Z,train
003364,train,26.44803488570942,-82.053279876709,2,2_SevereDamage,2_SevereDamage,grid_0.005_23289_19589,grid_0.005_23289_19589,fkzvtDXqFTJgKBrMpHPWEi,190848786891155,190848786891155,2022-10-21T20:11:47Z,train
003365,train,26.447602617513,-82.03276634216309,2,2_SevereDamage,2_SevereDamage,grid_0.005_23289_19593,grid_0.005_23289_19593,9oftQ5hvKsIWYCqU7guZaA,1928064027363940,1928064027363940,2022-10-21T18:32:05Z,train
003366,train,26.43596919084576,-82.0539128780365,2,2_SevereDamage,2_SevereDamage,grid_0.005_23287_19589,grid_0.005_23287_19589,NyYzSUec6DpPEo8ZrBnL17,1932235027113573,1932235027113573,2022-10-21T19:22:51Z,train
003367,train,26.47971092396294,-82.17690825462341,2,2_SevereDamage,2_SevereDamage,grid_0.005_23295_19564,grid_0.005_23295_19564,2FqKfe7p8ltGyoBMwk1naW,193683803667754,193683803667754,2022-10-20T15:18:45Z,test
003368,test,26.448957052439667,-82.02557265758516,2,2_SevereDamage,2_SevereDamage,grid_0.005_23289_19594,grid_0.005_23289_19594,nyw9GxcmVequiNU27Ka6LA,194017553281707,194017553281707,2022-10-21T18:44:38Z,train
003369,train,26.427682900360125,-82.10074424743652,2,2_SevereDamage,2_SevereDamage,grid_0.005_23285_19579,grid_0.005_23285_19579,n0eqGd6TKA3CmjSspwxEUl,1952908425062546,1952908425062546,2022-10-22T18:36:43Z,train
003370,train,26.450810969460377,-82.02359855175017,2,2_SevereDamage,2_SevereDamage,grid_0.005_23290_19595,grid_0.005_23290_19595,2GE5DnWJXaevYfqkA4pId1,196162056412336,196162056412336,2022-10-20T17:09:21Z,train
003371,train,26.442247160316384,-82.03474581241608,2,2_SevereDamage,2_SevereDamage,grid_0.005_23288_19593,grid_0.005_23288_19593,n8NHRsX3PiA1YpCSMoy20F,1961634287505464,1961634287505464,2022-10-21T18:49:44Z,train
003372,train,26.45087340656079,-82.04329669475555,2,2_SevereDamage,2_SevereDamage,grid_0.005_23290_19591,grid_0.005_23290_19591,6e3WJg5uL72BZAq0QDM9hj,196202103404152,196202103404152,2022-10-20T16:59:15Z,train
003373,train,26.440066481307863,-82.04070031642914,2,2_SevereDamage,2_SevereDamage,grid_0.005_23288_19591,grid_0.005_23288_19591,PioLgY63BXl1ItahOyTeME,196434473052173,196434473052173,2022-10-21T17:11:53Z,train
003374,train,26.558133498884946,-81.95300281047821,2,2_SevereDamage,2_SevereDamage,grid_0.005_23311_19609,grid_0.005_23311_19609,7rpiSYZ6TfnMsH4vtXo8Q9,1972016019673657,1972016019673657,2022-10-02T11:45:10.500000Z,train
003375,train,26.452184577849646,-82.04766333103179,2,2_SevereDamage,2_SevereDamage,grid_0.005_23290_19590,grid_0.005_23290_19590,cy8maM4ht0X3eRY9jKSwxo,1976759239377481,1976759239377481,2022-10-20T16:50:27Z,train
003376,train,26.483974709524954,-82.17721402645111,2,2_SevereDamage,2_SevereDamage,grid_0.005_23296_19564,grid_0.005_23296_19564,5yBCsRpucFZLO3HxAkG92Q,1983180645367063,1983180645367063,2022-10-20T15:27:05Z,train
003377,train,26.44168518311001,-82.10798621177673,2,2_SevereDamage,2_SevereDamage,grid_0.005_23288_19578,grid_0.005_23288_19578,2Paqk0DWtz8RdQbBmMsEnO,1988244428209046,1988244428209046,2022-10-20T14:18:34Z,train
003378,train,26.43808750340148,-82.0472127199173,2,2_SevereDamage,2_SevereDamage,grid_0.005_23287_19590,grid_0.005_23287_19590,CDu3ifjIyq6W2ZEgm9Jecs,198852786473223,198852786473223,2022-10-22T19:38:41Z,train
003379,train,26.435344737536383,-82.0571154356003,2,2_SevereDamage,2_SevereDamage,grid_0.005_23287_19588,grid_0.005_23287_19588,X52NQsIPtuAZHEwoBkDhqv,198892616023551,198892616023551,2022-10-21T16:58:59Z,train
003380,test,26.44402433514921,-82.06288754940033,2,2_SevereDamage,2_SevereDamage,grid_0.005_23288_19587,grid_0.005_23288_19587,wsuK3zob9RL5EY1FcZThlt,199263029410513,199263029410513,2022-10-22T17:03:30Z,train
003381,train,26.442876379405647,-82.1088445186615,2,2_SevereDamage,2_SevereDamage,grid_0.005_23288_19578,grid_0.005_23288_19578,2Paqk0DWtz8RdQbBmMsEnO,199585439365584,199585439365584,2022-10-20T14:19:10Z,train
003382,train,26.43023850391204,-82.0904016494751,2,2_SevereDamage,2_SevereDamage,grid_0.005_23286_19581,grid_0.005_23286_19581,8DuCakHvNX3A4ErGBom1lf,199964343026325,199964343026325,2022-10-22T18:50:31Z,train
003383,train,26.44131053011617,-82.03987956047058,2,2_SevereDamage,2_SevereDamage,grid_0.005_23288_19592,grid_0.005_23288_19592,PioLgY63BXl1ItahOyTeME,2007739906236741,2007739906236741,2022-10-21T17:12:26Z,train
003384,test,26.44866407318499,-82.02863037586212,2,2_SevereDamage,2_SevereDamage,grid_0.005_23289_19594,grid_0.005_23289_19594,nyw9GxcmVequiNU27Ka6LA,200873809271444,200873809271444,2022-10-21T18:42:37Z,test
003385,train,26.48478135387601,-82.17666149139404,2,2_SevereDamage,2_SevereDamage,grid_0.005_23296_19564,grid_0.005_23296_19564,5yBCsRpucFZLO3HxAkG92Q,2018227128536279,2018227128536279,2022-10-20T15:25:44Z,train
003386,train,26.50273252760048,-81.97724997997283,2,2_SevereDamage,2_SevereDamage,grid_0.005_23300_19604,grid_0.005_23300_19604,X5lqZsudxrJMCFcQmwtD9L,2023324731393131,2023324731393131,2022-10-02T17:23:05Z,train
003387,train,26.451512184181738,-82.02569603919983,2,2_SevereDamage,2_SevereDamage,grid_0.005_23290_19594,grid_0.005_23290_19594,oA4ekOPWvzdE6Gc3J0qSLM,202904168964175,202904168964175,2022-10-21T17:53:09Z,train
003388,train,26.45025863979032,-82.02409744262695,2,2_SevereDamage,2_SevereDamage,grid_0.005_23290_19595,grid_0.005_23290_19595,nyw9GxcmVequiNU27Ka6LA,204617178729693,204617178729693,2022-10-21T18:46:07Z,train
003389,test,26.44901468761516,-82.0356684923172,2,2_SevereDamage,2_SevereDamage,grid_0.005_23289_19592,grid_0.005_23289_19592,9UT5ZHyS3c7kMrjfsgzh10,2048857585493437,2048857585493437,2022-10-20T18:12:13Z,train
003390,train,26.44886579668615,-82.0326966047287,2,2_SevereDamage,2_SevereDamage,grid_0.005_23289_19593,grid_0.005_23289_19593,9oftQ5hvKsIWYCqU7guZaA,206040745251373,206040745251373,2022-10-21T18:26:15Z,train
003391,train,26.447107908586403,-82.03154861927032,2,2_SevereDamage,2_SevereDamage,grid_0.005_23289_19593,grid_0.005_23289_19593,9oftQ5hvKsIWYCqU7guZaA,2064528670416112,2064528670416112,2022-10-21T18:30:20Z,train
003392,test,26.445071414512853,-82.02838361263275,2,2_SevereDamage,2_SevereDamage,grid_0.005_23289_19594,grid_0.005_23289_19594,n8NHRsX3PiA1YpCSMoy20F,206588541903229,206588541903229,2022-10-21T18:48:33Z,train
003393,train,26.450815772315465,-82.02343761920929,2,2_SevereDamage,2_SevereDamage,grid_0.005_23290_19595,grid_0.005_23290_19595,qLOwB6Mxsdzou8VFbWP7SU,206655559012107,206655559012107,2022-10-20T17:26:17Z,train
003394,train,26.44599360496892,-82.06062912940979,2,2_SevereDamage,2_SevereDamage,grid_0.005_23289_19587,grid_0.005_23289_19587,mOxFlgIhNsDMV6H72nawdZ,207017678512647,207017678512647,2022-10-22T16:53:00Z,train
003395,test,26.42975813162852,-82.09818542003632,2,2_SevereDamage,2_SevereDamage,grid_0.005_23285_19580,grid_0.005_23285_19580,n0eqGd6TKA3CmjSspwxEUl,207029065632334,207029065632334,2022-10-22T18:32:38Z,train
003396,train,26.449000278823988,-82.03229427337646,2,2_SevereDamage,2_SevereDamage,grid_0.005_23289_19593,grid_0.005_23289_19593,9UT5ZHyS3c7kMrjfsgzh10,207118475205382,207118475205382,2022-10-20T18:07:50Z,train
003397,train,26.44047956464117,-82.05142378807068,2,2_SevereDamage,2_SevereDamage,grid_0.005_23288_19589,grid_0.005_23288_19589,ZD02REoSqG75BNbzd4CTlv,207292328489402,207292328489402,2022-10-21T19:12:17Z,train
003398,test,26.44978795676363,-82.03545391559602,2,2_SevereDamage,2_SevereDamage,grid_0.005_23289_19592,grid_0.005_23289_19592,9UT5ZHyS3c7kMrjfsgzh10,209712612038476,209712612038476,2022-10-20T18:11:59Z,train
003399,train,26.433817214410183,-82.10887134075165,2,2_SevereDamage,2_SevereDamage,grid_0.005_23286_19578,grid_0.005_23286_19578,jy4d8E26wL1BGrfV537bIU,210269421980610,210269421980610,2022-10-22T17:42:20Z,train
003400,val,26.4417140025206,-82.0579844713211,2,2_SevereDamage,2_SevereDamage,grid_0.005_23288_19588,grid_0.005_23288_19588,lAtIQeO0Rwg2YVoC6Pa93F,211076934755895,211076934755895,2022-10-22T19:32:16Z,train
003401,train,26.459748736071774,-82.04666554927826,2,2_SevereDamage,2_SevereDamage,grid_0.005_23291_19590,grid_0.005_23291_19590,cjXdAN6SYHtunWF5TIOlCq,211157024648841,211157024648841,2022-10-21T18:55:54Z,train
003402,val,26.442107867076302,-82.05647706985474,2,2_SevereDamage,2_SevereDamage,grid_0.005_23288_19588,grid_0.005_23288_19588,lAtIQeO0Rwg2YVoC6Pa93F,211284358073717,211284358073717,2022-10-22T19:32:30Z,train
003403,val,26.4518339730698,-82.03047037124634,2,2_SevereDamage,2_SevereDamage,grid_0.005_23290_19593,grid_0.005_23290_19593,oA4ekOPWvzdE6Gc3J0qSLM,212152808005007,212152808005007,2022-10-21T17:55:40Z,test
003404,train,26.434422461844207,-82.05574750900269,2,2_SevereDamage,2_SevereDamage,grid_0.005_23286_19588,grid_0.005_23286_19588,NyYzSUec6DpPEo8ZrBnL17,212338851153329,212338851153329,2022-10-21T19:22:09Z,train
003405,test,26.44822220142408,-82.02955305576324,2,2_SevereDamage,2_SevereDamage,grid_0.005_23289_19594,grid_0.005_23289_19594,nyw9GxcmVequiNU27Ka6LA,212389411298817,212389411298817,2022-10-21T18:39:58Z,train
003406,train,26.436017225575554,-82.0779937505722,2,2_SevereDamage,2_SevereDamage,grid_0.005_23287_19584,grid_0.005_23287_19584,lAtIQeO0Rwg2YVoC6Pa93F,2126793694190008,2126793694190008,2022-10-22T19:29:10Z,train
003407,train,26.45875942045079,-82.04494893550874,2,2_SevereDamage,2_SevereDamage,grid_0.005_23291_19591,grid_0.005_23291_19591,tTMujQinkPSmUalNr8ODYC,213192677777271,213192677777271,2022-10-21T19:00:50Z,train
003408,train,26.440474761355105,-82.03795373439789,2,2_SevereDamage,2_SevereDamage,grid_0.005_23288_19592,grid_0.005_23288_19592,5bS0CBxDknPTVWIs6OLvru,214459460978680,214459460978680,2022-10-21T17:18:01Z,train
003409,train,26.43305344525477,-82.11233139038086,2,2_SevereDamage,2_SevereDamage,grid_0.005_23286_19577,grid_0.005_23286_19577,jy4d8E26wL1BGrfV537bIU,214519997725067,214519997725067,2022-10-22T17:48:18Z,train
003410,train,26.44330866533801,-82.05206751823425,2,2_SevereDamage,2_SevereDamage,grid_0.005_23288_19589,grid_0.005_23288_19589,6Enx3OZopQHazvV5Aye4tg,214556224301163,214556224301163,2022-10-21T19:35:35Z,train
003411,test,26.448193383641623,-82.02954232692719,2,2_SevereDamage,2_SevereDamage,grid_0.005_23289_19594,grid_0.005_23289_19594,nyw9GxcmVequiNU27Ka6LA,2147021205484144,2147021205484144,2022-10-21T18:40:37Z,train
003412,train,26.44660359147417,-82.03142523765563,2,2_SevereDamage,2_SevereDamage,grid_0.005_23289_19593,grid_0.005_23289_19593,9oftQ5hvKsIWYCqU7guZaA,2150135878527353,2150135878527353,2022-10-21T18:30:08Z,train
003413,train,26.520109703277967,-82.18984723091125,2,2_SevereDamage,2_SevereDamage,grid_0.005_23304_19562,grid_0.005_23304_19562,5lx9r3DNnpsEXKTiPI0abv,215476811388357,215476811388357,2022-10-20T14:37:02Z,train
003414,train,26.43667049591302,-82.0467084646225,2,2_SevereDamage,2_SevereDamage,grid_0.005_23287_19590,grid_0.005_23287_19590,PioLgY63BXl1ItahOyTeME,217938663957010,217938663957010,2022-10-21T17:09:42Z,train
003415,train,26.440878236686345,-82.03722417354584,2,2_SevereDamage,2_SevereDamage,grid_0.005_23288_19592,grid_0.005_23288_19592,oAbgmNBZR9JTjufiX5eCxP,218260354496463,218260354496463,2022-10-20T17:03:50Z,train
003416,val,26.439773479441087,-82.06566631793976,2,2_SevereDamage,2_SevereDamage,grid_0.005_23287_19586,grid_0.005_23287_19586,wJ8ZYp4KuVjgI6xsXOUWkA,2189621517914895,2189621517914895,2022-10-22T17:13:53Z,test
003417,train,26.44123848132384,-82.04398334026337,2,2_SevereDamage,2_SevereDamage,grid_0.005_23288_19591,grid_0.005_23288_19591,cK9RIBTNm6s1M7DYd2raCk,219113617156203,219113617156203,2022-10-21T19:30:59Z,train
003418,train,26.461280717756846,-82.04699277877808,2,2_SevereDamage,2_SevereDamage,grid_0.005_23292_19590,grid_0.005_23292_19590,cjXdAN6SYHtunWF5TIOlCq,2191480101039336,2191480101039336,2022-10-21T18:57:04Z,train
003419,train,26.45010014470021,-82.02499866485596,2,2_SevereDamage,2_SevereDamage,grid_0.005_23290_19595,grid_0.005_23290_19595,nyw9GxcmVequiNU27Ka6LA,2197394323802156,2197394323802156,2022-10-21T18:45:19Z,train
003420,train,26.44455267913696,-82.0301216840744,2,2_SevereDamage,2_SevereDamage,grid_0.005_23288_19593,grid_0.005_23288_19593,oAbgmNBZR9JTjufiX5eCxP,219823814292749,219823814292749,2022-10-20T17:06:24Z,train
003421,train,26.451785944934628,-82.02900052070618,2,2_SevereDamage,2_SevereDamage,grid_0.005_23290_19594,grid_0.005_23290_19594,oA4ekOPWvzdE6Gc3J0qSLM,220262650397759,220262650397759,2022-10-21T17:55:05Z,train
003422,test,26.439528510095343,-82.12866604328156,2,2_SevereDamage,2_SevereDamage,grid_0.005_23287_19574,grid_0.005_23287_19574,pba3IXw4jEKWtURMg8nPVv,220399627575265,220399627575265,2022-10-20T14:06:53Z,train
003423,train,26.436339057748725,-82.07685649394989,2,2_SevereDamage,2_SevereDamage,grid_0.005_23287_19584,grid_0.005_23287_19584,lAtIQeO0Rwg2YVoC6Pa93F,220826860906341,220826860906341,2022-10-22T19:29:22Z,train
003424,train,26.42983499132841,-82.09147453308105,2,2_SevereDamage,2_SevereDamage,grid_0.005_23285_19581,grid_0.005_23285_19581,8DuCakHvNX3A4ErGBom1lf,221199313647223,221199313647223,2022-10-22T18:50:07Z,test
003425,train,26.432193598451136,-82.11338818073273,2,2_SevereDamage,2_SevereDamage,grid_0.005_23286_19577,grid_0.005_23286_19577,jy4d8E26wL1BGrfV537bIU,2216618392060264,2216618392060264,2022-10-22T17:47:27Z,train
003426,train,26.643896240052086,-82.04889714717865,2,2_SevereDamage,2_SevereDamage,grid_0.005_23328_19590,grid_0.005_23328_19590,drTBZKzuP9aN3QOSstv6cg,2217302718460162,2217302718460162,2022-10-06T18:22:24Z,train
003427,train,26.442612203870667,-82.05101072788239,2,2_SevereDamage,2_SevereDamage,grid_0.005_23288_19589,grid_0.005_23288_19589,cAwCT0DeaQh89tvBRsHUz4,222457147398415,222457147398415,2022-10-22T19:42:47Z,train
003428,test,26.426938305960448,-82.09671020507812,2,2_SevereDamage,2_SevereDamage,grid_0.005_23285_19580,grid_0.005_23285_19580,n0eqGd6TKA3CmjSspwxEUl,222629940713252,222629940713252,2022-10-22T18:38:03Z,train
003429,train,26.4298830286148,-82.10329234600067,2,2_SevereDamage,2_SevereDamage,grid_0.005_23285_19579,grid_0.005_23285_19579,5ZrTVbvnpkBCqAUuj4foc1,223076687341726,223076687341726,2022-10-22T18:23:03Z,train
003430,val,26.45117598587551,-82.03479945659637,2,2_SevereDamage,2_SevereDamage,grid_0.005_23290_19593,grid_0.005_23290_19593,9UT5ZHyS3c7kMrjfsgzh10,223141510625115,223141510625115,2022-10-20T18:09:25Z,test
003431,train,26.43938441023691,-82.07853555679321,2,2_SevereDamage,2_SevereDamage,grid_0.005_23287_19584,grid_0.005_23287_19584,eGaqwKdfoI8yJ7kgjAtD3F,223238817264414,223238817264414,2022-10-22T17:32:57Z,test
003432,train,26.64389144527649,-82.04983055591585,2,2_SevereDamage,2_SevereDamage,grid_0.005_23328_19590,grid_0.005_23328_19590,drTBZKzuP9aN3QOSstv6cg,223589917291240,223589917291240,2022-10-06T18:22:13Z,train
003433,train,26.43041143744404,-82.09724128246307,2,2_SevereDamage,2_SevereDamage,grid_0.005_23286_19580,grid_0.005_23286_19580,0M2YgdFsf6GZmIwQJy5APK,224462673789187,224462673789187,2022-10-22T18:18:57Z,train
003434,test,26.44893303777469,-82.02971398830414,2,2_SevereDamage,2_SevereDamage,grid_0.005_23289_19594,grid_0.005_23289_19594,nyw9GxcmVequiNU27Ka6LA,2245812018933117,2245812018933117,2022-10-21T18:40:56Z,train
003435,train,26.4573234569243,-82.04936385154724,2,2_SevereDamage,2_SevereDamage,grid_0.005_23291_19590,grid_0.005_23291_19590,YokgWzSGxZtXC8EUIeavm5,224907517097601,224907517097601,2022-10-20T16:42:10Z,train
003436,train,26.480757678751843,-82.17597484588623,2,2_SevereDamage,2_SevereDamage,grid_0.005_23296_19564,grid_0.005_23296_19564,5yBCsRpucFZLO3HxAkG92Q,224975269891816,224975269891816,2022-10-20T15:23:07Z,train
003437,train,26.429100018350155,-82.10410237312317,2,2_SevereDamage,2_SevereDamage,grid_0.005_23285_19579,grid_0.005_23285_19579,0M2YgdFsf6GZmIwQJy5APK,225580776479363,225580776479363,2022-10-22T18:17:01Z,train
003438,train,26.446963818208204,-82.03403234481812,2,2_SevereDamage,2_SevereDamage,grid_0.005_23289_19593,grid_0.005_23289_19593,Zw6rtyuVDIGF5YfAngi7bX,225603977089256,225603977089256,2022-10-20T18:15:53Z,test
003439,train,26.42404635177894,-82.08742439746857,2,2_SevereDamage,2_SevereDamage,grid_0.005_23284_19582,grid_0.005_23284_19582,aLbXpouwqyjD4cWNZMfF2Y,225868713661178,225868713661178,2022-10-20T13:45:53Z,train
003440,train,26.43007517756024,-82.05716371536255,2,2_SevereDamage,2_SevereDamage,grid_0.005_23286_19588,grid_0.005_23286_19588,d9OWh4IQeMXLPraFD8HZpy,225975419774539,225975419774539,2022-10-21T17:07:08Z,train
003441,train,26.45223260581858,-82.04958915710449,2,2_SevereDamage,2_SevereDamage,grid_0.005_23290_19590,grid_0.005_23290_19590,cy8maM4ht0X3eRY9jKSwxo,226697690201719,226697690201719,2022-10-20T16:47:03Z,train
003442,train,26.452986642304523,-82.04594135284424,2,2_SevereDamage,2_SevereDamage,grid_0.005_23290_19590,grid_0.005_23290_19590,cy8maM4ht0X3eRY9jKSwxo,227136836309387,227136836309387,2022-10-20T16:51:29Z,train
003443,val,26.450426740405103,-82.03751921653748,2,2_SevereDamage,2_SevereDamage,grid_0.005_23290_19592,grid_0.005_23290_19592,vJTbXQK6BOxPeaoVgcHlrM,227208196804005,227208196804005,2022-10-22T19:49:45Z,train
003444,train,26.447338452816552,-82.0328414440155,2,2_SevereDamage,2_SevereDamage,grid_0.005_23289_19593,grid_0.005_23289_19593,9oftQ5hvKsIWYCqU7guZaA,227732299609490,227732299609490,2022-10-21T18:31:57Z,train
003445,train,26.51078299909186,-81.97543680667877,2,2_SevereDamage,2_SevereDamage,grid_0.005_23302_19604,grid_0.005_23302_19604,edntlwFA590gu1YVE4vSCf,229024429941037,229024429941037,2022-10-02T17:11:17Z,train
003446,val,26.438390116302045,-82.06945896148682,2,2_SevereDamage,2_SevereDamage,grid_0.005_23287_19586,grid_0.005_23287_19586,GFA5Eq24e1SxuJVjWM0kyt,2293504794178467,2293504794178467,2022-10-20T16:00:47Z,train
003447,train,26.451776339305194,-82.02837288379669,2,2_SevereDamage,2_SevereDamage,grid_0.005_23290_19594,grid_0.005_23290_19594,oA4ekOPWvzdE6Gc3J0qSLM,2314959232018642,2314959232018642,2022-10-21T17:54:49Z,train
003448,train,26.446214545336048,-82.06104218959808,2,2_SevereDamage,2_SevereDamage,grid_0.005_23289_19587,grid_0.005_23289_19587,mOxFlgIhNsDMV6H72nawdZ,2320088354842257,2320088354842257,2022-10-22T16:53:46Z,train
003449,val,26.44209345742115,-82.05670773983002,2,2_SevereDamage,2_SevereDamage,grid_0.005_23288_19588,grid_0.005_23288_19588,wJ8ZYp4KuVjgI6xsXOUWkA,232119679626204,232119679626204,2022-10-22T17:09:08Z,train
003450,train,26.446421076165592,-82.04115629196167,2,2_SevereDamage,2_SevereDamage,grid_0.005_23289_19591,grid_0.005_23289_19591,hVtUpWFmwBTMDKgo9CRPIS,232228685823633,232228685823633,2022-10-21T21:21:32Z,train
003451,val,26.440964695502075,-82.04835534095764,2,2_SevereDamage,2_SevereDamage,grid_0.005_23288_19590,grid_0.005_23288_19590,cK9RIBTNm6s1M7DYd2raCk,233278522370249,233278522370249,2022-10-21T19:29:04Z,train
003452,train,26.458884285997968,-82.04516887664795,2,2_SevereDamage,2_SevereDamage,grid_0.005_23291_19590,grid_0.005_23291_19590,tTMujQinkPSmUalNr8ODYC,234768402239852,234768402239852,2022-10-21T19:00:46Z,train
003453,val,26.441824476861115,-82.05767869949341,2,2_SevereDamage,2_SevereDamage,grid_0.005_23288_19588,grid_0.005_23288_19588,wJ8ZYp4KuVjgI6xsXOUWkA,2382506285243361,2382506285243361,2022-10-22T17:09:21Z,train
003454,train,26.50882923942852,-82.19008326530457,2,2_SevereDamage,2_SevereDamage,grid_0.005_23301_19561,grid_0.005_23301_19561,5lx9r3DNnpsEXKTiPI0abv,238276862313013,238276862313013,2022-10-20T14:34:36Z,train
003455,test,26.427072813691765,-82.09708034992218,2,2_SevereDamage,2_SevereDamage,grid_0.005_23285_19580,grid_0.005_23285_19580,mlt8kfA0uSC5rYi7VQhg2P,239004335558302,239004335558302,2022-10-20T15:51:24Z,train
003456,train,26.429320991110785,-82.10151135921478,2,2_SevereDamage,2_SevereDamage,grid_0.005_23285_19579,grid_0.005_23285_19579,0M2YgdFsf6GZmIwQJy5APK,239084278896760,239084278896760,2022-10-22T18:17:50Z,train
003457,train,26.440431531771523,-82.03809320926666,2,2_SevereDamage,2_SevereDamage,grid_0.005_23288_19592,grid_0.005_23288_19592,n8NHRsX3PiA1YpCSMoy20F,239418701751319,239418701751319,2022-10-21T18:50:30Z,train
003458,train,26.46470479119563,-82.1525913476944,2,2_SevereDamage,2_SevereDamage,grid_0.005_23292_19569,grid_0.005_23292_19569,5bepm7EUv2gLRdyB0VZTJ1,23974899945430516,23974899945430516,2022-10-20T15:36:47Z,train
003459,train,26.60465865088769,-81.87558889389038,2,2_SevereDamage,2_SevereDamage,grid_0.005_23320_19624,grid_0.005_23320_19624,vcSl4NqPnwEhQ5OeCxbJXf,2401162896712074,2401162896712074,2022-09-30T19:20:35Z,train
003460,train,26.444081972792915,-82.03077614307404,2,2_SevereDamage,2_SevereDamage,grid_0.005_23288_19593,grid_0.005_23288_19593,n8NHRsX3PiA1YpCSMoy20F,2418683451617315,2418683451617315,2022-10-21T18:49:01Z,train
003461,train,26.446464303501656,-82.03401625156403,2,2_SevereDamage,2_SevereDamage,grid_0.005_23289_19593,grid_0.005_23289_19593,9UT5ZHyS3c7kMrjfsgzh10,242646418523090,242646418523090,2022-10-20T18:13:34Z,train
003462,train,26.430156840765065,-82.10151672363281,2,2_SevereDamage,2_SevereDamage,grid_0.005_23286_19579,grid_0.005_23286_19579,0M2YgdFsf6GZmIwQJy5APK,242909615117871,242909615117871,2022-10-22T18:18:01Z,train
003463,train,26.4522950421482,-82.04940676689147,2,2_SevereDamage,2_SevereDamage,grid_0.005_23290_19590,grid_0.005_23290_19590,cy8maM4ht0X3eRY9jKSwxo,2436308609868164,2436308609868164,2022-10-20T16:47:09Z,train
003464,train,26.440210580313263,-82.06605792045593,2,2_SevereDamage,2_SevereDamage,grid_0.005_23288_19586,grid_0.005_23288_19586,wJ8ZYp4KuVjgI6xsXOUWkA,2443941672464033,2443941672464033,2022-10-22T17:14:22Z,test
003465,test,26.439336376910745,-82.12836563587189,2,2_SevereDamage,2_SevereDamage,grid_0.005_23287_19574,grid_0.005_23287_19574,FM0vhu18zH3yVEaAb4LYT6,244411748346674,244411748346674,2022-10-20T14:01:02Z,train
003466,train,26.43291414090082,-82.051482796669,2,2_SevereDamage,2_SevereDamage,grid_0.005_23286_19589,grid_0.005_23286_19589,njtp7LVIeUbyEwXSkgYzCT,245149241601476,245149241601476,2022-10-20T13:38:41Z,train
003467,val,26.441915738192947,-82.05726563930511,2,2_SevereDamage,2_SevereDamage,grid_0.005_23288_19588,grid_0.005_23288_19588,GFA5Eq24e1SxuJVjWM0kyt,2462266427273846,2462266427273846,2022-10-20T16:02:44Z,test
003468,test,26.44997526962713,-82.03540027141571,2,2_SevereDamage,2_SevereDamage,grid_0.005_23289_19592,grid_0.005_23289_19592,9UT5ZHyS3c7kMrjfsgzh10,2478843632284190,2478843632284190,2022-10-20T18:11:56Z,train
003469,train,26.44270826777164,-82.05442249774933,2,2_SevereDamage,2_SevereDamage,grid_0.005_23288_19589,grid_0.005_23288_19589,6Enx3OZopQHazvV5Aye4tg,2480379712120912,2480379712120912,2022-10-21T19:36:03Z,train
003470,train,26.447386482806422,-82.03403770923615,2,2_SevereDamage,2_SevereDamage,grid_0.005_23289_19593,grid_0.005_23289_19593,Zw6rtyuVDIGF5YfAngi7bX,248702971227048,248702971227048,2022-10-20T18:16:00Z,train
003471,train,26.5712706855973,-81.90321564674377,2,2_SevereDamage,2_SevereDamage,grid_0.005_23314_19619,grid_0.005_23314_19619,R6NX8Ev17S4qMjZcJWGtfd,249384094479157,249384094479157,2022-10-11T15:17:45Z,train
003472,train,26.476546593535232,-82.1745640039444,2,2_SevereDamage,2_SevereDamage,grid_0.005_23295_19565,grid_0.005_23295_19565,V9j3Lpa2hEK7wUbA8cGd65,249539204459051,249539204459051,2022-10-20T14:28:52Z,train
003473,train,26.45223740861435,-82.04948723316193,2,2_SevereDamage,2_SevereDamage,grid_0.005_23290_19590,grid_0.005_23290_19590,cy8maM4ht0X3eRY9jKSwxo,249851487768479,249851487768479,2022-10-20T16:47:06Z,train
003474,train,26.42746192445948,-82.09384560585022,2,2_SevereDamage,2_SevereDamage,grid_0.005_23285_19581,grid_0.005_23285_19581,yILRGFcu1KtAQg0WzVjEhZ,251314167607148,251314167607148,2022-10-22T18:58:48Z,train
003475,train,26.42408958750846,-82.08778381347656,2,2_SevereDamage,2_SevereDamage,grid_0.005_23284_19582,grid_0.005_23284_19582,aLbXpouwqyjD4cWNZMfF2Y,2519364838221983,2519364838221983,2022-10-20T13:46:00Z,train
003476,train,26.450825378025016,-82.02333569526672,2,2_SevereDamage,2_SevereDamage,grid_0.005_23290_19595,grid_0.005_23290_19595,qLOwB6Mxsdzou8VFbWP7SU,252858700802936,252858700802936,2022-10-20T17:26:16Z,train
003477,train,26.43422071305272,-82.04916536808014,2,2_SevereDamage,2_SevereDamage,grid_0.005_23286_19590,grid_0.005_23286_19590,njtp7LVIeUbyEwXSkgYzCT,252990407373250,252990407373250,2022-10-20T13:38:06Z,train
003478,val,26.450638066544126,-82.0352554321289,2,2_SevereDamage,2_SevereDamage,grid_0.005_23290_19592,grid_0.005_23290_19592,9UT5ZHyS3c7kMrjfsgzh10,253098104121332,253098104121332,2022-10-20T18:09:09Z,train
003479,train,26.44665162177047,-82.03402698040009,2,2_SevereDamage,2_SevereDamage,grid_0.005_23289_19593,grid_0.005_23289_19593,9UT5ZHyS3c7kMrjfsgzh10,253681460694621,253681460694621,2022-10-20T18:13:30Z,train
003480,train,26.48094013962076,-82.17731595039368,2,2_SevereDamage,2_SevereDamage,grid_0.005_23296_19564,grid_0.005_23296_19564,2FqKfe7p8ltGyoBMwk1naW,254762790512679,254762790512679,2022-10-20T15:20:01Z,train
003481,val,26.443688114986244,-82.05531299114227,2,2_SevereDamage,2_SevereDamage,grid_0.005_23288_19588,grid_0.005_23288_19588,wsuK3zob9RL5EY1FcZThlt,254842513841694,254842513841694,2022-10-22T17:07:52Z,train
003482,train,26.448635255513125,-82.03360855579376,2,2_SevereDamage,2_SevereDamage,grid_0.005_23289_19593,grid_0.005_23289_19593,Zw6rtyuVDIGF5YfAngi7bX,2551351388362692,2551351388362692,2022-10-20T18:16:40Z,train
003483,train,26.448625649620908,-82.03365683555603,2,2_SevereDamage,2_SevereDamage,grid_0.005_23289_19593,grid_0.005_23289_19593,Zw6rtyuVDIGF5YfAngi7bX,2559343510894897,2559343510894897,2022-10-20T18:16:40Z,train
003484,train,26.447151135664697,-82.03403770923615,2,2_SevereDamage,2_SevereDamage,grid_0.005_23289_19593,grid_0.005_23289_19593,Zw6rtyuVDIGF5YfAngi7bX,257883656857641,257883656857641,2022-10-20T18:15:56Z,train
003485,val,26.451103943253628,-82.03438103199005,2,2_SevereDamage,2_SevereDamage,grid_0.005_23290_19593,grid_0.005_23290_19593,9UT5ZHyS3c7kMrjfsgzh10,258367186829425,258367186829425,2022-10-20T18:11:22Z,train
003486,train,26.45296743124516,-82.13473320007324,2,2_SevereDamage,2_SevereDamage,grid_0.005_23290_19573,grid_0.005_23290_19573,5bepm7EUv2gLRdyB0VZTJ1,259531866685831,259531866685831,2022-10-20T15:40:19Z,test
003487,train,26.42496871049269,-82.09142625331879,2,2_SevereDamage,2_SevereDamage,grid_0.005_23284_19581,grid_0.005_23284_19581,yILRGFcu1KtAQg0WzVjEhZ,259819516651429,259819516651429,2022-10-22T19:01:33Z,train
003488,train,26.480666448208822,-82.17800259590149,2,2_SevereDamage,2_SevereDamage,grid_0.005_23296_19564,grid_0.005_23296_19564,2FqKfe7p8ltGyoBMwk1naW,260350483269281,260350483269281,2022-10-20T15:16:43Z,train
003489,train,26.44607045384033,-82.1158504486084,2,2_SevereDamage,2_SevereDamage,grid_0.005_23289_19576,grid_0.005_23289_19576,2Paqk0DWtz8RdQbBmMsEnO,261675426471931,261675426471931,2022-10-20T14:20:22Z,train
003490,train,26.44440858556244,-82.06553220748901,2,2_SevereDamage,2_SevereDamage,grid_0.005_23288_19586,grid_0.005_23288_19586,wsuK3zob9RL5EY1FcZThlt,263448853037048,263448853037048,2022-10-22T17:00:01Z,train
003491,train,26.55671797070997,-81.98243737220764,2,2_SevereDamage,2_SevereDamage,grid_0.005_23311_19603,grid_0.005_23311_19603,ixkKL50cubymHt6NBgvFT3,2639109142895481,2639109142895481,2022-10-02T12:03:03.333000Z,train
003492,test,26.439643789852354,-82.12884306907654,2,2_SevereDamage,2_SevereDamage,grid_0.005_23287_19574,grid_0.005_23287_19574,FM0vhu18zH3yVEaAb4LYT6,265044502878949,265044502878949,2022-10-20T14:01:13Z,train
003493,train,26.43877918886359,-82.077956199646,2,2_SevereDamage,2_SevereDamage,grid_0.005_23287_19584,grid_0.005_23287_19584,eGaqwKdfoI8yJ7kgjAtD3F,265558232726822,265558232726822,2022-10-22T17:32:46Z,train
003494,train,26.43880800900108,-82.04499185085297,2,2_SevereDamage,2_SevereDamage,grid_0.005_23287_19591,grid_0.005_23287_19591,CDu3ifjIyq6W2ZEgm9Jecs,266669002625065,266669002625065,2022-10-22T19:36:40Z,train
003495,train,26.4304066337383,-82.09709644317627,2,2_SevereDamage,2_SevereDamage,grid_0.005_23286_19580,grid_0.005_23286_19580,5ZrTVbvnpkBCqAUuj4foc1,267398245878492,267398245878492,2022-10-22T18:25:06Z,train
003496,test,26.42924893482234,-82.09955871105194,2,2_SevereDamage,2_SevereDamage,grid_0.005_23285_19580,grid_0.005_23285_19580,n0eqGd6TKA3CmjSspwxEUl,269137362373162,269137362373162,2022-10-22T18:32:02Z,test
003497,train,26.46165050338487,-82.04762041568756,2,2_SevereDamage,2_SevereDamage,grid_0.005_23292_19590,grid_0.005_23292_19590,0YIfZrHA3aCDs75ngd9Kcx,269923468959880,269923468959880,2022-10-20T16:28:49Z,train
003498,val,26.4427995284034,-82.04763650894165,2,2_SevereDamage,2_SevereDamage,grid_0.005_23288_19590,grid_0.005_23288_19590,CDu3ifjIyq6W2ZEgm9Jecs,269945798950808,269945798950808,2022-10-22T19:40:47Z,train
003499,val,26.44266984222088,-82.04826951026917,2,2_SevereDamage,2_SevereDamage,grid_0.005_23288_19590,grid_0.005_23288_19590,cAwCT0DeaQh89tvBRsHUz4,270009145614882,270009145614882,2022-10-22T19:44:17Z,test
003500,train,26.441425808090187,-82.03621566295624,2,2_SevereDamage,2_SevereDamage,grid_0.005_23288_19592,grid_0.005_23288_19592,oAbgmNBZR9JTjufiX5eCxP,2705107512962009,2705107512962009,2022-10-20T17:04:08Z,train
003501,train,26.519120906925536,-82.19011545181276,2,2_SevereDamage,2_SevereDamage,grid_0.005_23303_19561,grid_0.005_23303_19561,5lx9r3DNnpsEXKTiPI0abv,270626195657330,270626195657330,2022-10-20T14:36:49Z,train
003502,train,26.571261089955087,-81.90378963947296,2,2_SevereDamage,2_SevereDamage,grid_0.005_23314_19619,grid_0.005_23314_19619,R6NX8Ev17S4qMjZcJWGtfd,272741645435626,272741645435626,2022-10-11T15:18:48Z,test
003503,train,26.4411904487706,-82.04456269741057,2,2_SevereDamage,2_SevereDamage,grid_0.005_23288_19591,grid_0.005_23288_19591,cK9RIBTNm6s1M7DYd2raCk,2728472323954119,2728472323954119,2022-10-21T19:30:46Z,train
003504,train,26.51249191150194,-81.96407496929169,2,2_SevereDamage,2_SevereDamage,grid_0.005_23302_19607,grid_0.005_23302_19607,UiTVbHcRCdI730PgBtJYFL,273305792047493,273305792047493,2022-10-02T16:16:06Z,train
003505,train,26.428840615003708,-82.10088908672333,2,2_SevereDamage,2_SevereDamage,grid_0.005_23285_19579,grid_0.005_23285_19579,n0eqGd6TKA3CmjSspwxEUl,273708498538714,273708498538714,2022-10-22T18:35:59Z,train
003506,train,26.5136439729354,-82.19128489494324,2,2_SevereDamage,2_SevereDamage,grid_0.005_23302_19561,grid_0.005_23302_19561,5lx9r3DNnpsEXKTiPI0abv,274345031809526,274345031809526,2022-10-20T14:35:18Z,train
003507,train,26.43152589175999,-82.11182177066803,2,2_SevereDamage,2_SevereDamage,grid_0.005_23286_19577,grid_0.005_23286_19577,Rd8l2zEjuKLNrOXf5Q3CDB,275600988458948,275600988458948,2022-10-20T13:55:09Z,train
003508,train,26.45586346226804,-82.04705715179443,2,2_SevereDamage,2_SevereDamage,grid_0.005_23291_19590,grid_0.005_23291_19590,YokgWzSGxZtXC8EUIeavm5,276399988389434,276399988389434,2022-10-20T16:39:16Z,train
003509,train,26.440061678004568,-82.04499185085297,2,2_SevereDamage,2_SevereDamage,grid_0.005_23288_19591,grid_0.005_23288_19591,CDu3ifjIyq6W2ZEgm9Jecs,276604878218495,276604878218495,2022-10-22T19:35:54Z,train
003510,train,26.51464721702004,-82.19152629375458,2,2_SevereDamage,2_SevereDamage,grid_0.005_23302_19561,grid_0.005_23302_19561,5lx9r3DNnpsEXKTiPI0abv,277129991561265,277129991561265,2022-10-20T14:35:27Z,train
003511,train,26.47475551512511,-82.1708196401596,2,2_SevereDamage,2_SevereDamage,grid_0.005_23294_19565,grid_0.005_23294_19565,V9j3Lpa2hEK7wUbA8cGd65,277949344760691,277949344760691,2022-10-20T14:28:23Z,train
003512,val,26.44206463810548,-82.05680966377258,2,2_SevereDamage,2_SevereDamage,grid_0.005_23288_19588,grid_0.005_23288_19588,wJ8ZYp4KuVjgI6xsXOUWkA,278080741372457,278080741372457,2022-10-22T17:09:10Z,train
003513,train,26.5712706855973,-81.90348386764526,2,2_SevereDamage,2_SevereDamage,grid_0.005_23314_19619,grid_0.005_23314_19619,R6NX8Ev17S4qMjZcJWGtfd,278122668104794,278122668104794,2022-10-11T15:17:50Z,train
003514,train,26.497264414024528,-82.18635499477388,2,2_SevereDamage,2_SevereDamage,grid_0.005_23299_19562,grid_0.005_23299_19562,SyLB57XMjdtCGqc6ZnJ4Pv,278428321343509,278428321343509,2022-10-20T14:32:37Z,train
003515,train,26.449043505192098,-82.05039918422699,2,2_SevereDamage,2_SevereDamage,grid_0.005_23289_19589,grid_0.005_23289_19589,6e3WJg5uL72BZAq0QDM9hj,278990497960199,278990497960199,2022-10-20T16:55:38Z,train
003516,train,26.56938512646548,-81.89638137817383,2,2_SevereDamage,2_SevereDamage,grid_0.005_23313_19620,grid_0.005_23313_19620,M5eOhXKrUp6RGLtk7lZcbB,280549371322273,280549371322273,2022-10-11T15:29:10Z,train
003517,train,26.48038315290352,-82.17819571495056,2,2_SevereDamage,2_SevereDamage,grid_0.005_23296_19564,grid_0.005_23296_19564,2FqKfe7p8ltGyoBMwk1naW,280695311294971,280695311294971,2022-10-20T15:16:50Z,train
003519,train,26.450657277992093,-82.0247733592987,2,2_SevereDamage,2_SevereDamage,grid_0.005_23290_19595,grid_0.005_23290_19595,qLOwB6Mxsdzou8VFbWP7SU,282327137653905,282327137653905,2022-10-20T17:26:34Z,train
003520,test,26.429229719804468,-82.09955871105194,2,2_SevereDamage,2_SevereDamage,grid_0.005_23285_19580,grid_0.005_23285_19580,n0eqGd6TKA3CmjSspwxEUl,282379830982683,282379830982683,2022-10-22T18:31:28Z,train
003521,train,26.44659878844344,-82.04070031642914,2,2_SevereDamage,2_SevereDamage,grid_0.005_23289_19591,grid_0.005_23289_19591,vJTbXQK6BOxPeaoVgcHlrM,282455667693954,282455667693954,2022-10-22T19:48:39Z,train
003522,train,26.52136728633644,-81.96263194084167,2,2_SevereDamage,2_SevereDamage,grid_0.005_23304_19607,grid_0.005_23304_19607,dVQlYJ0PO3AqDIKywBcUbt,282866187467310,282866187467310,2022-10-02T16:32:52Z,train
003523,train,26.45059003791023,-82.02527225017548,2,2_SevereDamage,2_SevereDamage,grid_0.005_23290_19594,grid_0.005_23290_19594,qLOwB6Mxsdzou8VFbWP7SU,283733797465780,283733797465780,2022-10-20T17:26:39Z,test
003524,train,26.480483986905725,-82.1770316362381,2,2_SevereDamage,2_SevereDamage,grid_0.005_23296_19564,grid_0.005_23296_19564,2FqKfe7p8ltGyoBMwk1naW,284120614128256,284120614128256,2022-10-20T15:19:49Z,train
003525,train,26.44566219362362,-82.06489384174347,2,2_SevereDamage,2_SevereDamage,grid_0.005_23289_19587,grid_0.005_23289_19587,mOxFlgIhNsDMV6H72nawdZ,284401354267955,284401354267955,2022-10-22T16:56:41Z,train
003526,train,26.45087340656079,-82.04250276088715,2,2_SevereDamage,2_SevereDamage,grid_0.005_23290_19591,grid_0.005_23290_19591,6e3WJg5uL72BZAq0QDM9hj,284783717363433,284783717363433,2022-10-20T16:59:28Z,train
003527,train,26.427822211036343,-82.10115194320679,2,2_SevereDamage,2_SevereDamage,grid_0.005_23285_19579,grid_0.005_23285_19579,5ZrTVbvnpkBCqAUuj4foc1,284830560691982,284830560691982,2022-10-22T18:30:16Z,train
003528,train,26.442650629440674,-82.05067813396454,2,2_SevereDamage,2_SevereDamage,grid_0.005_23288_19589,grid_0.005_23288_19589,cAwCT0DeaQh89tvBRsHUz4,285282667395256,285282667395256,2022-10-22T19:42:07Z,train
003529,train,26.57024874518683,-81.89641892910004,2,2_SevereDamage,2_SevereDamage,grid_0.005_23314_19620,grid_0.005_23314_19620,R6NX8Ev17S4qMjZcJWGtfd,285655837210129,285655837210129,2022-10-11T15:14:49Z,train
003530,train,26.440791777805728,-82.03736901283264,2,2_SevereDamage,2_SevereDamage,grid_0.005_23288_19592,grid_0.005_23288_19592,oAbgmNBZR9JTjufiX5eCxP,286079740471151,286079740471151,2022-10-20T17:03:48Z,train
003531,train,26.439317163574657,-82.044997215271,2,2_SevereDamage,2_SevereDamage,grid_0.005_23287_19591,grid_0.005_23287_19591,CDu3ifjIyq6W2ZEgm9Jecs,286898347177097,286898347177097,2022-10-22T19:36:22Z,train
003532,train,26.49629462484017,-82.18611896038055,2,2_SevereDamage,2_SevereDamage,grid_0.005_23299_19562,grid_0.005_23299_19562,SyLB57XMjdtCGqc6ZnJ4Pv,287008330409797,287008330409797,2022-10-20T14:32:29Z,train
003533,train,26.424185666849382,-82.08885133266449,2,2_SevereDamage,2_SevereDamage,grid_0.005_23284_19582,grid_0.005_23284_19582,yILRGFcu1KtAQg0WzVjEhZ,287255897039889,287255897039889,2022-10-22T19:05:10Z,train
003534,train,26.448808161436148,-82.03294336795807,2,2_SevereDamage,2_SevereDamage,grid_0.005_23289_19593,grid_0.005_23289_19593,Zw6rtyuVDIGF5YfAngi7bX,2873253356143768,2873253356143768,2022-10-20T18:16:51Z,train
003535,train,26.4558586596235,-82.04788327217102,2,2_SevereDamage,2_SevereDamage,grid_0.005_23291_19590,grid_0.005_23291_19590,YokgWzSGxZtXC8EUIeavm5,287338420374094,287338420374094,2022-10-20T16:39:25Z,train
003536,train,26.450297062809625,-82.04451978206635,2,2_SevereDamage,2_SevereDamage,grid_0.005_23290_19591,grid_0.005_23290_19591,6e3WJg5uL72BZAq0QDM9hj,287661523684264,287661523684264,2022-10-20T16:58:47Z,test
003537,train,26.44765064739272,-82.05161154270172,2,2_SevereDamage,2_SevereDamage,grid_0.005_23289_19589,grid_0.005_23289_19589,6e3WJg5uL72BZAq0QDM9hj,287869026990130,287869026990130,2022-10-20T16:56:14Z,train
003538,train,26.44554691988872,-82.03401625156403,2,2_SevereDamage,2_SevereDamage,grid_0.005_23289_19593,grid_0.005_23289_19593,9UT5ZHyS3c7kMrjfsgzh10,288107453678247,288107453678247,2022-10-20T18:15:19Z,train
003539,test,26.447362467814003,-82.0252937078476,2,2_SevereDamage,2_SevereDamage,grid_0.005_23289_19594,grid_0.005_23289_19594,oAbgmNBZR9JTjufiX5eCxP,288309700244943,288309700244943,2022-10-20T17:07:49Z,train
003540,val,26.45079656089395,-82.03279316425323,2,2_SevereDamage,2_SevereDamage,grid_0.005_23290_19593,grid_0.005_23290_19593,9UT5ZHyS3c7kMrjfsgzh10,289398793547013,289398793547013,2022-10-20T18:09:51Z,train
003541,val,26.442021409118453,-82.05684721469878,2,2_SevereDamage,2_SevereDamage,grid_0.005_23288_19588,grid_0.005_23288_19588,lAtIQeO0Rwg2YVoC6Pa93F,290125376737999,290125376737999,2022-10-22T19:32:27Z,train
003542,train,26.52812055972892,-82.19200372695923,2,2_SevereDamage,2_SevereDamage,grid_0.005_23305_19561,grid_0.005_23305_19561,6o40Ksad9vEmtgTrx7VLPR,290931976700842,290931976700842,2022-10-20T14:58:54Z,train
003543,train,26.4484575463773,-82.0342630147934,2,2_SevereDamage,2_SevereDamage,grid_0.005_23289_19593,grid_0.005_23289_19593,9UT5ZHyS3c7kMrjfsgzh10,290988533383787,290988533383787,2022-10-20T18:12:56Z,train
003544,train,26.626595380013384,-81.88037395477295,2,2_SevereDamage,2_SevereDamage,grid_0.005_23325_19623,grid_0.005_23325_19623,Em7Mc1GUux6lXtdyqTzJRF,291393646680094,291393646680094,2022-09-30T20:18:54Z,train
003545,train,26.50408631360318,-82.18778192996979,2,2_SevereDamage,2_SevereDamage,grid_0.005_23300_19562,grid_0.005_23300_19562,5lx9r3DNnpsEXKTiPI0abv,291598503329467,291598503329467,2022-10-20T14:33:35Z,train
003546,train,26.57074292408228,-81.90347850322723,2,2_SevereDamage,2_SevereDamage,grid_0.005_23314_19619,grid_0.005_23314_19619,R6NX8Ev17S4qMjZcJWGtfd,291723189969774,291723189969774,2022-10-11T15:19:20Z,train
003547,train,26.45236708402497,-82.05112338066101,2,2_SevereDamage,2_SevereDamage,grid_0.005_23290_19589,grid_0.005_23290_19589,cy8maM4ht0X3eRY9jKSwxo,291905379919873,291905379919873,2022-10-20T16:46:21Z,train
003548,train,26.507393900959485,-82.18974530696869,2,2_SevereDamage,2_SevereDamage,grid_0.005_23301_19562,grid_0.005_23301_19562,5lx9r3DNnpsEXKTiPI0abv,292072050048293,292072050048293,2022-10-20T14:34:24Z,train
003549,val,26.45072451803472,-82.03523933887482,2,2_SevereDamage,2_SevereDamage,grid_0.005_23290_19592,grid_0.005_23290_19592,9UT5ZHyS3c7kMrjfsgzh10,292224069913381,292224069913381,2022-10-20T18:09:11Z,train
003550,train,26.442641023049376,-82.0502382516861,2,2_SevereDamage,2_SevereDamage,grid_0.005_23288_19589,grid_0.005_23288_19589,cAwCT0DeaQh89tvBRsHUz4,292611729872802,292611729872802,2022-10-22T19:43:14Z,test
003551,train,26.431857343766406,-82.11261570453644,2,2_SevereDamage,2_SevereDamage,grid_0.005_23286_19577,grid_0.005_23286_19577,Rd8l2zEjuKLNrOXf5Q3CDB,292653399882936,292653399882936,2022-10-20T13:55:19Z,train
003552,train,26.461674515397576,-82.04766333103179,2,2_SevereDamage,2_SevereDamage,grid_0.005_23292_19590,grid_0.005_23292_19590,0YIfZrHA3aCDs75ngd9Kcx,294273782987945,294273782987945,2022-10-20T16:28:49Z,train
003553,test,26.44817417178269,-82.03526616096497,2,2_SevereDamage,2_SevereDamage,grid_0.005_23289_19592,grid_0.005_23289_19592,9UT5ZHyS3c7kMrjfsgzh10,296136956279058,296136956279058,2022-10-20T18:12:40Z,train
003554,train,26.441752428390178,-82.03987419605254,2,2_SevereDamage,2_SevereDamage,grid_0.005_23288_19592,grid_0.005_23288_19592,5bS0CBxDknPTVWIs6OLvru,2969981583148531,2969981583148531,2022-10-21T17:15:46Z,train
003555,train,26.48019588952199,-82.17683851718903,2,2_SevereDamage,2_SevereDamage,grid_0.005_23296_19564,grid_0.005_23296_19564,2FqKfe7p8ltGyoBMwk1naW,298466412556541,298466412556541,2022-10-20T15:18:09Z,train
003556,train,26.456550238376263,-82.05069422721863,2,2_SevereDamage,2_SevereDamage,grid_0.005_23291_19589,grid_0.005_23291_19589,YokgWzSGxZtXC8EUIeavm5,299401685858595,299401685858595,2022-10-20T16:44:29Z,train
003557,train,26.42420007874364,-82.0886743068695,2,2_SevereDamage,2_SevereDamage,grid_0.005_23284_19582,grid_0.005_23284_19582,8isur9JBeVPXWMDpmQNSqw,300402125699288,300402125699288,2022-10-20T15:53:50Z,train
003558,train,26.45080136374964,-82.02359855175017,2,2_SevereDamage,2_SevereDamage,grid_0.005_23290_19595,grid_0.005_23290_19595,qLOwB6Mxsdzou8VFbWP7SU,301094205593606,301094205593606,2022-10-20T17:26:20Z,train
003559,train,26.45013376488907,-82.04946577548981,2,2_SevereDamage,2_SevereDamage,grid_0.005_23290_19590,grid_0.005_23290_19590,6e3WJg5uL72BZAq0QDM9hj,301395535593473,301395535593473,2022-10-20T16:55:11Z,train
003560,train,26.450969463572235,-82.02259004116057,2,2_SevereDamage,2_SevereDamage,grid_0.005_23290_19595,grid_0.005_23290_19595,qLOwB6Mxsdzou8VFbWP7SU,301481195640616,301481195640616,2022-10-20T17:26:04Z,train
003561,train,26.44620493924195,-82.05969035625458,2,2_SevereDamage,2_SevereDamage,grid_0.005_23289_19588,grid_0.005_23289_19588,mOxFlgIhNsDMV6H72nawdZ,301629338883633,301629338883633,2022-10-22T16:52:43Z,train
003562,train,26.438332475810824,-82.04720735549927,2,2_SevereDamage,2_SevereDamage,grid_0.005_23287_19590,grid_0.005_23287_19590,CDu3ifjIyq6W2ZEgm9Jecs,302764842106716,302764842106716,2022-10-22T19:38:46Z,train
003563,train,26.447737101125725,-82.03250348567963,2,2_SevereDamage,2_SevereDamage,grid_0.005_23289_19593,grid_0.005_23289_19593,9oftQ5hvKsIWYCqU7guZaA,3072305983069069,3072305983069069,2022-10-21T18:30:56Z,train
003564,train,26.47838085941079,-82.17578709125519,2,2_SevereDamage,2_SevereDamage,grid_0.005_23295_19564,grid_0.005_23295_19564,2FqKfe7p8ltGyoBMwk1naW,310020304693056,310020304693056,2022-10-20T15:13:32Z,train
003565,test,26.447179953707888,-82.02859282493591,2,2_SevereDamage,2_SevereDamage,grid_0.005_23289_19594,grid_0.005_23289_19594,nyw9GxcmVequiNU27Ka6LA,3117264655232334,3117264655232334,2022-10-21T18:37:49Z,test
003566,train,26.44318378290192,-82.03234791755676,2,2_SevereDamage,2_SevereDamage,grid_0.005_23288_19593,grid_0.005_23288_19593,oAbgmNBZR9JTjufiX5eCxP,312387297791369,312387297791369,2022-10-20T17:05:10Z,train
003567,train,26.571107559570454,-81.90389692783356,2,2_SevereDamage,2_SevereDamage,grid_0.005_23314_19619,grid_0.005_23314_19619,R6NX8Ev17S4qMjZcJWGtfd,3184141128545967,3184141128545967,2022-10-11T15:19:12Z,test
003568,train,26.43405739234376,-82.05378949642181,2,2_SevereDamage,2_SevereDamage,grid_0.005_23286_19589,grid_0.005_23286_19589,NyYzSUec6DpPEo8ZrBnL17,3194525734171462,3194525734171462,2022-10-21T19:19:00Z,train
003570,train,26.43265954974989,-82.05896079540253,2,2_SevereDamage,2_SevereDamage,grid_0.005_23286_19588,grid_0.005_23286_19588,NyYzSUec6DpPEo8ZrBnL17,3232443627046191,3232443627046191,2022-10-21T19:21:02Z,train
003571,val,26.45108953472388,-82.03433275222777,2,2_SevereDamage,2_SevereDamage,grid_0.005_23290_19593,grid_0.005_23290_19593,9UT5ZHyS3c7kMrjfsgzh10,3233013986992233,3233013986992233,2022-10-20T18:11:21Z,train
003572,train,26.442415272623226,-82.0399010181427,2,2_SevereDamage,2_SevereDamage,grid_0.005_23288_19592,grid_0.005_23288_19592,5bS0CBxDknPTVWIs6OLvru,3275444162771972,3275444162771972,2022-10-21T17:15:31Z,train
003573,train,26.45180515619112,-82.02749311923981,2,2_SevereDamage,2_SevereDamage,grid_0.005_23290_19594,grid_0.005_23290_19594,oA4ekOPWvzdE6Gc3J0qSLM,3289565098023118,3289565098023118,2022-10-21T17:54:24Z,train
003574,train,26.44769387426733,-82.03048646450043,2,2_SevereDamage,2_SevereDamage,grid_0.005_23289_19593,grid_0.005_23289_19593,9oftQ5hvKsIWYCqU7guZaA,3297389727191016,3297389727191016,2022-10-21T18:33:45Z,train
003575,train,26.43814514401524,-82.07042455673218,2,2_SevereDamage,2_SevereDamage,grid_0.005_23287_19585,grid_0.005_23287_19585,GIdmeE2xtHZPsDkr8qAcoB,3319356618325976,3319356618325976,2022-10-22T17:24:14Z,train
003576,train,26.51159425562517,-81.97541534900665,2,2_SevereDamage,2_SevereDamage,grid_0.005_23302_19604,grid_0.005_23302_19604,edntlwFA590gu1YVE4vSCf,3374837099434964,3374837099434964,2022-10-02T17:11:03Z,train
003577,train,26.44886099374976,-82.03268587589264,2,2_SevereDamage,2_SevereDamage,grid_0.005_23289_19593,grid_0.005_23289_19593,Zw6rtyuVDIGF5YfAngi7bX,3379557448974612,3379557448974612,2022-10-20T18:16:56Z,train
003578,test,26.44935569514664,-82.02780961990356,2,2_SevereDamage,2_SevereDamage,grid_0.005_23289_19594,grid_0.005_23289_19594,nyw9GxcmVequiNU27Ka6LA,3383424348651883,3383424348651883,2022-10-21T18:43:31Z,train
003579,train,26.446214545336048,-82.05759286880493,2,2_SevereDamage,2_SevereDamage,grid_0.005_23289_19588,grid_0.005_23289_19588,mOxFlgIhNsDMV6H72nawdZ,3387610168220545,3387610168220545,2022-10-22T16:52:09Z,train
003580,test,26.447002242326704,-82.02546000480652,2,2_SevereDamage,2_SevereDamage,grid_0.005_23289_19594,grid_0.005_23289_19594,n8NHRsX3PiA1YpCSMoy20F,3389043334706089,3389043334706089,2022-10-21T18:47:38Z,train
003581,train,26.42938343985768,-82.10214972496031,2,2_SevereDamage,2_SevereDamage,grid_0.005_23285_19579,grid_0.005_23285_19579,5ZrTVbvnpkBCqAUuj4foc1,3405562136374766,3405562136374766,2022-10-22T18:29:09Z,train
003582,train,26.442026212340025,-82.03515350818634,2,2_SevereDamage,2_SevereDamage,grid_0.005_23288_19592,grid_0.005_23288_19592,n8NHRsX3PiA1YpCSMoy20F,3411998235751947,3411998235751947,2022-10-21T18:49:49Z,train
003583,train,26.448928234841105,-82.03258395195007,2,2_SevereDamage,2_SevereDamage,grid_0.005_23289_19593,grid_0.005_23289_19593,9UT5ZHyS3c7kMrjfsgzh10,3412341692340906,3412341692340906,2022-10-20T18:07:53Z,train
003584,train,26.43877438550664,-82.05427765846252,2,2_SevereDamage,2_SevereDamage,grid_0.005_23287_19589,grid_0.005_23287_19589,ZD02REoSqG75BNbzd4CTlv,3412759045672852,3412759045672852,2022-10-21T19:14:17Z,train
003585,train,26.449595840689696,-82.0248806476593,2,2_SevereDamage,2_SevereDamage,grid_0.005_23289_19595,grid_0.005_23289_19595,nyw9GxcmVequiNU27Ka6LA,3445673798979719,3445673798979719,2022-10-21T18:45:06Z,train
003586,train,26.46717313438901,-82.15365886688232,2,2_SevereDamage,2_SevereDamage,grid_0.005_23293_19569,grid_0.005_23293_19569,V9j3Lpa2hEK7wUbA8cGd65,3470046993261703,3470046993261703,2022-10-20T14:26:20Z,train
003587,train,26.480954544413848,-82.17897355556488,2,2_SevereDamage,2_SevereDamage,grid_0.005_23296_19564,grid_0.005_23296_19564,2FqKfe7p8ltGyoBMwk1naW,3474852729451669,3474852729451669,2022-10-20T15:15:31Z,train
003588,train,26.43407660655683,-82.10043847560883,2,2_SevereDamage,2_SevereDamage,grid_0.005_23286_19579,grid_0.005_23286_19579,0M2YgdFsf6GZmIwQJy5APK,3480635535543354,3480635535543354,2022-10-22T18:20:47Z,train
003589,train,26.525754319385072,-82.19351649284363,2,2_SevereDamage,2_SevereDamage,grid_0.005_23305_19561,grid_0.005_23305_19561,YeKk9dJpcaH7tzifUmZxhj,3482289028726561,3482289028726561,2022-10-20T14:44:47Z,train
003590,train,26.44944214759981,-82.04945504665375,2,2_SevereDamage,2_SevereDamage,grid_0.005_23289_19590,grid_0.005_23289_19590,6e3WJg5uL72BZAq0QDM9hj,3486093174939897,3486093174939897,2022-10-20T16:55:21Z,train
003591,val,26.43844295339366,-82.06926584243774,2,2_SevereDamage,2_SevereDamage,grid_0.005_23287_19586,grid_0.005_23287_19586,ojkNER9alymT7XHIBhWvS2,3492462387745530,3492462387745530,2022-10-21T16:44:19Z,train
003592,val,26.440931072637,-82.04632759094238,2,2_SevereDamage,2_SevereDamage,grid_0.005_23288_19590,grid_0.005_23288_19590,CDu3ifjIyq6W2ZEgm9Jecs,3533014673607935,3533014673607935,2022-10-22T19:39:59Z,train
003593,train,26.435469628468965,-82.05498039722443,2,2_SevereDamage,2_SevereDamage,grid_0.005_23287_19589,grid_0.005_23287_19589,NyYzSUec6DpPEo8ZrBnL17,3542828382671106,3542828382671106,2022-10-21T19:22:31Z,train
003594,train,26.450662080853604,-82.02471971511842,2,2_SevereDamage,2_SevereDamage,grid_0.005_23290_19595,grid_0.005_23290_19595,qLOwB6Mxsdzou8VFbWP7SU,3560246910873273,3560246910873273,2022-10-20T17:26:34Z,train
003595,train,26.511656659736545,-81.97385966777802,2,2_SevereDamage,2_SevereDamage,grid_0.005_23302_19605,grid_0.005_23302_19605,edntlwFA590gu1YVE4vSCf,3561877114091820,3561877114091820,2022-10-02T17:07:33Z,train
003596,train,26.45841363822872,-82.05005049705505,2,2_SevereDamage,2_SevereDamage,grid_0.005_23291_19589,grid_0.005_23291_19589,YokgWzSGxZtXC8EUIeavm5,3575349589408431,3575349589408431,2022-10-20T16:41:42Z,train
003597,val,26.438553430870574,-82.0688796043396,2,2_SevereDamage,2_SevereDamage,grid_0.005_23287_19586,grid_0.005_23287_19586,GFA5Eq24e1SxuJVjWM0kyt,3586052654946144,3586052654946144,2022-10-20T16:00:54Z,train
003598,train,26.423666837457247,-82.08415746688843,2,2_SevereDamage,2_SevereDamage,grid_0.005_23284_19583,grid_0.005_23284_19583,yILRGFcu1KtAQg0WzVjEhZ,3586216001702158,3586216001702158,2022-10-22T19:06:19Z,train
003599,train,26.424161647021663,-82.08869576454163,2,2_SevereDamage,2_SevereDamage,grid_0.005_23284_19582,grid_0.005_23284_19582,yILRGFcu1KtAQg0WzVjEhZ,3587629208184658,3587629208184658,2022-10-22T19:05:12Z,test
003600,train,26.448481561141406,-82.0462042093277,2,2_SevereDamage,2_SevereDamage,grid_0.005_23289_19590,grid_0.005_23289_19590,6e3WJg5uL72BZAq0QDM9hj,3607237886230062,3607237886230062,2022-10-20T16:57:54Z,train
003601,train,26.447122317614287,-82.05038845539093,2,2_SevereDamage,2_SevereDamage,grid_0.005_23289_19589,grid_0.005_23289_19589,6e3WJg5uL72BZAq0QDM9hj,3610206079263312,3610206079263312,2022-10-20T16:56:39Z,train
003602,train,26.45842804584204,-82.05005049705505,2,2_SevereDamage,2_SevereDamage,grid_0.005_23291_19589,grid_0.005_23291_19589,YokgWzSGxZtXC8EUIeavm5,3627983444136752,3627983444136752,2022-10-20T16:40:37Z,train
003603,test,26.446041635519563,-82.03847408294678,2,2_SevereDamage,2_SevereDamage,grid_0.005_23289_19592,grid_0.005_23289_19592,oAbgmNBZR9JTjufiX5eCxP,3780117455540468,3780117455540468,2022-10-20T17:02:17Z,train
003604,train,26.485179872508795,-82.00609982013702,2,2_SevereDamage,2_SevereDamage,grid_0.005_23297_19598,grid_0.005_23297_19598,5G4oivF6N8ElUMxufdBjA7,3858453194380979,3858453194380979,2022-10-21T21:30:42Z,train
003605,train,26.435844300454576,-82.05454587936401,2,2_SevereDamage,2_SevereDamage,grid_0.005_23287_19589,grid_0.005_23287_19589,NyYzSUec6DpPEo8ZrBnL17,3879022225657446,3879022225657446,2022-10-21T19:23:29Z,train
003607,train,26.44141620159677,-82.0362263917923,2,2_SevereDamage,2_SevereDamage,grid_0.005_23288_19592,grid_0.005_23288_19592,5bS0CBxDknPTVWIs6OLvru,4231433227082316,4231433227082316,2022-10-21T17:18:26Z,train
003608,val,26.437861744053308,-82.06624031066895,2,2_SevereDamage,2_SevereDamage,grid_0.005_23287_19586,grid_0.005_23287_19586,ojkNER9alymT7XHIBhWvS2,459743219544184,459743219544184,2022-10-21T16:47:45Z,train
003609,test,26.448644861404546,-82.0263397693634,2,2_SevereDamage,2_SevereDamage,grid_0.005_23289_19594,grid_0.005_23289_19594,nyw9GxcmVequiNU27Ka6LA,461487816029664,461487816029664,2022-10-21T18:44:20Z,train
003610,train,26.43934118024424,-82.05420255661011,2,2_SevereDamage,2_SevereDamage,grid_0.005_23287_19589,grid_0.005_23287_19589,ZD02REoSqG75BNbzd4CTlv,463671465977746,463671465977746,2022-10-21T19:13:09Z,train
003611,train,26.553061508570863,-81.96108162403107,2,2_SevereDamage,2_SevereDamage,grid_0.005_23310_19607,grid_0.005_23310_19607,tIAfNHcP8OTlo2Xp1krhSu,468402915211253,468402915211253,2022-10-02T11:56:05.800000Z,train
003612,train,26.445503692208376,-82.05604255199432,2,2_SevereDamage,2_SevereDamage,grid_0.005_23289_19588,grid_0.005_23289_19588,6Enx3OZopQHazvV5Aye4tg,470428528634998,470428528634998,2022-10-21T19:36:58Z,train
003613,train,26.45996484757599,-82.04705715179443,2,2_SevereDamage,2_SevereDamage,grid_0.005_23291_19590,grid_0.005_23291_19590,tTMujQinkPSmUalNr8ODYC,484247400547899,484247400547899,2022-10-21T19:00:12Z,test
003614,train,26.44710310557672,-82.0328414440155,2,2_SevereDamage,2_SevereDamage,grid_0.005_23289_19593,grid_0.005_23289_19593,9oftQ5hvKsIWYCqU7guZaA,487362096914520,487362096914520,2022-10-21T18:31:52Z,train
003615,val,26.438457363505343,-82.06513524055481,2,2_SevereDamage,2_SevereDamage,grid_0.005_23287_19586,grid_0.005_23287_19586,ojkNER9alymT7XHIBhWvS2,495030382752490,495030382752490,2022-10-21T16:45:16Z,test
003616,train,26.435339934036293,-82.05721735954285,2,2_SevereDamage,2_SevereDamage,grid_0.005_23287_19588,grid_0.005_23287_19588,X52NQsIPtuAZHEwoBkDhqv,496122786004682,496122786004682,2022-10-21T16:58:06Z,train
003617,train,26.440181760526585,-82.03987956047058,2,2_SevereDamage,2_SevereDamage,grid_0.005_23288_19592,grid_0.005_23288_19592,PioLgY63BXl1ItahOyTeME,497157739169139,497157739169139,2022-10-21T17:12:07Z,train
003618,train,26.436598444219257,-82.04639196395874,2,2_SevereDamage,2_SevereDamage,grid_0.005_23287_19590,grid_0.005_23287_19590,PioLgY63BXl1ItahOyTeME,499036779012746,499036779012746,2022-10-21T17:09:46Z,train
003619,train,26.44637304577316,-82.04121530056,2,2_SevereDamage,2_SevereDamage,grid_0.005_23289_19591,grid_0.005_23289_19591,ZoPOLpxfckCaEiQWqzs2Hg,500872495555615,500872495555615,2022-10-20T16:05:04Z,train
003620,train,26.44805409759161,-82.05241620540619,2,2_SevereDamage,2_SevereDamage,grid_0.005_23289_19589,grid_0.005_23289_19589,fkzvtDXqFTJgKBrMpHPWEi,502438415358496,502438415358496,2022-10-21T20:12:49Z,train
003621,val,26.440210580313263,-82.0483124256134,2,2_SevereDamage,2_SevereDamage,grid_0.005_23288_19590,grid_0.005_23288_19590,cK9RIBTNm6s1M7DYd2raCk,507977784739523,507977784739523,2022-10-21T19:29:29Z,train
003622,train,26.43320235661942,-82.05535054206848,2,2_SevereDamage,2_SevereDamage,grid_0.005_23286_19588,grid_0.005_23286_19588,NyYzSUec6DpPEo8ZrBnL17,507980241441198,507980241441198,2022-10-21T19:19:43Z,train
003623,train,26.443760162246647,-82.0384794473648,2,2_SevereDamage,2_SevereDamage,grid_0.005_23288_19592,grid_0.005_23288_19592,n8NHRsX3PiA1YpCSMoy20F,510505624401799,510505624401799,2022-10-21T18:51:18Z,train
003624,train,26.43847177361523,-82.07809031009674,2,2_SevereDamage,2_SevereDamage,grid_0.005_23287_19584,grid_0.005_23287_19584,FDdzYnaCWL8jJN0GwxMkmV,511258290906490,511258290906490,2022-10-21T16:40:32Z,train
003625,train,26.45108953472388,-82.0255994796753,2,2_SevereDamage,2_SevereDamage,grid_0.005_23290_19594,grid_0.005_23290_19594,oA4ekOPWvzdE6Gc3J0qSLM,511616841075335,511616841075335,2022-10-21T17:58:07Z,train
003626,train,26.435344737536383,-82.05617129802704,2,2_SevereDamage,2_SevereDamage,grid_0.005_23287_19588,grid_0.005_23287_19588,X52NQsIPtuAZHEwoBkDhqv,5117090175060341,5117090175060341,2022-10-21T16:58:33Z,train
003627,train,26.44425488555096,-82.0399010181427,2,2_SevereDamage,2_SevereDamage,grid_0.005_23288_19592,grid_0.005_23288_19592,PioLgY63BXl1ItahOyTeME,512448814324603,512448814324603,2022-10-21T17:13:13Z,train
003628,train,26.446200136194605,-82.05938458442688,2,2_SevereDamage,2_SevereDamage,grid_0.005_23289_19588,grid_0.005_23289_19588,vItnjg2h4oOkUXx819qbfM,514905614072827,514905614072827,2022-10-21T20:17:02Z,train
003629,val,26.43940842689252,-82.0696896314621,2,2_SevereDamage,2_SevereDamage,grid_0.005_23287_19586,grid_0.005_23287_19586,eGaqwKdfoI8yJ7kgjAtD3F,515525387371816,515525387371816,2022-10-22T17:29:00Z,train
003630,test,26.44506661141824,-82.0283031463623,2,2_SevereDamage,2_SevereDamage,grid_0.005_23289_19594,grid_0.005_23289_19594,5bS0CBxDknPTVWIs6OLvru,517372630540302,517372630540302,2022-10-21T17:20:09Z,train
003631,train,26.44691098502437,-82.03028798103333,2,2_SevereDamage,2_SevereDamage,grid_0.005_23289_19593,grid_0.005_23289_19593,9oftQ5hvKsIWYCqU7guZaA,519158746734301,519158746734301,2022-10-21T18:34:00Z,train
003632,train,26.4558586596235,-82.0469981431961,2,2_SevereDamage,2_SevereDamage,grid_0.005_23291_19590,grid_0.005_23291_19590,YokgWzSGxZtXC8EUIeavm5,524888826409626,524888826409626,2022-10-20T16:39:15Z,train
003633,train,26.45062846081896,-82.04762578010559,2,2_SevereDamage,2_SevereDamage,grid_0.005_23290_19590,grid_0.005_23290_19590,cy8maM4ht0X3eRY9jKSwxo,528414412716659,528414412716659,2022-10-20T16:50:01Z,train
003634,test,26.44721837775428,-82.03994929790498,2,2_SevereDamage,2_SevereDamage,grid_0.005_23289_19592,grid_0.005_23289_19592,uGWfqep3o2ws7cldtXQBLk,531111935664105,531111935664105,2022-10-21T19:06:31Z,train
003635,train,26.447477739732008,-82.03283071517944,2,2_SevereDamage,2_SevereDamage,grid_0.005_23289_19593,grid_0.005_23289_19593,9oftQ5hvKsIWYCqU7guZaA,531246158795353,531246158795353,2022-10-21T18:32:01Z,train
003636,train,26.44952379707935,-82.03013777732849,2,2_SevereDamage,2_SevereDamage,grid_0.005_23289_19593,grid_0.005_23289_19593,oA4ekOPWvzdE6Gc3J0qSLM,534367135471298,534367135471298,2022-10-21T17:59:14Z,train
003637,train,26.43266435336172,-82.05644488334656,2,2_SevereDamage,2_SevereDamage,grid_0.005_23286_19588,grid_0.005_23286_19588,cK9RIBTNm6s1M7DYd2raCk,535828034996265,535828034996265,2022-10-21T19:25:49Z,train
003638,train,26.433682714548723,-82.05012023448944,2,2_SevereDamage,2_SevereDamage,grid_0.005_23286_19589,grid_0.005_23286_19589,PioLgY63BXl1ItahOyTeME,536715505073624,536715505073624,2022-10-21T17:08:24Z,test
003639,train,26.44900508175457,-82.02380239963531,2,2_SevereDamage,2_SevereDamage,grid_0.005_23289_19595,grid_0.005_23289_19595,nyw9GxcmVequiNU27Ka6LA,541584564706850,541584564706850,2022-10-21T18:46:25Z,train
003640,train,26.43745825815914,-82.06452369689941,2,2_SevereDamage,2_SevereDamage,grid_0.005_23287_19587,grid_0.005_23287_19587,ojkNER9alymT7XHIBhWvS2,541625194594979,541625194594979,2022-10-21T16:48:34Z,train
003641,train,26.44904830812088,-82.02381312847137,2,2_SevereDamage,2_SevereDamage,grid_0.005_23289_19595,grid_0.005_23289_19595,nyw9GxcmVequiNU27Ka6LA,541770071226611,541770071226611,2022-10-21T18:46:25Z,train
003642,test,26.44876493497972,-82.0260500907898,2,2_SevereDamage,2_SevereDamage,grid_0.005_23289_19594,grid_0.005_23289_19594,nyw9GxcmVequiNU27Ka6LA,542942187876619,542942187876619,2022-10-21T18:44:27Z,train
003643,train,26.511373440804974,-82.19072163105011,2,2_SevereDamage,2_SevereDamage,grid_0.005_23302_19561,grid_0.005_23302_19561,5lx9r3DNnpsEXKTiPI0abv,543071701199938,543071701199938,2022-10-20T14:34:59Z,train
003644,train,26.434681852628643,-82.05272197723389,2,2_SevereDamage,2_SevereDamage,grid_0.005_23286_19589,grid_0.005_23286_19589,NyYzSUec6DpPEo8ZrBnL17,543746824364188,543746824364188,2022-10-21T19:18:39Z,train
003645,train,26.438563037602705,-82.05425083637236,2,2_SevereDamage,2_SevereDamage,grid_0.005_23287_19589,grid_0.005_23287_19589,ZD02REoSqG75BNbzd4CTlv,544023181079925,544023181079925,2022-10-21T19:13:26Z,test
003646,train,26.447151135664697,-82.03034698963165,2,2_SevereDamage,2_SevereDamage,grid_0.005_23289_19593,grid_0.005_23289_19593,9oftQ5hvKsIWYCqU7guZaA,544258464401486,544258464401486,2022-10-21T18:33:55Z,train
003647,train,26.45180995900472,-82.02978909015656,2,2_SevereDamage,2_SevereDamage,grid_0.005_23290_19594,grid_0.005_23290_19594,oA4ekOPWvzdE6Gc3J0qSLM,545021134219361,545021134219361,2022-10-21T17:56:32Z,train
003648,train,26.461784970591467,-82.0479691028595,2,2_SevereDamage,2_SevereDamage,grid_0.005_23292_19590,grid_0.005_23292_19590,cjXdAN6SYHtunWF5TIOlCq,545145974237794,545145974237794,2022-10-21T18:56:48Z,train
003649,train,26.451785944934628,-82.0290058851242,2,2_SevereDamage,2_SevereDamage,grid_0.005_23290_19594,grid_0.005_23290_19594,oA4ekOPWvzdE6Gc3J0qSLM,545725270628390,545725270628390,2022-10-21T17:56:46Z,train
003650,train,26.4427995284034,-82.03312039375305,2,2_SevereDamage,2_SevereDamage,grid_0.005_23288_19593,grid_0.005_23288_19593,5bS0CBxDknPTVWIs6OLvru,546474637444886,546474637444886,2022-10-21T17:19:01Z,train
003651,train,26.458576924407453,-82.05037772655487,2,2_SevereDamage,2_SevereDamage,grid_0.005_23291_19589,grid_0.005_23291_19589,YokgWzSGxZtXC8EUIeavm5,547509237596406,547509237596406,2022-10-20T16:40:46Z,train
003652,train,26.43888486266576,-82.04611837863922,2,2_SevereDamage,2_SevereDamage,grid_0.005_23287_19590,grid_0.005_23287_19590,uGWfqep3o2ws7cldtXQBLk,547802657296974,547802657296974,2022-10-21T19:09:09Z,train
003653,train,26.44356803611884,-82.03849017620087,2,2_SevereDamage,2_SevereDamage,grid_0.005_23288_19592,grid_0.005_23288_19592,n8NHRsX3PiA1YpCSMoy20F,552254230215065,552254230215065,2022-10-21T18:51:16Z,train
003654,train,26.45986879806864,-82.04485774040222,2,2_SevereDamage,2_SevereDamage,grid_0.005_23291_19591,grid_0.005_23291_19591,cjXdAN6SYHtunWF5TIOlCq,553134626842327,553134626842327,2022-10-21T18:57:48Z,train
003655,train,26.44741049779385,-82.03164517879486,2,2_SevereDamage,2_SevereDamage,grid_0.005_23289_19593,grid_0.005_23289_19593,9oftQ5hvKsIWYCqU7guZaA,561677715860216,561677715860216,2022-10-21T18:27:02Z,train
003656,train,26.57046944670452,-81.89729332923889,2,2_SevereDamage,2_SevereDamage,grid_0.005_23314_19620,grid_0.005_23314_19620,M5eOhXKrUp6RGLtk7lZcbB,563561205750360,563561205750360,2022-10-11T15:30:43Z,train
003657,test,26.44381299687562,-82.0601087808609,2,2_SevereDamage,2_SevereDamage,grid_0.005_23288_19587,grid_0.005_23288_19587,vItnjg2h4oOkUXx819qbfM,563932162304612,563932162304612,2022-10-21T20:15:33Z,train
003658,train,26.43534954103632,-82.05695450305939,2,2_SevereDamage,2_SevereDamage,grid_0.005_23287_19588,grid_0.005_23287_19588,X52NQsIPtuAZHEwoBkDhqv,563953725613273,563953725613273,2022-10-21T16:58:55Z,train
003659,train,26.45190121242537,-82.02654898166656,2,2_SevereDamage,2_SevereDamage,grid_0.005_23290_19594,grid_0.005_23290_19594,oA4ekOPWvzdE6Gc3J0qSLM,564735498616813,564735498616813,2022-10-21T17:54:01Z,train
003660,train,26.4401337275328,-82.04015851020813,2,2_SevereDamage,2_SevereDamage,grid_0.005_23288_19591,grid_0.005_23288_19591,PioLgY63BXl1ItahOyTeME,5648810971896469,5648810971896469,2022-10-21T17:12:00Z,train
003661,train,26.44780434287321,-82.03224062919617,2,2_SevereDamage,2_SevereDamage,grid_0.005_23289_19593,grid_0.005_23289_19593,9oftQ5hvKsIWYCqU7guZaA,565401572134959,565401572134959,2022-10-21T18:30:51Z,train
003662,train,26.43983111921146,-82.05304920673369,2,2_SevereDamage,2_SevereDamage,grid_0.005_23287_19589,grid_0.005_23287_19589,ZD02REoSqG75BNbzd4CTlv,566011778747830,566011778747830,2022-10-21T19:15:31Z,train
003663,train,26.46017135374538,-82.0450347661972,2,2_SevereDamage,2_SevereDamage,grid_0.005_23292_19590,grid_0.005_23292_19590,cjXdAN6SYHtunWF5TIOlCq,567602888569053,567602888569053,2022-10-21T18:58:15Z,train
003664,train,26.50231966770238,-81.97777569293976,2,2_SevereDamage,2_SevereDamage,grid_0.005_23300_19604,grid_0.005_23300_19604,X5lqZsudxrJMCFcQmwtD9L,568266228845966,568266228845966,2022-10-02T17:22:30Z,train
003665,val,26.44004726809352,-82.04610764980316,2,2_SevereDamage,2_SevereDamage,grid_0.005_23288_19590,grid_0.005_23288_19590,uGWfqep3o2ws7cldtXQBLk,568527051539740,568527051539740,2022-10-21T19:08:58Z,train
003666,train,26.43512377632412,-82.05177783966064,2,2_SevereDamage,2_SevereDamage,grid_0.005_23287_19589,grid_0.005_23287_19589,NyYzSUec6DpPEo8ZrBnL17,569434571865306,569434571865306,2022-10-21T19:18:21Z,train
003667,train,26.461540048061963,-82.04819977283478,2,2_SevereDamage,2_SevereDamage,grid_0.005_23292_19590,grid_0.005_23292_19590,0YIfZrHA3aCDs75ngd9Kcx,570069661743879,570069661743879,2022-10-20T16:29:06Z,train
003668,train,26.43954772339619,-82.07187831401825,2,2_SevereDamage,2_SevereDamage,grid_0.005_23287_19585,grid_0.005_23287_19585,ojkNER9alymT7XHIBhWvS2,570685201588821,570685201588821,2022-10-21T16:43:26Z,train
003669,train,26.43851980730186,-82.04611837863922,2,2_SevereDamage,2_SevereDamage,grid_0.005_23287_19590,grid_0.005_23287_19590,uGWfqep3o2ws7cldtXQBLk,571749641668046,571749641668046,2022-10-21T19:09:12Z,train
003670,train,26.44008089121651,-82.03922510147095,2,2_SevereDamage,2_SevereDamage,grid_0.005_23288_19592,grid_0.005_23288_19592,5bS0CBxDknPTVWIs6OLvru,572236647806302,572236647806302,2022-10-21T17:17:39Z,train
003671,train,26.510235757720864,-81.96403205394746,2,2_SevereDamage,2_SevereDamage,grid_0.005_23302_19607,grid_0.005_23302_19607,UiTVbHcRCdI730PgBtJYFL,572680091692456,572680091692456,2022-10-02T16:15:27Z,train
003672,train,26.432683567807004,-82.05640196800232,2,2_SevereDamage,2_SevereDamage,grid_0.005_23286_19588,grid_0.005_23286_19588,cK9RIBTNm6s1M7DYd2raCk,5735436306494015,5735436306494015,2022-10-21T19:25:50Z,train
003673,train,26.43999443173756,-82.05035090446472,2,2_SevereDamage,2_SevereDamage,grid_0.005_23287_19589,grid_0.005_23287_19589,ZD02REoSqG75BNbzd4CTlv,574539590883030,574539590883030,2022-10-21T19:16:35Z,train
003674,train,26.56999925600269,-81.89638674259186,2,2_SevereDamage,2_SevereDamage,grid_0.005_23313_19620,grid_0.005_23313_19620,R6NX8Ev17S4qMjZcJWGtfd,575099201476643,575099201476643,2022-10-11T15:14:45Z,train
003675,val,26.43807789662972,-82.06559658050537,2,2_SevereDamage,2_SevereDamage,grid_0.005_23287_19586,grid_0.005_23287_19586,ojkNER9alymT7XHIBhWvS2,5752228141529663,5752228141529663,2022-10-21T16:47:58Z,train
003676,test,26.44803488570942,-82.02950477600098,2,2_SevereDamage,2_SevereDamage,grid_0.005_23289_19594,grid_0.005_23289_19594,nyw9GxcmVequiNU27Ka6LA,575364557783560,575364557783560,2022-10-21T18:40:03Z,train
003677,train,26.43951890344374,-82.04314649105072,2,2_SevereDamage,2_SevereDamage,grid_0.005_23287_19591,grid_0.005_23287_19591,PioLgY63BXl1ItahOyTeME,576067351050091,576067351050091,2022-10-21T17:11:15Z,train
003678,train,26.43814514401524,-82.05428302288055,2,2_SevereDamage,2_SevereDamage,grid_0.005_23287_19589,grid_0.005_23287_19589,ZD02REoSqG75BNbzd4CTlv,576338103944589,576338103944589,2022-10-21T19:13:36Z,train
003679,train,26.436617658008657,-82.0464938879013,2,2_SevereDamage,2_SevereDamage,grid_0.005_23287_19590,grid_0.005_23287_19590,PioLgY63BXl1ItahOyTeME,576989100595625,576989100595625,2022-10-21T17:09:45Z,train
003680,train,26.4485295906546,-82.03397870063782,2,2_SevereDamage,2_SevereDamage,grid_0.005_23289_19593,grid_0.005_23289_19593,9oftQ5hvKsIWYCqU7guZaA,5776649692401475,5776649692401475,2022-10-21T18:25:54Z,train
003681,train,26.44019617042084,-82.06590235233307,2,2_SevereDamage,2_SevereDamage,grid_0.005_23288_19586,grid_0.005_23288_19586,bHW0YasAr5m2fTOgSIokNq,578901581116893,578901581116893,2022-10-22T17:17:59Z,train
003682,train,26.4471319236319,-82.04963207244873,2,2_SevereDamage,2_SevereDamage,grid_0.005_23289_19590,grid_0.005_23289_19590,6e3WJg5uL72BZAq0QDM9hj,579081164400672,579081164400672,2022-10-20T16:56:50Z,train
003683,train,26.44769867725242,-82.03264832496643,2,2_SevereDamage,2_SevereDamage,grid_0.005_23289_19593,grid_0.005_23289_19593,9oftQ5hvKsIWYCqU7guZaA,5793801340666313,5793801340666313,2022-10-21T18:31:00Z,test
003684,train,26.43406699945069,-82.09633469581605,2,2_SevereDamage,2_SevereDamage,grid_0.005_23286_19580,grid_0.005_23286_19580,0M2YgdFsf6GZmIwQJy5APK,579551944089242,579551944089242,2022-10-22T18:19:57Z,test
003685,train,26.55473140338612,-81.9645631313324,2,2_SevereDamage,2_SevereDamage,grid_0.005_23310_19607,grid_0.005_23310_19607,lR0cupJwszIVy8CWaMS2jT,5800686246677036,5800686246677036,2022-10-02T11:49:51Z,train
003686,train,26.439859939085835,-82.05030262470245,2,2_SevereDamage,2_SevereDamage,grid_0.005_23287_19589,grid_0.005_23287_19589,ZD02REoSqG75BNbzd4CTlv,580181753505516,580181753505516,2022-10-21T19:16:38Z,test
003687,val,26.4375927536142,-82.06647634506226,2,2_SevereDamage,2_SevereDamage,grid_0.005_23287_19586,grid_0.005_23287_19586,ojkNER9alymT7XHIBhWvS2,580187280171260,580187280171260,2022-10-21T16:45:51Z,train
003688,train,26.44213668638116,-82.03489065170288,2,2_SevereDamage,2_SevereDamage,grid_0.005_23288_19593,grid_0.005_23288_19593,5bS0CBxDknPTVWIs6OLvru,5808505675900756,5808505675900756,2022-10-21T17:18:42Z,train
003689,train,26.42910482211033,-82.06084907054901,2,2_SevereDamage,2_SevereDamage,grid_0.005_23285_19587,grid_0.005_23285_19587,d9OWh4IQeMXLPraFD8HZpy,5811256932328446,5811256932328446,2022-10-21T17:06:25Z,train
003690,train,26.441632347505163,-82.0402443408966,2,2_SevereDamage,2_SevereDamage,grid_0.005_23288_19591,grid_0.005_23288_19591,5bS0CBxDknPTVWIs6OLvru,581164860538811,581164860538811,2022-10-21T17:15:57Z,train
003691,train,26.43990316888388,-82.05258250236513,2,2_SevereDamage,2_SevereDamage,grid_0.005_23287_19589,grid_0.005_23287_19589,ZD02REoSqG75BNbzd4CTlv,581924183356666,581924183356666,2022-10-21T19:12:38Z,train
003692,train,26.44766505635272,-82.03268587589264,2,2_SevereDamage,2_SevereDamage,grid_0.005_23289_19593,grid_0.005_23289_19593,9oftQ5hvKsIWYCqU7guZaA,5820293818048353,5820293818048353,2022-10-21T18:32:07Z,train
003693,train,26.451785944934628,-82.02905952930452,2,2_SevereDamage,2_SevereDamage,grid_0.005_23290_19594,grid_0.005_23290_19594,oA4ekOPWvzdE6Gc3J0qSLM,582347010399759,582347010399759,2022-10-21T17:56:45Z,train
003694,train,26.43293815890489,-82.05591380596162,2,2_SevereDamage,2_SevereDamage,grid_0.005_23286_19588,grid_0.005_23286_19588,cK9RIBTNm6s1M7DYd2raCk,582717473216637,582717473216637,2022-10-21T19:25:57Z,train
003695,test,26.446786106493548,-82.0254385471344,2,2_SevereDamage,2_SevereDamage,grid_0.005_23289_19594,grid_0.005_23289_19594,5bS0CBxDknPTVWIs6OLvru,582958117175202,582958117175202,2022-10-21T17:20:53Z,train
003696,train,26.442641023049376,-82.05039381980896,2,2_SevereDamage,2_SevereDamage,grid_0.005_23288_19589,grid_0.005_23288_19589,cAwCT0DeaQh89tvBRsHUz4,584247453865577,584247453865577,2022-10-22T19:43:09Z,train
003697,test,26.44969670166845,-82.02946186065674,2,2_SevereDamage,2_SevereDamage,grid_0.005_23289_19594,grid_0.005_23289_19594,oA4ekOPWvzdE6Gc3J0qSLM,586170309633675,586170309633675,2022-10-21T17:59:07Z,train
003698,train,26.512832730879666,-82.19109177589417,2,2_SevereDamage,2_SevereDamage,grid_0.005_23302_19561,grid_0.005_23302_19561,5lx9r3DNnpsEXKTiPI0abv,586465133622852,586465133622852,2022-10-20T14:35:11Z,train
003699,train,26.4391586534297,-82.04830169677734,2,2_SevereDamage,2_SevereDamage,grid_0.005_23287_19590,grid_0.005_23287_19590,cK9RIBTNm6s1M7DYd2raCk,587700943367813,587700943367813,2022-10-21T19:28:32Z,train
003700,test,26.437760872712232,-82.126407623291,2,2_SevereDamage,2_SevereDamage,grid_0.005_23287_19574,grid_0.005_23287_19574,pba3IXw4jEKWtURMg8nPVv,588846873398101,588846873398101,2022-10-20T14:07:45Z,train
003701,train,26.476901924811017,-82.17515945434569,2,2_SevereDamage,2_SevereDamage,grid_0.005_23295_19564,grid_0.005_23295_19564,V9j3Lpa2hEK7wUbA8cGd65,588961906449648,588961906449648,2022-10-20T14:28:57Z,test
003702,train,26.508656423706327,-81.96666061878204,2,2_SevereDamage,2_SevereDamage,grid_0.005_23301_19606,grid_0.005_23301_19606,UiTVbHcRCdI730PgBtJYFL,590566219871082,590566219871082,2022-10-02T16:14:24Z,train
003703,train,26.45201167699574,-82.13230311870575,2,2_SevereDamage,2_SevereDamage,grid_0.005_23290_19573,grid_0.005_23290_19573,Hdxcg6t5vyaoX8lCwfM391,591349493123092,591349493123092,2022-10-20T15:40:34Z,train
003704,train,26.57096842248164,-81.90374672412872,2,2_SevereDamage,2_SevereDamage,grid_0.005_23314_19619,grid_0.005_23314_19619,R6NX8Ev17S4qMjZcJWGtfd,591970986253567,591970986253567,2022-10-11T15:19:15Z,train
003705,train,26.43033457812849,-82.10049211978912,2,2_SevereDamage,2_SevereDamage,grid_0.005_23286_19579,grid_0.005_23286_19579,0M2YgdFsf6GZmIwQJy5APK,5921225711317187,5921225711317187,2022-10-22T18:18:18Z,train
003706,train,26.489625902389264,-82.18453645706175,2,2_SevereDamage,2_SevereDamage,grid_0.005_23297_19563,grid_0.005_23297_19563,SyLB57XMjdtCGqc6ZnJ4Pv,592514056322858,592514056322858,2022-10-20T14:31:31Z,train
003707,val,26.44351039821798,-82.05529153347015,2,2_SevereDamage,2_SevereDamage,grid_0.005_23288_19588,grid_0.005_23288_19588,wJ8ZYp4KuVjgI6xsXOUWkA,592911116312550,592911116312550,2022-10-22T17:07:59Z,train
003708,train,26.43326960685002,-82.05084979534149,2,2_SevereDamage,2_SevereDamage,grid_0.005_23286_19589,grid_0.005_23286_19589,PioLgY63BXl1ItahOyTeME,5930511247032836,5930511247032836,2022-10-21T17:08:16Z,train
003709,train,26.42380134900532,-82.08536446094513,2,2_SevereDamage,2_SevereDamage,grid_0.005_23284_19582,grid_0.005_23284_19582,yILRGFcu1KtAQg0WzVjEhZ,593368106263069,593368106263069,2022-10-22T19:05:51Z,train
003710,val,26.437660001282826,-82.06644415855408,2,2_SevereDamage,2_SevereDamage,grid_0.005_23287_19586,grid_0.005_23287_19586,ojkNER9alymT7XHIBhWvS2,593925522491935,593925522491935,2022-10-21T16:47:38Z,train
003712,train,26.449932043608754,-82.04946041107178,2,2_SevereDamage,2_SevereDamage,grid_0.005_23289_19590,grid_0.005_23289_19590,6e3WJg5uL72BZAq0QDM9hj,594906372754735,594906372754735,2022-10-20T16:55:14Z,train
003713,train,26.428984728046032,-82.10150599479675,2,2_SevereDamage,2_SevereDamage,grid_0.005_23285_19579,grid_0.005_23285_19579,0M2YgdFsf6GZmIwQJy5APK,595385982700757,595385982700757,2022-10-22T18:17:45Z,train
003714,train,26.46154965287685,-82.04819977283478,2,2_SevereDamage,2_SevereDamage,grid_0.005_23292_19590,grid_0.005_23292_19590,cjXdAN6SYHtunWF5TIOlCq,595853159040154,595853159040154,2022-10-21T18:56:38Z,train
003715,train,26.52415119983182,-82.18958973884583,2,2_SevereDamage,2_SevereDamage,grid_0.005_23304_19562,grid_0.005_23304_19562,YeKk9dJpcaH7tzifUmZxhj,596005335850300,596005335850300,2022-10-20T14:43:37Z,train
003716,train,26.43432639103517,-82.05624103546143,2,2_SevereDamage,2_SevereDamage,grid_0.005_23286_19588,grid_0.005_23286_19588,NyYzSUec6DpPEo8ZrBnL17,597013948914448,597013948914448,2022-10-21T19:22:00Z,train
003717,train,26.46550676842812,-82.15185642242432,2,2_SevereDamage,2_SevereDamage,grid_0.005_23293_19569,grid_0.005_23293_19569,5bepm7EUv2gLRdyB0VZTJ1,601202421845687,601202421845687,2022-10-20T15:37:20Z,train
003718,test,26.44886099374976,-82.03567385673523,2,2_SevereDamage,2_SevereDamage,grid_0.005_23289_19592,grid_0.005_23289_19592,9UT5ZHyS3c7kMrjfsgzh10,603255305214209,603255305214209,2022-10-20T18:12:16Z,train
003719,train,26.429162467216766,-82.1015650033951,2,2_SevereDamage,2_SevereDamage,grid_0.005_23285_19579,grid_0.005_23285_19579,5ZrTVbvnpkBCqAUuj4foc1,604302798192819,604302798192819,2022-10-22T18:23:38Z,train
003720,train,26.42746672828791,-82.09305167198181,2,2_SevereDamage,2_SevereDamage,grid_0.005_23285_19581,grid_0.005_23285_19581,yILRGFcu1KtAQg0WzVjEhZ,605028568428033,605028568428033,2022-10-22T18:59:07Z,train
003721,train,26.448366290228023,-82.03186511993408,2,2_SevereDamage,2_SevereDamage,grid_0.005_23289_19593,grid_0.005_23289_19593,9oftQ5hvKsIWYCqU7guZaA,605143641620724,605143641620724,2022-10-21T18:26:39Z,train
003723,train,26.44587833156567,-82.03402698040009,2,2_SevereDamage,2_SevereDamage,grid_0.005_23289_19593,grid_0.005_23289_19593,Zw6rtyuVDIGF5YfAngi7bX,606260424929819,606260424929819,2022-10-20T18:15:26Z,train
003724,train,26.432952569704923,-82.05896079540253,2,2_SevereDamage,2_SevereDamage,grid_0.005_23286_19588,grid_0.005_23286_19588,NyYzSUec6DpPEo8ZrBnL17,6067220276729393,6067220276729393,2022-10-21T19:24:48Z,train
003725,train,26.44048436792704,-82.03792154788971,2,2_SevereDamage,2_SevereDamage,grid_0.005_23288_19592,grid_0.005_23288_19592,oAbgmNBZR9JTjufiX5eCxP,607593261572197,607593261572197,2022-10-20T17:03:39Z,train
003726,train,26.43768882170025,-82.07228600978851,2,2_SevereDamage,2_SevereDamage,grid_0.005_23287_19585,grid_0.005_23287_19585,lAtIQeO0Rwg2YVoC6Pa93F,608744057904124,608744057904124,2022-10-22T19:30:07Z,train
003727,val,26.44209345742115,-82.05655217170715,2,2_SevereDamage,2_SevereDamage,grid_0.005_23288_19588,grid_0.005_23288_19588,GFA5Eq24e1SxuJVjWM0kyt,611256107737625,611256107737625,2022-10-20T16:02:51Z,train
003728,test,26.448495969997467,-82.02668845653534,2,2_SevereDamage,2_SevereDamage,grid_0.005_23289_19594,grid_0.005_23289_19594,nyw9GxcmVequiNU27Ka6LA,6122133547852131,6122133547852131,2022-10-21T18:44:13Z,train
003729,train,26.478366454295355,-82.17476785182954,2,2_SevereDamage,2_SevereDamage,grid_0.005_23295_19565,grid_0.005_23295_19565,2FqKfe7p8ltGyoBMwk1naW,6131793820279714,6131793820279714,2022-10-20T15:12:47Z,train
003730,train,26.425684494201164,-82.09333598613739,2,2_SevereDamage,2_SevereDamage,grid_0.005_23285_19581,grid_0.005_23285_19581,8isur9JBeVPXWMDpmQNSqw,613488934213475,613488934213475,2022-10-20T15:52:09Z,train
003731,test,26.443625673990823,-82.06407845020294,2,2_SevereDamage,2_SevereDamage,grid_0.005_23288_19587,grid_0.005_23288_19587,wsuK3zob9RL5EY1FcZThlt,6140862242690722,6140862242690722,2022-10-22T17:02:12Z,train
003733,train,26.430329774419576,-82.10036337375642,2,2_SevereDamage,2_SevereDamage,grid_0.005_23286_19579,grid_0.005_23286_19579,5ZrTVbvnpkBCqAUuj4foc1,615236293960360,615236293960360,2022-10-22T18:24:15Z,train
003734,val,26.44206944132526,-82.05664873123169,2,2_SevereDamage,2_SevereDamage,grid_0.005_23288_19588,grid_0.005_23288_19588,GFA5Eq24e1SxuJVjWM0kyt,6154300961305596,6154300961305596,2022-10-20T16:02:50Z,train
003735,val,26.43998962843129,-82.06567704677582,2,2_SevereDamage,2_SevereDamage,grid_0.005_23287_19586,grid_0.005_23287_19586,bHW0YasAr5m2fTOgSIokNq,6159301534119241,6159301534119241,2022-10-22T17:18:22Z,train
003736,val,26.443683311833965,-82.05766260623932,2,2_SevereDamage,2_SevereDamage,grid_0.005_23288_19588,grid_0.005_23288_19588,wsuK3zob9RL5EY1FcZThlt,616324510591866,616324510591866,2022-10-22T17:06:30Z,train
003737,val,26.450052115842,-82.03085660934448,2,2_SevereDamage,2_SevereDamage,grid_0.005_23290_19593,grid_0.005_23290_19593,qLOwB6Mxsdzou8VFbWP7SU,620797580147618,620797580147618,2022-10-20T17:27:51Z,train
003738,train,26.44592636216437,-82.03402698040009,2,2_SevereDamage,2_SevereDamage,grid_0.005_23289_19593,grid_0.005_23289_19593,Zw6rtyuVDIGF5YfAngi7bX,621335566622385,621335566622385,2022-10-20T18:15:27Z,train
003739,test,26.443928272345644,-82.06289827823639,2,2_SevereDamage,2_SevereDamage,grid_0.005_23288_19587,grid_0.005_23288_19587,wsuK3zob9RL5EY1FcZThlt,6217466691622122,6217466691622122,2022-10-22T17:03:33Z,train
003740,train,26.444696772531245,-82.02971935272215,2,2_SevereDamage,2_SevereDamage,grid_0.005_23288_19594,grid_0.005_23288_19594,oAbgmNBZR9JTjufiX5eCxP,6217848051597437,6217848051597437,2022-10-20T17:06:32Z,train
003741,val,26.442645826245112,-82.04994857311247,2,2_SevereDamage,2_SevereDamage,grid_0.005_23288_19590,grid_0.005_23288_19590,cAwCT0DeaQh89tvBRsHUz4,6225873450815115,6225873450815115,2022-10-22T19:41:48Z,train
003742,train,26.434331194577503,-82.05620348453522,2,2_SevereDamage,2_SevereDamage,grid_0.005_23286_19588,grid_0.005_23286_19588,NyYzSUec6DpPEo8ZrBnL17,6230953390256505,6230953390256505,2022-10-21T19:22:01Z,train
003743,train,26.448049294621374,-82.05257713794708,2,2_SevereDamage,2_SevereDamage,grid_0.005_23289_19589,grid_0.005_23289_19589,fkzvtDXqFTJgKBrMpHPWEi,623378159595583,623378159595583,2022-10-21T20:12:50Z,train
003744,train,26.43901935645567,-82.0438814163208,2,2_SevereDamage,2_SevereDamage,grid_0.005_23287_19591,grid_0.005_23287_19591,PioLgY63BXl1ItahOyTeME,623388986138598,623388986138598,2022-10-21T17:10:57Z,train
003745,train,26.45179074774906,-82.02770233154298,2,2_SevereDamage,2_SevereDamage,grid_0.005_23290_19594,grid_0.005_23290_19594,oA4ekOPWvzdE6Gc3J0qSLM,623885196170248,623885196170248,2022-10-21T17:54:29Z,train
003746,train,26.430329774419576,-82.10031509399414,2,2_SevereDamage,2_SevereDamage,grid_0.005_23286_19579,grid_0.005_23286_19579,5ZrTVbvnpkBCqAUuj4foc1,6247611218684179,6247611218684179,2022-10-22T18:24:16Z,train
003747,train,26.444831259536627,-82.0292580127716,2,2_SevereDamage,2_SevereDamage,grid_0.005_23288_19594,grid_0.005_23288_19594,n8NHRsX3PiA1YpCSMoy20F,625688032649068,625688032649068,2022-10-21T18:48:43Z,train
003748,train,26.570359095998825,-81.90287232398987,2,2_SevereDamage,2_SevereDamage,grid_0.005_23314_19619,grid_0.005_23314_19619,R6NX8Ev17S4qMjZcJWGtfd,6259921294127827,6259921294127827,2022-10-11T15:19:30Z,train
003749,train,26.4377800863078,-82.07196414470673,2,2_SevereDamage,2_SevereDamage,grid_0.005_23287_19585,grid_0.005_23287_19585,lAtIQeO0Rwg2YVoC6Pa93F,6273539559430423,6273539559430423,2022-10-22T19:30:10Z,train
003750,train,26.456055567885823,-82.05052256584167,2,2_SevereDamage,2_SevereDamage,grid_0.005_23291_19589,grid_0.005_23291_19589,YokgWzSGxZtXC8EUIeavm5,629357232590494,629357232590494,2022-10-20T16:43:05Z,train
003751,val,26.443625673990823,-82.05635368824005,2,2_SevereDamage,2_SevereDamage,grid_0.005_23288_19588,grid_0.005_23288_19588,wsuK3zob9RL5EY1FcZThlt,629636612459418,629636612459418,2022-10-22T17:06:55Z,train
003752,val,26.438543824137668,-82.06973791122437,2,2_SevereDamage,2_SevereDamage,grid_0.005_23287_19586,grid_0.005_23287_19586,eGaqwKdfoI8yJ7kgjAtD3F,6302633886489210,6302633886489210,2022-10-22T17:28:30Z,train
003753,test,26.44902429347493,-82.03568458557129,2,2_SevereDamage,2_SevereDamage,grid_0.005_23289_19592,grid_0.005_23289_19592,9UT5ZHyS3c7kMrjfsgzh10,631532878698526,631532878698526,2022-10-20T18:08:38Z,train
003754,train,26.43033457812849,-82.10010588169098,2,2_SevereDamage,2_SevereDamage,grid_0.005_23286_19579,grid_0.005_23286_19579,5ZrTVbvnpkBCqAUuj4foc1,6316302735089426,6316302735089426,2022-10-22T18:24:19Z,train
003755,train,26.57047424455889,-81.8969714641571,2,2_SevereDamage,2_SevereDamage,grid_0.005_23314_19620,grid_0.005_23314_19620,M5eOhXKrUp6RGLtk7lZcbB,631668955564697,631668955564697,2022-10-11T15:30:47Z,train
003756,train,26.44546526759001,-82.03264832496643,2,2_SevereDamage,2_SevereDamage,grid_0.005_23289_19593,grid_0.005_23289_19593,9oftQ5hvKsIWYCqU7guZaA,632856148640309,632856148640309,2022-10-21T18:28:09Z,train
003757,train,26.42412321528691,-82.08809494972229,2,2_SevereDamage,2_SevereDamage,grid_0.005_23284_19582,grid_0.005_23284_19582,8isur9JBeVPXWMDpmQNSqw,6333601990039438,6333601990039438,2022-10-20T15:54:00Z,train
003758,train,26.43009439243717,-82.09310531616211,2,2_SevereDamage,2_SevereDamage,grid_0.005_23286_19581,grid_0.005_23286_19581,8DuCakHvNX3A4ErGBom1lf,634596501970360,634596501970360,2022-10-22T18:48:04Z,train
003759,train,26.44778993393064,-82.03404307365417,2,2_SevereDamage,2_SevereDamage,grid_0.005_23289_19593,grid_0.005_23289_19593,9UT5ZHyS3c7kMrjfsgzh10,6346569792046802,6346569792046802,2022-10-20T18:13:10Z,train
003760,train,26.44833747248165,-82.03416645526886,2,2_SevereDamage,2_SevereDamage,grid_0.005_23289_19593,grid_0.005_23289_19593,Zw6rtyuVDIGF5YfAngi7bX,6367206393340926,6367206393340926,2022-10-20T18:16:17Z,train
003761,train,26.42548753402656,-82.09068059921265,2,2_SevereDamage,2_SevereDamage,grid_0.005_23285_19581,grid_0.005_23285_19581,yILRGFcu1KtAQg0WzVjEhZ,6367877519967488,6367877519967488,2022-10-22T19:04:14Z,train
003762,train,26.43244819063132,-82.11396753787993,2,2_SevereDamage,2_SevereDamage,grid_0.005_23286_19577,grid_0.005_23286_19577,Rd8l2zEjuKLNrOXf5Q3CDB,6384905314928745,6384905314928745,2022-10-20T13:55:39Z,test
003763,train,26.42916727097433,-82.10166692733765,2,2_SevereDamage,2_SevereDamage,grid_0.005_23285_19579,grid_0.005_23285_19579,5ZrTVbvnpkBCqAUuj4foc1,638568731661212,638568731661212,2022-10-22T18:23:34Z,train
003764,train,26.42617929510658,-82.0906913280487,2,2_SevereDamage,2_SevereDamage,grid_0.005_23285_19581,grid_0.005_23285_19581,yILRGFcu1KtAQg0WzVjEhZ,6392488810800603,6392488810800603,2022-10-22T19:02:30Z,train
003765,val,26.451829170257174,-82.03031480312347,2,2_SevereDamage,2_SevereDamage,grid_0.005_23290_19593,grid_0.005_23290_19593,oA4ekOPWvzdE6Gc3J0qSLM,639768034568767,639768034568767,2022-10-21T17:55:36Z,train
003766,train,26.435993208213176,-82.07809567451477,2,2_SevereDamage,2_SevereDamage,grid_0.005_23287_19584,grid_0.005_23287_19584,lAtIQeO0Rwg2YVoC6Pa93F,641345301275968,641345301275968,2022-10-22T19:29:09Z,train
003767,train,26.48296159461586,-82.17775046825409,2,2_SevereDamage,2_SevereDamage,grid_0.005_23296_19564,grid_0.005_23296_19564,5yBCsRpucFZLO3HxAkG92Q,6416367131744802,6416367131744802,2022-10-20T15:24:46Z,train
003768,train,26.51792569996764,-82.19033539295197,2,2_SevereDamage,2_SevereDamage,grid_0.005_23303_19561,grid_0.005_23303_19561,5lx9r3DNnpsEXKTiPI0abv,642237731125803,642237731125803,2022-10-20T14:36:31Z,train
003769,test,26.427144871340445,-82.09729492664337,2,2_SevereDamage,2_SevereDamage,grid_0.005_23285_19580,grid_0.005_23285_19580,mlt8kfA0uSC5rYi7VQhg2P,642346444472068,642346444472068,2022-10-20T15:51:21Z,train
003770,train,26.67509158095841,-82.05565094947815,2,2_SevereDamage,2_SevereDamage,grid_0.005_23335_19588,grid_0.005_23335_19588,fUL31KX9eukHREaZDYrxBi,642373927531761,642373927531761,2022-10-06T18:28:21Z,test
003771,train,26.4462097422891,-82.06083297729492,2,2_SevereDamage,2_SevereDamage,grid_0.005_23289_19587,grid_0.005_23289_19587,mOxFlgIhNsDMV6H72nawdZ,6427465853988830,6427465853988830,2022-10-22T16:53:42Z,train
003772,train,26.42404635177894,-82.07637906074523,2,2_SevereDamage,2_SevereDamage,grid_0.005_23284_19584,grid_0.005_23284_19584,aLbXpouwqyjD4cWNZMfF2Y,643573027828121,643573027828121,2022-10-20T13:43:55Z,train
003773,val,26.44371693389583,-82.04784572124481,2,2_SevereDamage,2_SevereDamage,grid_0.005_23288_19590,grid_0.005_23288_19590,CDu3ifjIyq6W2ZEgm9Jecs,643615347404146,643615347404146,2022-10-22T19:34:14Z,train
003774,train,26.435104562285645,-82.08104610443115,2,2_SevereDamage,2_SevereDamage,grid_0.005_23287_19583,grid_0.005_23287_19583,JRTMpgL0mGxiAnjqVv2h4o,645245070829541,645245070829541,2022-10-22T19:14:05Z,train
003775,train,26.508666024586603,-81.96575939655304,2,2_SevereDamage,2_SevereDamage,grid_0.005_23301_19606,grid_0.005_23301_19606,UiTVbHcRCdI730PgBtJYFL,645295114161700,645295114161700,2022-10-02T16:14:35Z,train
003776,train,26.43845256013499,-82.07008123397827,2,2_SevereDamage,2_SevereDamage,grid_0.005_23287_19585,grid_0.005_23287_19585,eGaqwKdfoI8yJ7kgjAtD3F,645298170565803,645298170565803,2022-10-22T17:28:18Z,train
003777,train,26.4462097422891,-82.06323087215424,2,2_SevereDamage,2_SevereDamage,grid_0.005_23289_19587,grid_0.005_23289_19587,mOxFlgIhNsDMV6H72nawdZ,645326680569861,645326680569861,2022-10-22T16:55:17Z,train
003778,train,26.455877870200503,-82.04740047454834,2,2_SevereDamage,2_SevereDamage,grid_0.005_23291_19590,grid_0.005_23291_19590,YokgWzSGxZtXC8EUIeavm5,645731264115516,645731264115516,2022-10-20T16:39:19Z,train
003779,train,26.441670773401995,-82.0384955406189,2,2_SevereDamage,2_SevereDamage,grid_0.005_23288_19592,grid_0.005_23288_19592,oAbgmNBZR9JTjufiX5eCxP,6457616104282264,6457616104282264,2022-10-20T17:03:05Z,train
003780,train,26.43955252672092,-82.0702314376831,2,2_SevereDamage,2_SevereDamage,grid_0.005_23287_19585,grid_0.005_23287_19585,eGaqwKdfoI8yJ7kgjAtD3F,646584857356017,646584857356017,2022-10-22T17:29:17Z,train
003781,train,26.45526313014668,-82.05081224441528,2,2_SevereDamage,2_SevereDamage,grid_0.005_23291_19589,grid_0.005_23291_19589,cy8maM4ht0X3eRY9jKSwxo,648644407138440,648644407138440,2022-10-20T16:45:03Z,train
003782,train,26.52204887139841,-82.19060897827148,2,2_SevereDamage,2_SevereDamage,grid_0.005_23304_19561,grid_0.005_23304_19561,YeKk9dJpcaH7tzifUmZxhj,649049430455925,649049430455925,2022-10-20T14:42:40Z,train
003783,train,26.475816720444968,-82.17312633991241,2,2_SevereDamage,2_SevereDamage,grid_0.005_23295_19565,grid_0.005_23295_19565,V9j3Lpa2hEK7wUbA8cGd65,649825036723588,649825036723588,2022-10-20T14:28:42Z,train
003784,train,26.430099196155894,-82.10152208805084,2,2_SevereDamage,2_SevereDamage,grid_0.005_23286_19579,grid_0.005_23286_19579,5ZrTVbvnpkBCqAUuj4foc1,649928323694271,649928323694271,2022-10-22T18:23:55Z,train
003785,train,26.432227223865667,-82.09941923618317,2,2_SevereDamage,2_SevereDamage,grid_0.005_23286_19580,grid_0.005_23286_19580,5ZrTVbvnpkBCqAUuj4foc1,650796019926334,650796019926334,2022-10-22T18:27:06Z,train
003786,train,26.429993514297543,-82.10353910923004,2,2_SevereDamage,2_SevereDamage,grid_0.005_23285_19579,grid_0.005_23285_19579,5ZrTVbvnpkBCqAUuj4foc1,650888086896506,650888086896506,2022-10-22T18:28:45Z,train
003787,train,26.44997526962713,-82.02400624752045,2,2_SevereDamage,2_SevereDamage,grid_0.005_23289_19595,grid_0.005_23289_19595,2GE5DnWJXaevYfqkA4pId1,6509550152423404,6509550152423404,2022-10-20T17:08:57Z,train
003788,train,26.445676602832364,-82.0606130361557,2,2_SevereDamage,2_SevereDamage,grid_0.005_23289_19587,grid_0.005_23289_19587,mOxFlgIhNsDMV6H72nawdZ,6512817922113890,6512817922113890,2022-10-22T16:53:24Z,train
003789,train,26.450858998002147,-82.04355418682097,2,2_SevereDamage,2_SevereDamage,grid_0.005_23290_19591,grid_0.005_23290_19591,6e3WJg5uL72BZAq0QDM9hj,652558210103407,652558210103407,2022-10-20T16:59:10Z,train
003790,train,26.450561220720274,-82.02548146247864,2,2_SevereDamage,2_SevereDamage,grid_0.005_23290_19594,grid_0.005_23290_19594,qLOwB6Mxsdzou8VFbWP7SU,653863959603062,653863959603062,2022-10-20T17:26:41Z,train
003791,train,26.45010014470021,-82.04451441764832,2,2_SevereDamage,2_SevereDamage,grid_0.005_23290_19591,grid_0.005_23290_19591,6e3WJg5uL72BZAq0QDM9hj,653998883433882,653998883433882,2022-10-20T16:58:44Z,test
003792,train,26.44890422017013,-82.04463779926301,2,2_SevereDamage,2_SevereDamage,grid_0.005_23289_19591,grid_0.005_23289_19591,6e3WJg5uL72BZAq0QDM9hj,6541497852538123,6541497852538123,2022-10-20T16:58:24Z,train
003793,train,26.4471319236319,-82.04968571662903,2,2_SevereDamage,2_SevereDamage,grid_0.005_23289_19590,grid_0.005_23289_19590,6e3WJg5uL72BZAq0QDM9hj,654263419508847,654263419508847,2022-10-20T16:56:49Z,train
003794,val,26.44107036729985,-82.04572141170502,2,2_SevereDamage,2_SevereDamage,grid_0.005_23288_19590,grid_0.005_23288_19590,CDu3ifjIyq6W2ZEgm9Jecs,655277636055413,655277636055413,2022-10-22T19:35:00Z,train
003795,train,26.441872509150045,-82.03540563583374,2,2_SevereDamage,2_SevereDamage,grid_0.005_23288_19592,grid_0.005_23288_19592,oAbgmNBZR9JTjufiX5eCxP,655358443118657,655358443118657,2022-10-20T17:04:23Z,train
003796,train,26.42375811316768,-82.08477437496185,2,2_SevereDamage,2_SevereDamage,grid_0.005_23284_19583,grid_0.005_23284_19583,aLbXpouwqyjD4cWNZMfF2Y,655790866453842,655790866453842,2022-10-20T13:45:19Z,train
003797,val,26.44283315072319,-82.04743802547455,2,2_SevereDamage,2_SevereDamage,grid_0.005_23288_19590,grid_0.005_23288_19590,CDu3ifjIyq6W2ZEgm9Jecs,657453729143792,657453729143792,2022-10-22T19:40:41Z,train
003798,train,26.56958184019122,-81.89686954021454,2,2_SevereDamage,2_SevereDamage,grid_0.005_23313_19620,grid_0.005_23313_19620,M5eOhXKrUp6RGLtk7lZcbB,657483559146276,657483559146276,2022-10-11T15:29:25Z,train
003799,train,26.447348058816143,-82.03403234481812,2,2_SevereDamage,2_SevereDamage,grid_0.005_23289_19593,grid_0.005_23289_19593,9UT5ZHyS3c7kMrjfsgzh10,657840126213323,657840126213323,2022-10-20T18:13:18Z,train
003800,train,26.494090964539566,-82.18559324741364,2,2_SevereDamage,2_SevereDamage,grid_0.005_23298_19562,grid_0.005_23298_19562,SyLB57XMjdtCGqc6ZnJ4Pv,6586304494724990,6586304494724990,2022-10-20T14:32:10Z,train
003801,train,26.4425977942786,-82.05477118492126,2,2_SevereDamage,2_SevereDamage,grid_0.005_23288_19589,grid_0.005_23288_19589,ZoPOLpxfckCaEiQWqzs2Hg,659039962351191,659039962351191,2022-10-20T16:03:09Z,train
003802,test,26.447295225808578,-82.02824413776398,2,2_SevereDamage,2_SevereDamage,grid_0.005_23289_19594,grid_0.005_23289_19594,nyw9GxcmVequiNU27Ka6LA,659297802548838,659297802548838,2022-10-21T18:37:42Z,train
003803,test,26.427063206001904,-82.09519743919373,2,2_SevereDamage,2_SevereDamage,grid_0.005_23285_19580,grid_0.005_23285_19580,2ek5PhnmIQDEKNjtAzLxuV,660005369315977,660005369315977,2022-10-22T18:56:24Z,test
003804,test,26.443620870835915,-82.0641428232193,2,2_SevereDamage,2_SevereDamage,grid_0.005_23288_19587,grid_0.005_23288_19587,mOxFlgIhNsDMV6H72nawdZ,6604830422912752,6604830422912752,2022-10-22T16:49:35Z,train
003805,train,26.44445181365373,-82.06561803817749,2,2_SevereDamage,2_SevereDamage,grid_0.005_23288_19586,grid_0.005_23288_19586,wsuK3zob9RL5EY1FcZThlt,660510885461241,660510885461241,2022-10-22T17:00:04Z,train
003806,train,26.44121446504971,-82.0366233587265,2,2_SevereDamage,2_SevereDamage,grid_0.005_23288_19592,grid_0.005_23288_19592,oAbgmNBZR9JTjufiX5eCxP,661146299194470,661146299194470,2022-10-20T17:04:01Z,train
003807,train,26.643052356450767,-82.04937994480133,2,2_SevereDamage,2_SevereDamage,grid_0.005_23328_19590,grid_0.005_23328_19590,drTBZKzuP9aN3QOSstv6cg,661185165442485,661185165442485,2022-10-06T18:21:05Z,train
003808,train,26.440200973718504,-82.06595599651337,2,2_SevereDamage,2_SevereDamage,grid_0.005_23288_19586,grid_0.005_23288_19586,bHW0YasAr5m2fTOgSIokNq,6614548448607066,6614548448607066,2022-10-22T17:17:57Z,train
003809,train,26.44827983696726,-82.02486455440521,2,2_SevereDamage,2_SevereDamage,grid_0.005_23289_19595,grid_0.005_23289_19595,n8NHRsX3PiA1YpCSMoy20F,661553005765503,661553005765503,2022-10-21T18:47:03Z,train
003810,train,26.441478643789736,-82.03616201877594,2,2_SevereDamage,2_SevereDamage,grid_0.005_23288_19592,grid_0.005_23288_19592,n8NHRsX3PiA1YpCSMoy20F,662135678930679,662135678930679,2022-10-21T18:50:01Z,train
003811,train,26.4558682649124,-82.04772770404816,2,2_SevereDamage,2_SevereDamage,grid_0.005_23291_19590,grid_0.005_23291_19590,YokgWzSGxZtXC8EUIeavm5,662299801997484,662299801997484,2022-10-20T16:39:23Z,train
003812,train,26.43009439243717,-82.092365026474,2,2_SevereDamage,2_SevereDamage,grid_0.005_23286_19581,grid_0.005_23286_19581,8DuCakHvNX3A4ErGBom1lf,662701101857777,662701101857777,2022-10-22T18:46:15Z,train
003813,val,26.44229519242909,-82.05581188201904,2,2_SevereDamage,2_SevereDamage,grid_0.005_23288_19588,grid_0.005_23288_19588,ZoPOLpxfckCaEiQWqzs2Hg,663577491771081,663577491771081,2022-10-20T16:02:59Z,train
003814,train,26.497418043243485,-81.97084486484528,2,2_SevereDamage,2_SevereDamage,grid_0.005_23299_19605,grid_0.005_23299_19605,KyXkONJvZP3tYgjpIdABzR,6639978722708262,6639978722708262,2022-10-02T16:00:43Z,test
003815,train,26.45087820941326,-82.04186975955963,2,2_SevereDamage,2_SevereDamage,grid_0.005_23290_19591,grid_0.005_23290_19591,6e3WJg5uL72BZAq0QDM9hj,665367122102594,665367122102594,2022-10-20T16:59:43Z,train
003816,train,26.57046944670452,-81.89756691455841,2,2_SevereDamage,2_SevereDamage,grid_0.005_23314_19620,grid_0.005_23314_19620,M5eOhXKrUp6RGLtk7lZcbB,669612791657976,669612791657976,2022-10-11T15:30:39Z,train
003817,train,26.64389144527649,-82.05070495605469,2,2_SevereDamage,2_SevereDamage,grid_0.005_23328_19589,grid_0.005_23328_19589,drTBZKzuP9aN3QOSstv6cg,6697300776967414,6697300776967414,2022-10-06T18:22:02Z,test
003818,val,26.43871194184809,-82.06966280937195,2,2_SevereDamage,2_SevereDamage,grid_0.005_23287_19586,grid_0.005_23287_19586,eGaqwKdfoI8yJ7kgjAtD3F,6708387242505111,6708387242505111,2022-10-22T17:28:37Z,test
003819,train,26.439336376910745,-82.0502758026123,2,2_SevereDamage,2_SevereDamage,grid_0.005_23287_19589,grid_0.005_23287_19589,ZD02REoSqG75BNbzd4CTlv,670912801433444,670912801433444,2022-10-21T19:11:38Z,train
003820,val,26.450858998002147,-82.03520178794861,2,2_SevereDamage,2_SevereDamage,grid_0.005_23290_19592,grid_0.005_23290_19592,9UT5ZHyS3c7kMrjfsgzh10,6740312762657359,6740312762657359,2022-10-20T18:09:14Z,train
003821,train,26.452962628479806,-82.04591453075409,2,2_SevereDamage,2_SevereDamage,grid_0.005_23290_19590,grid_0.005_23290_19590,cy8maM4ht0X3eRY9jKSwxo,6741576929206810,6741576929206810,2022-10-20T16:51:10Z,train
003822,train,26.43033457812849,-82.10033118724823,2,2_SevereDamage,2_SevereDamage,grid_0.005_23286_19579,grid_0.005_23286_19579,0M2YgdFsf6GZmIwQJy5APK,6769350423076095,6769350423076095,2022-10-22T18:18:20Z,train
003823,train,26.436617658008657,-82.04644024372101,2,2_SevereDamage,2_SevereDamage,grid_0.005_23287_19590,grid_0.005_23287_19590,ZD02REoSqG75BNbzd4CTlv,677705680765113,677705680765113,2022-10-21T19:09:42Z,train
003824,test,26.4497639422719,-82.02923655509949,2,2_SevereDamage,2_SevereDamage,grid_0.005_23289_19594,grid_0.005_23289_19594,qLOwB6Mxsdzou8VFbWP7SU,678419120743011,678419120743011,2022-10-20T17:27:17Z,train
003825,train,26.45582504110604,-82.0487469434738,2,2_SevereDamage,2_SevereDamage,grid_0.005_23291_19590,grid_0.005_23291_19590,YokgWzSGxZtXC8EUIeavm5,678878897394688,678878897394688,2022-10-20T16:39:35Z,train
003826,train,26.43236172542565,-82.06106901168825,2,2_SevereDamage,2_SevereDamage,grid_0.005_23286_19587,grid_0.005_23286_19587,d9OWh4IQeMXLPraFD8HZpy,679071387234851,679071387234851,2022-10-21T17:04:20Z,test
003827,val,26.45112315462389,-82.03448832035065,2,2_SevereDamage,2_SevereDamage,grid_0.005_23290_19593,grid_0.005_23290_19593,9UT5ZHyS3c7kMrjfsgzh10,6797873230244085,6797873230244085,2022-10-20T18:09:30Z,train
003828,train,26.440061678004568,-82.052201628685,2,2_SevereDamage,2_SevereDamage,grid_0.005_23288_19589,grid_0.005_23288_19589,ZD02REoSqG75BNbzd4CTlv,680013477142306,680013477142306,2022-10-21T19:12:31Z,train
003829,train,26.55306630715404,-81.95877492427826,2,2_SevereDamage,2_SevereDamage,grid_0.005_23310_19608,grid_0.005_23310_19608,tIAfNHcP8OTlo2Xp1krhSu,680120850221995,680120850221995,2022-10-02T11:56:20.750000Z,train
003830,train,26.55415078179772,-81.96426272392273,2,2_SevereDamage,2_SevereDamage,grid_0.005_23310_19607,grid_0.005_23310_19607,lR0cupJwszIVy8CWaMS2jT,684512803278078,684512803278078,2022-10-02T11:50:01Z,train
003831,train,26.432049489420663,-82.05896079540253,2,2_SevereDamage,2_SevereDamage,grid_0.005_23286_19588,grid_0.005_23286_19588,NyYzSUec6DpPEo8ZrBnL17,684530493466358,684530493466358,2022-10-21T19:25:01Z,train
003832,train,26.433841232226044,-82.05788791179657,2,2_SevereDamage,2_SevereDamage,grid_0.005_23286_19588,grid_0.005_23286_19588,NyYzSUec6DpPEo8ZrBnL17,686844259899402,686844259899402,2022-10-21T19:24:27Z,train
003833,val,26.43800104242679,-82.0658379793167,2,2_SevereDamage,2_SevereDamage,grid_0.005_23287_19586,grid_0.005_23287_19586,ojkNER9alymT7XHIBhWvS2,686893132916597,686893132916597,2022-10-21T16:47:53Z,train
003834,train,26.44857281719933,-82.03382849693297,2,2_SevereDamage,2_SevereDamage,grid_0.005_23289_19593,grid_0.005_23289_19593,9oftQ5hvKsIWYCqU7guZaA,688622002677594,688622002677594,2022-10-21T18:25:57Z,train
003835,test,26.448361487270788,-82.02701568603516,2,2_SevereDamage,2_SevereDamage,grid_0.005_23289_19594,grid_0.005_23289_19594,nyw9GxcmVequiNU27Ka6LA,689468352858492,689468352858492,2022-10-21T18:44:05Z,train
003836,train,26.449446950511984,-82.0239043235779,2,2_SevereDamage,2_SevereDamage,grid_0.005_23289_19595,grid_0.005_23289_19595,nyw9GxcmVequiNU27Ka6LA,692121192576720,692121192576720,2022-10-21T18:46:19Z,train
003837,train,26.45037871168305,-82.02503621578217,2,2_SevereDamage,2_SevereDamage,grid_0.005_23290_19594,grid_0.005_23290_19594,nyw9GxcmVequiNU27Ka6LA,692360539098231,692360539098231,2022-10-21T18:45:28Z,test
003838,test,26.449264439708983,-82.02778816223145,2,2_SevereDamage,2_SevereDamage,grid_0.005_23289_19594,grid_0.005_23289_19594,nyw9GxcmVequiNU27Ka6LA,693123499149159,693123499149159,2022-10-21T18:43:33Z,train
003839,val,26.438390116302045,-82.06514060497283,2,2_SevereDamage,2_SevereDamage,grid_0.005_23287_19586,grid_0.005_23287_19586,X52NQsIPtuAZHEwoBkDhqv,693888975550002,693888975550002,2022-10-21T16:53:56Z,train
003840,train,26.440124120931657,-82.04048037528992,2,2_SevereDamage,2_SevereDamage,grid_0.005_23288_19591,grid_0.005_23288_19591,PioLgY63BXl1ItahOyTeME,694172255718754,694172255718754,2022-10-21T17:11:56Z,train
003841,train,26.435008492045213,-82.12004542350769,2,2_SevereDamage,2_SevereDamage,grid_0.005_23287_19575,grid_0.005_23287_19575,pba3IXw4jEKWtURMg8nPVv,695844655639898,695844655639898,2022-10-20T14:09:19Z,train
003842,train,26.443294255833067,-82.05212116241455,2,2_SevereDamage,2_SevereDamage,grid_0.005_23288_19589,grid_0.005_23288_19589,6Enx3OZopQHazvV5Aye4tg,696942665455788,696942665455788,2022-10-21T19:35:35Z,train
003843,train,26.440148137433056,-82.05045819282532,2,2_SevereDamage,2_SevereDamage,grid_0.005_23288_19589,grid_0.005_23288_19589,ZD02REoSqG75BNbzd4CTlv,697987515299766,697987515299766,2022-10-21T19:16:31Z,train
003844,val,26.45176673367496,-82.0308029651642,2,2_SevereDamage,2_SevereDamage,grid_0.005_23290_19593,grid_0.005_23290_19593,oA4ekOPWvzdE6Gc3J0qSLM,698903075021133,698903075021133,2022-10-21T17:56:01Z,train
003845,train,26.43653119593112,-82.04950869083405,2,2_SevereDamage,2_SevereDamage,grid_0.005_23287_19590,grid_0.005_23287_19590,ZD02REoSqG75BNbzd4CTlv,698936791884645,698936791884645,2022-10-21T19:10:37Z,train
003846,train,26.448688087906035,-82.02386677265169,2,2_SevereDamage,2_SevereDamage,grid_0.005_23289_19595,grid_0.005_23289_19595,nyw9GxcmVequiNU27Ka6LA,699040505047053,699040505047053,2022-10-21T18:46:32Z,train
003847,train,26.431160813084617,-82.05470681190491,2,2_SevereDamage,2_SevereDamage,grid_0.005_23286_19589,grid_0.005_23286_19589,njtp7LVIeUbyEwXSkgYzCT,7002929583054437,7002929583054437,2022-10-20T13:39:16Z,train
003848,train,26.43983111921146,-82.05316722393036,2,2_SevereDamage,2_SevereDamage,grid_0.005_23287_19589,grid_0.005_23287_19589,ZD02REoSqG75BNbzd4CTlv,700305651747812,700305651747812,2022-10-21T19:12:49Z,train
003849,train,26.4425017302855,-82.03423619270325,2,2_SevereDamage,2_SevereDamage,grid_0.005_23288_19593,grid_0.005_23288_19593,n8NHRsX3PiA1YpCSMoy20F,701666764955417,701666764955417,2022-10-21T18:49:39Z,test
003850,val,26.45181956463136,-82.03005194664001,2,2_SevereDamage,2_SevereDamage,grid_0.005_23290_19593,grid_0.005_23290_19593,oA4ekOPWvzdE6Gc3J0qSLM,702066467962645,702066467962645,2022-10-21T17:55:29Z,train
003851,train,26.442948427173675,-82.0328414440155,2,2_SevereDamage,2_SevereDamage,grid_0.005_23288_19593,grid_0.005_23288_19593,n8NHRsX3PiA1YpCSMoy20F,702809221556606,702809221556606,2022-10-21T18:49:25Z,train
003852,train,26.4393027535705,-82.05029726028441,2,2_SevereDamage,2_SevereDamage,grid_0.005_23287_19589,grid_0.005_23287_19589,ZD02REoSqG75BNbzd4CTlv,702948474864075,702948474864075,2022-10-21T19:16:52Z,train
003853,train,26.44857762014776,-82.03191339969635,2,2_SevereDamage,2_SevereDamage,grid_0.005_23289_19593,grid_0.005_23289_19593,9oftQ5hvKsIWYCqU7guZaA,704018584496680,704018584496680,2022-10-21T18:32:44Z,test
003854,train,26.4401097110284,-82.05040991306305,2,2_SevereDamage,2_SevereDamage,grid_0.005_23288_19589,grid_0.005_23288_19589,ZD02REoSqG75BNbzd4CTlv,704110991217331,704110991217331,2022-10-21T19:11:56Z,train
003855,train,26.43793859834915,-82.07113802433014,2,2_SevereDamage,2_SevereDamage,grid_0.005_23287_19585,grid_0.005_23287_19585,ojkNER9alymT7XHIBhWvS2,704567221211279,704567221211279,2022-10-21T16:44:02Z,test
003856,train,26.43278924719894,-82.06188440322875,2,2_SevereDamage,2_SevereDamage,grid_0.005_23286_19587,grid_0.005_23286_19587,d9OWh4IQeMXLPraFD8HZpy,705903797649627,705903797649627,2022-10-21T17:04:51Z,train
003857,train,26.439629379889027,-82.05393970012663,2,2_SevereDamage,2_SevereDamage,grid_0.005_23287_19589,grid_0.005_23287_19589,ZD02REoSqG75BNbzd4CTlv,707985920708825,707985920708825,2022-10-21T19:13:01Z,train
003858,train,26.43575303431389,-82.05077469348907,2,2_SevereDamage,2_SevereDamage,grid_0.005_23287_19589,grid_0.005_23287_19589,ZD02REoSqG75BNbzd4CTlv,708068870866732,708068870866732,2022-10-21T19:18:02Z,train
003859,test,26.445719830447818,-82.02672600746155,2,2_SevereDamage,2_SevereDamage,grid_0.005_23289_19594,grid_0.005_23289_19594,n8NHRsX3PiA1YpCSMoy20F,712269470431042,712269470431042,2022-10-21T18:48:06Z,train
003860,train,26.45176673367496,-82.02790081501007,2,2_SevereDamage,2_SevereDamage,grid_0.005_23290_19594,grid_0.005_23290_19594,oA4ekOPWvzdE6Gc3J0qSLM,713402653489008,713402653489008,2022-10-21T17:57:09Z,test
003861,train,26.44805409759161,-82.0523089170456,2,2_SevereDamage,2_SevereDamage,grid_0.005_23289_19589,grid_0.005_23289_19589,fkzvtDXqFTJgKBrMpHPWEi,715129556720539,715129556720539,2022-10-21T20:12:47Z,train
003862,train,26.43183812918336,-82.05802738666534,2,2_SevereDamage,2_SevereDamage,grid_0.005_23286_19588,grid_0.005_23286_19588,NyYzSUec6DpPEo8ZrBnL17,715594826942067,715594826942067,2022-10-21T19:20:23Z,test
003863,test,26.447544981630912,-82.02713906764984,2,2_SevereDamage,2_SevereDamage,grid_0.005_23289_19594,grid_0.005_23289_19594,9oftQ5hvKsIWYCqU7guZaA,717419129819756,717419129819756,2022-10-21T18:35:28Z,train
003864,train,26.439096209979425,-82.04611837863922,2,2_SevereDamage,2_SevereDamage,grid_0.005_23287_19590,grid_0.005_23287_19590,uGWfqep3o2ws7cldtXQBLk,720366979603562,720366979603562,2022-10-21T19:09:07Z,train
003865,train,26.45179555056326,-82.0293653011322,2,2_SevereDamage,2_SevereDamage,grid_0.005_23290_19594,grid_0.005_23290_19594,oA4ekOPWvzdE6Gc3J0qSLM,721771509475585,721771509475585,2022-10-21T17:55:14Z,train
003866,train,26.44840951683406,-82.03442931175232,2,2_SevereDamage,2_SevereDamage,grid_0.005_23289_19593,grid_0.005_23289_19593,9oftQ5hvKsIWYCqU7guZaA,721946559521971,721946559521971,2022-10-21T18:25:43Z,train
003867,val,26.44010010442524,-82.04799056053162,2,2_SevereDamage,2_SevereDamage,grid_0.005_23288_19590,grid_0.005_23288_19590,cK9RIBTNm6s1M7DYd2raCk,722425692565995,722425692565995,2022-10-21T19:29:41Z,train
003868,train,26.620260346764127,-81.87013328075409,2,2_SevereDamage,2_SevereDamage,grid_0.005_23324_19625,grid_0.005_23324_19625,4RUmfrSNt1hFHiMsVyQAcn,722897862925305,722897862925305,2022-10-04T18:14:51Z,train
003869,test,26.448390305011145,-82.02856063842773,2,2_SevereDamage,2_SevereDamage,grid_0.005_23289_19594,grid_0.005_23289_19594,nyw9GxcmVequiNU27Ka6LA,725214585836383,725214585836383,2022-10-21T18:42:29Z,train
003870,train,26.45294822018259,-82.04756677150726,2,2_SevereDamage,2_SevereDamage,grid_0.005_23290_19590,grid_0.005_23290_19590,cy8maM4ht0X3eRY9jKSwxo,726551599230998,726551599230998,2022-10-20T16:50:43Z,train
003871,test,26.449139563729773,-82.02976763248444,2,2_SevereDamage,2_SevereDamage,grid_0.005_23289_19594,grid_0.005_23289_19594,nyw9GxcmVequiNU27Ka6LA,727577925386792,727577925386792,2022-10-21T18:39:38Z,train
003872,train,26.43279405080536,-82.05620348453522,2,2_SevereDamage,2_SevereDamage,grid_0.005_23286_19588,grid_0.005_23286_19588,NyYzSUec6DpPEo8ZrBnL17,728438558589963,728438558589963,2022-10-21T19:19:55Z,train
003873,train,26.44116643248644,-82.03845262527466,2,2_SevereDamage,2_SevereDamage,grid_0.005_23288_19592,grid_0.005_23288_19592,n8NHRsX3PiA1YpCSMoy20F,730787675019833,730787675019833,2022-10-21T18:50:49Z,train
003874,train,26.44805409759161,-82.05236256122589,2,2_SevereDamage,2_SevereDamage,grid_0.005_23289_19589,grid_0.005_23289_19589,fkzvtDXqFTJgKBrMpHPWEi,731261208628095,731261208628095,2022-10-21T20:12:48Z,train
003875,val,26.43799623903739,-82.06588089466095,2,2_SevereDamage,2_SevereDamage,grid_0.005_23287_19586,grid_0.005_23287_19586,ojkNER9alymT7XHIBhWvS2,731775318198095,731775318198095,2022-10-21T16:45:36Z,train
003876,test,26.445229916522905,-82.02790081501007,2,2_SevereDamage,2_SevereDamage,grid_0.005_23289_19594,grid_0.005_23289_19594,5bS0CBxDknPTVWIs6OLvru,732529924882279,732529924882279,2022-10-21T17:20:15Z,train
003877,train,26.44877934380034,-82.03306138515472,2,2_SevereDamage,2_SevereDamage,grid_0.005_23289_19593,grid_0.005_23289_19593,9oftQ5hvKsIWYCqU7guZaA,732864221413448,732864221413448,2022-10-21T18:26:10Z,train
003878,val,26.43731895912954,-82.06647098064423,2,2_SevereDamage,2_SevereDamage,grid_0.005_23287_19586,grid_0.005_23287_19586,ojkNER9alymT7XHIBhWvS2,733104941579694,733104941579694,2022-10-21T16:45:56Z,train
003879,train,26.434004553241323,-82.04952478408813,2,2_SevereDamage,2_SevereDamage,grid_0.005_23286_19590,grid_0.005_23286_19590,PioLgY63BXl1ItahOyTeME,733214981574005,733214981574005,2022-10-21T17:08:30Z,train
003880,val,26.45307789479274,-82.039595246315,2,2_SevereDamage,2_SevereDamage,grid_0.005_23290_19592,grid_0.005_23290_19592,YokgWzSGxZtXC8EUIeavm5,733770525189975,733770525189975,2022-10-20T16:37:27Z,train
003881,train,26.43565216112694,-82.0548141002655,2,2_SevereDamage,2_SevereDamage,grid_0.005_23287_19589,grid_0.005_23287_19589,NyYzSUec6DpPEo8ZrBnL17,734125974734579,734125974734579,2022-10-21T19:22:34Z,train
003882,train,26.424027135893937,-82.08747267723083,2,2_SevereDamage,2_SevereDamage,grid_0.005_23284_19582,grid_0.005_23284_19582,yILRGFcu1KtAQg0WzVjEhZ,734902731737740,734902731737740,2022-10-22T19:05:28Z,train
003883,train,26.439855135773925,-82.05279171466827,2,2_SevereDamage,2_SevereDamage,grid_0.005_23287_19589,grid_0.005_23287_19589,ZD02REoSqG75BNbzd4CTlv,734955851144918,734955851144918,2022-10-21T19:15:38Z,test
003884,test,26.44917798712241,-82.02500402927399,2,2_SevereDamage,2_SevereDamage,grid_0.005_23289_19594,grid_0.005_23289_19594,nyw9GxcmVequiNU27Ka6LA,735683247822919,735683247822919,2022-10-21T18:44:51Z,train
003885,train,26.434105427870406,-82.04934239387512,2,2_SevereDamage,2_SevereDamage,grid_0.005_23286_19590,grid_0.005_23286_19590,PioLgY63BXl1ItahOyTeME,736713884547313,736713884547313,2022-10-21T17:08:32Z,train
003886,test,26.447386482806422,-82.02794373035431,2,2_SevereDamage,2_SevereDamage,grid_0.005_23289_19594,grid_0.005_23289_19594,nyw9GxcmVequiNU27Ka6LA,737993877756175,737993877756175,2022-10-21T18:37:35Z,train
003887,train,26.43432158749262,-82.05630540847777,2,2_SevereDamage,2_SevereDamage,grid_0.005_23286_19588,grid_0.005_23286_19588,NyYzSUec6DpPEo8ZrBnL17,739112397343571,739112397343571,2022-10-21T19:21:59Z,train
003888,train,26.461621688963035,-82.04759895801544,2,2_SevereDamage,2_SevereDamage,grid_0.005_23292_19590,grid_0.005_23292_19590,tTMujQinkPSmUalNr8ODYC,739314530720535,739314530720535,2022-10-21T18:59:06Z,train
003889,train,26.430358596670104,-82.09930658340454,2,2_SevereDamage,2_SevereDamage,grid_0.005_23286_19580,grid_0.005_23286_19580,5ZrTVbvnpkBCqAUuj4foc1,739439971518338,739439971518338,2022-10-22T18:24:31Z,train
003890,train,26.44161313455197,-82.04003512859344,2,2_SevereDamage,2_SevereDamage,grid_0.005_23288_19591,grid_0.005_23288_19591,5bS0CBxDknPTVWIs6OLvru,739763400613791,739763400613791,2022-10-21T17:15:53Z,train
003891,train,26.44084941706668,-82.03732073307037,2,2_SevereDamage,2_SevereDamage,grid_0.005_23288_19592,grid_0.005_23288_19592,n8NHRsX3PiA1YpCSMoy20F,740481000991830,740481000991830,2022-10-21T18:50:16Z,train
003892,train,26.432284867410573,-82.09711790084839,2,2_SevereDamage,2_SevereDamage,grid_0.005_23286_19580,grid_0.005_23286_19580,5ZrTVbvnpkBCqAUuj4foc1,740570681154963,740570681154963,2022-10-22T18:26:16Z,train
003893,val,26.4510319005867,-82.0340484380722,2,2_SevereDamage,2_SevereDamage,grid_0.005_23290_19593,grid_0.005_23290_19593,9UT5ZHyS3c7kMrjfsgzh10,741446470998913,741446470998913,2022-10-20T18:09:35Z,train
003894,train,26.43119443880041,-82.10373222827911,2,2_SevereDamage,2_SevereDamage,grid_0.005_23286_19579,grid_0.005_23286_19579,5ZrTVbvnpkBCqAUuj4foc1,742136237664313,742136237664313,2022-10-22T18:28:25Z,test
003895,train,26.436800188848267,-82.0502918958664,2,2_SevereDamage,2_SevereDamage,grid_0.005_23287_19589,grid_0.005_23287_19589,ZD02REoSqG75BNbzd4CTlv,744902740085088,744902740085088,2022-10-21T19:17:34Z,train
003896,test,26.446762091375945,-82.02946186065674,2,2_SevereDamage,2_SevereDamage,grid_0.005_23289_19594,grid_0.005_23289_19594,nyw9GxcmVequiNU27Ka6LA,744947036673972,744947036673972,2022-10-21T18:38:05Z,train
003897,train,26.436901061030284,-82.04752385616302,2,2_SevereDamage,2_SevereDamage,grid_0.005_23287_19590,grid_0.005_23287_19590,PioLgY63BXl1ItahOyTeME,745253109963941,745253109963941,2022-10-21T17:09:33Z,train
003898,train,26.4614151853954,-82.04722344875336,2,2_SevereDamage,2_SevereDamage,grid_0.005_23292_19590,grid_0.005_23292_19590,cjXdAN6SYHtunWF5TIOlCq,745730743241672,745730743241672,2022-10-21T18:57:01Z,train
003899,train,26.438246015019946,-82.0502918958664,2,2_SevereDamage,2_SevereDamage,grid_0.005_23287_19589,grid_0.005_23287_19589,ZD02REoSqG75BNbzd4CTlv,746831293444971,746831293444971,2022-10-21T19:17:11Z,train
003900,train,26.45180035337728,-82.02947795391083,2,2_SevereDamage,2_SevereDamage,grid_0.005_23290_19594,grid_0.005_23290_19594,oA4ekOPWvzdE6Gc3J0qSLM,746902563522482,746902563522482,2022-10-21T17:56:37Z,train
003901,train,26.42388301665437,-82.08611011505127,2,2_SevereDamage,2_SevereDamage,grid_0.005_23284_19582,grid_0.005_23284_19582,8isur9JBeVPXWMDpmQNSqw,747247263818616,747247263818616,2022-10-20T15:54:28Z,train
003902,val,26.43698752283032,-82.06645488739015,2,2_SevereDamage,2_SevereDamage,grid_0.005_23287_19586,grid_0.005_23287_19586,ojkNER9alymT7XHIBhWvS2,748016703602006,748016703602006,2022-10-21T16:47:23Z,train
003903,train,26.571649712821667,-81.90357506275177,2,2_SevereDamage,2_SevereDamage,grid_0.005_23314_19619,grid_0.005_23314_19619,R6NX8Ev17S4qMjZcJWGtfd,750132183575024,750132183575024,2022-10-11T15:17:59Z,train
003904,test,26.44364488660841,-82.06490457057954,2,2_SevereDamage,2_SevereDamage,grid_0.005_23288_19587,grid_0.005_23288_19587,wsuK3zob9RL5EY1FcZThlt,750923610117343,750923610117343,2022-10-22T17:00:43Z,test
003905,train,26.440186563824867,-82.05049574375153,2,2_SevereDamage,2_SevereDamage,grid_0.005_23288_19589,grid_0.005_23288_19589,ZD02REoSqG75BNbzd4CTlv,753621309527616,753621309527616,2022-10-21T19:16:29Z,train
003906,train,26.445911952986847,-82.03191339969635,2,2_SevereDamage,2_SevereDamage,grid_0.005_23289_19593,grid_0.005_23289_19593,9oftQ5hvKsIWYCqU7guZaA,758930648901526,758930648901526,2022-10-21T18:27:50Z,train
003908,train,26.42409919544616,-82.08799302577972,2,2_SevereDamage,2_SevereDamage,grid_0.005_23284_19582,grid_0.005_23284_19582,8isur9JBeVPXWMDpmQNSqw,766176855244776,766176855244776,2022-10-20T15:54:02Z,train
003909,train,26.44050358106847,-82.05110728740692,2,2_SevereDamage,2_SevereDamage,grid_0.005_23288_19589,grid_0.005_23288_19589,ZD02REoSqG75BNbzd4CTlv,766282334921258,766282334921258,2022-10-21T19:12:11Z,train
003910,train,26.50322219671933,-81.9779098033905,2,2_SevereDamage,2_SevereDamage,grid_0.005_23300_19604,grid_0.005_23300_19604,X5lqZsudxrJMCFcQmwtD9L,767046535173847,767046535173847,2022-10-02T17:24:51Z,train
003911,test,26.44364488660841,-82.06493675708771,2,2_SevereDamage,2_SevereDamage,grid_0.005_23288_19587,grid_0.005_23288_19587,mOxFlgIhNsDMV6H72nawdZ,769402411548608,769402411548608,2022-10-22T16:49:21Z,train
003912,train,26.473223712808046,-82.16747760772705,2,2_SevereDamage,2_SevereDamage,grid_0.005_23294_19566,grid_0.005_23294_19566,V9j3Lpa2hEK7wUbA8cGd65,771959304677079,771959304677079,2022-10-20T14:27:55Z,train
003913,val,26.452189380647454,-82.03927338123322,2,2_SevereDamage,2_SevereDamage,grid_0.005_23290_19592,grid_0.005_23290_19592,YokgWzSGxZtXC8EUIeavm5,774718087992896,774718087992896,2022-10-20T16:37:10Z,train
003914,train,26.4468197276498,-82.03283071517944,2,2_SevereDamage,2_SevereDamage,grid_0.005_23289_19593,grid_0.005_23289_19593,9oftQ5hvKsIWYCqU7guZaA,779717503871777,779717503871777,2022-10-21T18:31:45Z,train
003915,train,26.423724485282776,-82.08466708660126,2,2_SevereDamage,2_SevereDamage,grid_0.005_23284_19583,grid_0.005_23284_19583,yILRGFcu1KtAQg0WzVjEhZ,780038297181029,780038297181029,2022-10-22T19:06:01Z,train
003916,train,26.450810969460377,-82.02349126338959,2,2_SevereDamage,2_SevereDamage,grid_0.005_23290_19595,grid_0.005_23290_19595,qLOwB6Mxsdzou8VFbWP7SU,780713170261717,780713170261717,2022-10-20T17:26:18Z,train
003917,test,26.42870610933501,-82.09818005561829,2,2_SevereDamage,2_SevereDamage,grid_0.005_23285_19580,grid_0.005_23285_19580,n0eqGd6TKA3CmjSspwxEUl,783773473237495,783773473237495,2022-10-22T18:33:35Z,train
003918,train,26.472311344370013,-82.1655786037445,2,2_SevereDamage,2_SevereDamage,grid_0.005_23294_19566,grid_0.005_23294_19566,V9j3Lpa2hEK7wUbA8cGd65,785356803381371,785356803381371,2022-10-20T14:27:41Z,train
003919,train,26.43511897281481,-82.08086907863617,2,2_SevereDamage,2_SevereDamage,grid_0.005_23287_19583,grid_0.005_23287_19583,8zouvat6BbkWiE0A1VYwfq,786456253061016,786456253061016,2022-10-22T19:09:54Z,train
003920,train,26.431842932829426,-82.05340325832367,2,2_SevereDamage,2_SevereDamage,grid_0.005_23286_19589,grid_0.005_23286_19589,njtp7LVIeUbyEwXSkgYzCT,786695596246171,786695596246171,2022-10-20T13:39:02Z,train
003921,train,26.450767743755648,-82.0499700307846,2,2_SevereDamage,2_SevereDamage,grid_0.005_23290_19590,grid_0.005_23290_19590,6e3WJg5uL72BZAq0QDM9hj,788031632803402,788031632803402,2022-10-20T16:54:55Z,train
003922,train,26.42557880829564,-82.09270298480988,2,2_SevereDamage,2_SevereDamage,grid_0.005_23285_19581,grid_0.005_23285_19581,yILRGFcu1KtAQg0WzVjEhZ,789173696180405,789173696180405,2022-10-22T19:00:42Z,train
003923,train,26.47615764858321,-82.17386662960052,2,2_SevereDamage,2_SevereDamage,grid_0.005_23295_19565,grid_0.005_23295_19565,V9j3Lpa2hEK7wUbA8cGd65,790300105924899,790300105924899,2022-10-20T14:28:47Z,test
003924,train,26.522466460247188,-82.18968093395233,2,2_SevereDamage,2_SevereDamage,grid_0.005_23304_19562,grid_0.005_23304_19562,YeKk9dJpcaH7tzifUmZxhj,790474959397453,790474959397453,2022-10-20T14:43:13Z,test
003925,train,26.435604126244968,-82.12197124958038,2,2_SevereDamage,2_SevereDamage,grid_0.005_23287_19575,grid_0.005_23287_19575,pba3IXw4jEKWtURMg8nPVv,792780232499682,792780232499682,2022-10-20T14:08:52Z,train
003926,train,26.437525505906294,-82.0472127199173,2,2_SevereDamage,2_SevereDamage,grid_0.005_23287_19590,grid_0.005_23287_19590,CDu3ifjIyq6W2ZEgm9Jecs,793362318927410,793362318927410,2022-10-22T19:38:29Z,train
003927,train,26.44098871182827,-82.04497575759888,2,2_SevereDamage,2_SevereDamage,grid_0.005_23288_19591,grid_0.005_23288_19591,CDu3ifjIyq6W2ZEgm9Jecs,793493172417218,793493172417218,2022-10-22T19:35:15Z,train
003928,train,26.44620493924195,-82.06011414527893,2,2_SevereDamage,2_SevereDamage,grid_0.005_23289_19587,grid_0.005_23289_19587,mOxFlgIhNsDMV6H72nawdZ,793512392184381,793512392184381,2022-10-22T16:52:49Z,test
003929,test,26.429148055942846,-82.09955871105194,2,2_SevereDamage,2_SevereDamage,grid_0.005_23285_19580,grid_0.005_23285_19580,n0eqGd6TKA3CmjSspwxEUl,793767002378565,793767002378565,2022-10-22T18:32:00Z,train
003930,train,26.504633584268305,-81.97801172733307,2,2_SevereDamage,2_SevereDamage,grid_0.005_23300_19604,grid_0.005_23300_19604,X5lqZsudxrJMCFcQmwtD9L,794575542330323,794575542330323,2022-10-02T17:16:25Z,train
003931,train,26.52183287657026,-81.96263730525972,2,2_SevereDamage,2_SevereDamage,grid_0.005_23304_19607,grid_0.005_23304_19607,dVQlYJ0PO3AqDIKywBcUbt,794740725696479,794740725696479,2022-10-02T16:32:44Z,train
003932,train,26.4885360168024,-82.18428432941437,2,2_SevereDamage,2_SevereDamage,grid_0.005_23297_19563,grid_0.005_23297_19563,SyLB57XMjdtCGqc6ZnJ4Pv,796257818859250,796257818859250,2022-10-20T14:31:21Z,train
003933,train,26.44815976288635,-82.04748630523682,2,2_SevereDamage,2_SevereDamage,grid_0.005_23289_19590,grid_0.005_23289_19590,6e3WJg5uL72BZAq0QDM9hj,796764328747628,796764328747628,2022-10-20T16:57:35Z,train
003934,train,26.4493941184672,-82.04945504665375,2,2_SevereDamage,2_SevereDamage,grid_0.005_23289_19590,grid_0.005_23289_19590,6e3WJg5uL72BZAq0QDM9hj,797249308444768,797249308444768,2022-10-20T16:55:21Z,train
003935,train,26.449182790045583,-82.12264716625215,2,2_SevereDamage,2_SevereDamage,grid_0.005_23289_19575,grid_0.005_23289_19575,Hdxcg6t5vyaoX8lCwfM391,798168645227259,798168645227259,2022-10-20T15:41:45Z,test
003936,train,26.4294795147868,-82.10239112377167,2,2_SevereDamage,2_SevereDamage,grid_0.005_23285_19579,grid_0.005_23285_19579,5ZrTVbvnpkBCqAUuj4foc1,798695968500814,798695968500814,2022-10-22T18:29:05Z,train
003937,train,26.43866871160312,-82.04500257968903,2,2_SevereDamage,2_SevereDamage,grid_0.005_23287_19590,grid_0.005_23287_19590,CDu3ifjIyq6W2ZEgm9Jecs,799335671572456,799335671572456,2022-10-22T19:36:45Z,train
003938,train,26.4249494947614,-82.09136724472046,2,2_SevereDamage,2_SevereDamage,grid_0.005_23284_19581,grid_0.005_23284_19581,8isur9JBeVPXWMDpmQNSqw,800953905028150,800953905028150,2022-10-20T15:52:35Z,test
003939,train,26.44978315386568,-82.04945504665375,2,2_SevereDamage,2_SevereDamage,grid_0.005_23289_19590,grid_0.005_23289_19590,6e3WJg5uL72BZAq0QDM9hj,801444218349194,801444218349194,2022-10-20T16:55:16Z,train
003940,train,26.47966770911094,-82.17564761638641,2,2_SevereDamage,2_SevereDamage,grid_0.005_23295_19564,grid_0.005_23295_19564,5yBCsRpucFZLO3HxAkG92Q,801728471586341,801728471586341,2022-10-20T15:21:45Z,train
003941,train,26.643896240052086,-82.0495194196701,2,2_SevereDamage,2_SevereDamage,grid_0.005_23328_19590,grid_0.005_23328_19590,drTBZKzuP9aN3QOSstv6cg,802332897998610,802332897998610,2022-10-06T18:22:17Z,train
003942,train,26.43533032703546,-82.12101101875305,2,2_SevereDamage,2_SevereDamage,grid_0.005_23287_19575,grid_0.005_23287_19575,FM0vhu18zH3yVEaAb4LYT6,803219757852575,803219757852575,2022-10-20T13:59:01Z,train
003943,train,26.433514589501183,-82.0503830909729,2,2_SevereDamage,2_SevereDamage,grid_0.005_23286_19589,grid_0.005_23286_19589,njtp7LVIeUbyEwXSkgYzCT,804078507728794,804078507728794,2022-10-20T13:38:23Z,train
003944,train,26.44620493924195,-82.05822050571442,2,2_SevereDamage,2_SevereDamage,grid_0.005_23289_19588,grid_0.005_23289_19588,mOxFlgIhNsDMV6H72nawdZ,804254614427738,804254614427738,2022-10-22T16:52:19Z,train
003945,train,26.423546737728174,-82.0806384086609,2,2_SevereDamage,2_SevereDamage,grid_0.005_23284_19583,grid_0.005_23284_19583,8isur9JBeVPXWMDpmQNSqw,804710014437282,804710014437282,2022-10-20T15:56:13Z,train
003946,train,26.44270346457852,-82.03341007232666,2,2_SevereDamage,2_SevereDamage,grid_0.005_23288_19593,grid_0.005_23288_19593,oAbgmNBZR9JTjufiX5eCxP,805797600869755,805797600869755,2022-10-20T17:04:51Z,train
003947,train,26.44835188135572,-82.04671382904053,2,2_SevereDamage,2_SevereDamage,grid_0.005_23289_19590,grid_0.005_23289_19590,6e3WJg5uL72BZAq0QDM9hj,807688567320983,807688567320983,2022-10-20T16:57:46Z,train
003948,train,26.434139052727176,-82.10328698158264,2,2_SevereDamage,2_SevereDamage,grid_0.005_23286_19579,grid_0.005_23286_19579,0M2YgdFsf6GZmIwQJy5APK,807715337736468,807715337736468,2022-10-22T18:21:30Z,train
003949,train,26.51648567506089,-82.19197154045105,2,2_SevereDamage,2_SevereDamage,grid_0.005_23303_19561,grid_0.005_23303_19561,5lx9r3DNnpsEXKTiPI0abv,808945817455489,808945817455489,2022-10-20T14:35:44Z,test
003950,train,26.44949017671243,-82.04944968223572,2,2_SevereDamage,2_SevereDamage,grid_0.005_23289_19590,grid_0.005_23289_19590,6e3WJg5uL72BZAq0QDM9hj,810652617033619,810652617033619,2022-10-20T16:55:20Z,train
003951,train,26.43036820408534,-82.09910809993744,2,2_SevereDamage,2_SevereDamage,grid_0.005_23286_19580,grid_0.005_23286_19580,0M2YgdFsf6GZmIwQJy5APK,811927327015630,811927327015630,2022-10-22T18:18:36Z,train
003952,train,26.485266298054142,-82.18350648880005,2,2_SevereDamage,2_SevereDamage,grid_0.005_23297_19563,grid_0.005_23297_19563,SyLB57XMjdtCGqc6ZnJ4Pv,812262813441034,812262813441034,2022-10-20T14:30:49Z,train
003953,train,26.44542684295884,-82.06068813800812,2,2_SevereDamage,2_SevereDamage,grid_0.005_23289_19587,grid_0.005_23289_19587,mOxFlgIhNsDMV6H72nawdZ,813033960358231,813033960358231,2022-10-22T16:53:16Z,train
003954,train,26.44495133708732,-82.03405380249023,2,2_SevereDamage,2_SevereDamage,grid_0.005_23288_19593,grid_0.005_23288_19593,9UT5ZHyS3c7kMrjfsgzh10,813725690150892,813725690150892,2022-10-20T18:15:07Z,train
003955,train,26.454931745474937,-82.05105900764465,2,2_SevereDamage,2_SevereDamage,grid_0.005_23290_19589,grid_0.005_23290_19589,cy8maM4ht0X3eRY9jKSwxo,814207996929981,814207996929981,2022-10-20T16:45:10Z,train
003956,train,26.45582984375197,-82.04664945602417,2,2_SevereDamage,2_SevereDamage,grid_0.005_23291_19590,grid_0.005_23291_19590,YokgWzSGxZtXC8EUIeavm5,814454826695348,814454826695348,2022-10-20T16:39:11Z,train
003957,train,26.45351494518117,-82.0477169752121,2,2_SevereDamage,2_SevereDamage,grid_0.005_23290_19590,grid_0.005_23290_19590,cy8maM4ht0X3eRY9jKSwxo,815386566770255,815386566770255,2022-10-20T16:52:13Z,train
003958,val,26.44266984222088,-82.04817831516266,2,2_SevereDamage,2_SevereDamage,grid_0.005_23288_19590,grid_0.005_23288_19590,cAwCT0DeaQh89tvBRsHUz4,815635396590677,815635396590677,2022-10-22T19:41:09Z,test
003959,train,26.50957810455381,-81.97543680667877,2,2_SevereDamage,2_SevereDamage,grid_0.005_23301_19604,grid_0.005_23301_19604,edntlwFA590gu1YVE4vSCf,815750933400558,815750933400558,2022-10-02T17:11:36Z,train
003960,train,26.45056602358575,-82.04949796199799,2,2_SevereDamage,2_SevereDamage,grid_0.005_23290_19590,grid_0.005_23290_19590,6e3WJg5uL72BZAq0QDM9hj,817971356512153,817971356512153,2022-10-20T16:55:04Z,test
003961,train,26.42380134900532,-82.08514988422394,2,2_SevereDamage,2_SevereDamage,grid_0.005_23284_19582,grid_0.005_23284_19582,aLbXpouwqyjD4cWNZMfF2Y,818337259809124,818337259809124,2022-10-20T13:45:22Z,train
003962,train,26.442612203870667,-82.05470144748688,2,2_SevereDamage,2_SevereDamage,grid_0.005_23288_19589,grid_0.005_23288_19589,lAtIQeO0Rwg2YVoC6Pa93F,818922039763035,818922039763035,2022-10-22T19:32:48Z,train
003963,test,26.426630859128096,-82.09575533866881,2,2_SevereDamage,2_SevereDamage,grid_0.005_23285_19580,grid_0.005_23285_19580,mlt8kfA0uSC5rYi7VQhg2P,820408836358209,820408836358209,2022-10-20T15:51:40Z,train
003964,test,26.443640083454326,-82.06488847732544,2,2_SevereDamage,2_SevereDamage,grid_0.005_23288_19587,grid_0.005_23288_19587,mOxFlgIhNsDMV6H72nawdZ,821922019307880,821922019307880,2022-10-22T16:49:22Z,train
003965,train,26.44783796373224,-82.0340484380722,2,2_SevereDamage,2_SevereDamage,grid_0.005_23289_19593,grid_0.005_23289_19593,9UT5ZHyS3c7kMrjfsgzh10,823391279302702,823391279302702,2022-10-20T18:13:10Z,train
003966,train,26.430291344741,-82.10139334201813,2,2_SevereDamage,2_SevereDamage,grid_0.005_23286_19579,grid_0.005_23286_19579,5ZrTVbvnpkBCqAUuj4foc1,825338938772240,825338938772240,2022-10-22T18:23:59Z,train
003967,train,26.450810969460377,-82.02354490756989,2,2_SevereDamage,2_SevereDamage,grid_0.005_23290_19595,grid_0.005_23290_19595,2GE5DnWJXaevYfqkA4pId1,828477875458877,828477875458877,2022-10-20T17:09:22Z,train
003968,train,26.453923177562103,-82.0497876405716,2,2_SevereDamage,2_SevereDamage,grid_0.005_23290_19590,grid_0.005_23290_19590,cy8maM4ht0X3eRY9jKSwxo,829955215364593,829955215364593,2022-10-20T16:52:47Z,train
003969,train,26.43480194075704,-82.04814612865448,2,2_SevereDamage,2_SevereDamage,grid_0.005_23286_19590,grid_0.005_23286_19590,njtp7LVIeUbyEwXSkgYzCT,829955335214116,829955335214116,2022-10-20T13:37:55Z,train
003970,train,26.4350949552652,-82.08159327507019,2,2_SevereDamage,2_SevereDamage,grid_0.005_23287_19583,grid_0.005_23287_19583,8zouvat6BbkWiE0A1VYwfq,829956851881811,829956851881811,2022-10-22T19:10:18Z,train
003971,val,26.43972544627711,-82.06567168235779,2,2_SevereDamage,2_SevereDamage,grid_0.005_23287_19586,grid_0.005_23287_19586,wJ8ZYp4KuVjgI6xsXOUWkA,830099018073125,830099018073125,2022-10-22T17:13:52Z,train
003972,train,26.56955785073057,-81.89760982990265,2,2_SevereDamage,2_SevereDamage,grid_0.005_23313_19620,grid_0.005_23313_19620,M5eOhXKrUp6RGLtk7lZcbB,831557108310854,831557108310854,2022-10-11T15:29:35Z,train
003973,train,26.554544261211817,-81.96446657180786,2,2_SevereDamage,2_SevereDamage,grid_0.005_23310_19607,grid_0.005_23310_19607,lR0cupJwszIVy8CWaMS2jT,833258041294496,833258041294496,2022-10-02T11:49:54Z,train
003974,train,26.447540178639443,-82.03403234481812,2,2_SevereDamage,2_SevereDamage,grid_0.005_23289_19593,grid_0.005_23289_19593,9UT5ZHyS3c7kMrjfsgzh10,834495857594782,834495857594782,2022-10-20T18:13:14Z,train
003975,train,26.427452316802004,-82.09421038627625,2,2_SevereDamage,2_SevereDamage,grid_0.005_23285_19581,grid_0.005_23285_19581,yILRGFcu1KtAQg0WzVjEhZ,837147460584265,837147460584265,2022-10-22T18:58:40Z,train
003976,test,26.445316372072824,-82.02768623828888,2,2_SevereDamage,2_SevereDamage,grid_0.005_23289_19594,grid_0.005_23289_19594,n8NHRsX3PiA1YpCSMoy20F,838283020609493,838283020609493,2022-10-21T18:48:24Z,train
003977,train,26.448058900561648,-82.05220699310303,2,2_SevereDamage,2_SevereDamage,grid_0.005_23289_19589,grid_0.005_23289_19589,fkzvtDXqFTJgKBrMpHPWEi,839206660508218,839206660508218,2022-10-21T20:12:46Z,train
003978,train,26.551026891213468,-81.98244273662566,2,2_SevereDamage,2_SevereDamage,grid_0.005_23310_19603,grid_0.005_23310_19603,LdAR3S0E9p7g5saOr1qQXy,841266163667732,841266163667732,2022-10-02T12:03:58.333000Z,train
003979,train,26.44716554468721,-82.05145597457886,2,2_SevereDamage,2_SevereDamage,grid_0.005_23289_19589,grid_0.005_23289_19589,6e3WJg5uL72BZAq0QDM9hj,843940407167644,843940407167644,2022-10-20T16:56:24Z,train
003980,train,26.443145357509763,-82.03239619731903,2,2_SevereDamage,2_SevereDamage,grid_0.005_23288_19593,grid_0.005_23288_19593,5bS0CBxDknPTVWIs6OLvru,844009793560813,844009793560813,2022-10-21T17:19:11Z,train
003981,train,26.44484566884931,-82.02910780906677,2,2_SevereDamage,2_SevereDamage,grid_0.005_23288_19594,grid_0.005_23288_19594,oAbgmNBZR9JTjufiX5eCxP,845353480540582,845353480540582,2022-10-20T17:06:40Z,train
003982,train,26.450417134662302,-82.02640950679779,2,2_SevereDamage,2_SevereDamage,grid_0.005_23290_19594,grid_0.005_23290_19594,oA4ekOPWvzdE6Gc3J0qSLM,846553643272254,846553643272254,2022-10-21T17:58:35Z,train
003983,train,26.43391328564367,-82.05398797988892,2,2_SevereDamage,2_SevereDamage,grid_0.005_23286_19589,grid_0.005_23286_19589,NyYzSUec6DpPEo8ZrBnL17,847278723165386,847278723165386,2022-10-21T19:19:20Z,train
003984,train,26.44864005845892,-82.03357100486755,2,2_SevereDamage,2_SevereDamage,grid_0.005_23289_19593,grid_0.005_23289_19593,9oftQ5hvKsIWYCqU7guZaA,848344719584330,848344719584330,2022-10-21T18:26:01Z,train
003985,train,26.461722539407944,-82.04778671264648,2,2_SevereDamage,2_SevereDamage,grid_0.005_23292_19590,grid_0.005_23292_19590,tTMujQinkPSmUalNr8ODYC,854286902519791,854286902519791,2022-10-21T18:59:10Z,train
003986,train,26.43459538909869,-82.11895108222961,2,2_SevereDamage,2_SevereDamage,grid_0.005_23286_19576,grid_0.005_23286_19576,FM0vhu18zH3yVEaAb4LYT6,856904112688249,856904112688249,2022-10-20T13:58:19Z,train
003987,train,26.440474761355105,-82.05095171928406,2,2_SevereDamage,2_SevereDamage,grid_0.005_23288_19589,grid_0.005_23288_19589,ZD02REoSqG75BNbzd4CTlv,857469008876726,857469008876726,2022-10-21T19:12:09Z,train
003988,val,26.43824121164077,-82.06503868103027,2,2_SevereDamage,2_SevereDamage,grid_0.005_23287_19586,grid_0.005_23287_19586,ojkNER9alymT7XHIBhWvS2,858690468547211,858690468547211,2022-10-21T16:48:09Z,test
003989,train,26.441493053521768,-82.03987419605254,2,2_SevereDamage,2_SevereDamage,grid_0.005_23288_19592,grid_0.005_23288_19592,5bS0CBxDknPTVWIs6OLvru,860088348624825,860088348624825,2022-10-21T17:17:05Z,train
003990,train,26.45077734946922,-82.0238184928894,2,2_SevereDamage,2_SevereDamage,grid_0.005_23290_19595,grid_0.005_23290_19595,qLOwB6Mxsdzou8VFbWP7SU,860518889010263,860518889010263,2022-10-20T17:26:23Z,train
003991,train,26.44106076077678,-82.03987956047058,2,2_SevereDamage,2_SevereDamage,grid_0.005_23288_19592,grid_0.005_23288_19592,PioLgY63BXl1ItahOyTeME,8642768199129131,8642768199129131,2022-10-21T17:12:22Z,train
003992,train,26.433956517672627,-82.04961597919464,2,2_SevereDamage,2_SevereDamage,grid_0.005_23286_19590,grid_0.005_23286_19590,PioLgY63BXl1ItahOyTeME,868959127669968,868959127669968,2022-10-21T17:08:29Z,train
003993,train,26.43889927272221,-82.0502758026123,2,2_SevereDamage,2_SevereDamage,grid_0.005_23287_19589,grid_0.005_23287_19589,ZD02REoSqG75BNbzd4CTlv,869343997618521,869343997618521,2022-10-21T19:11:29Z,train
003994,train,26.435935566522986,-82.05053329467773,2,2_SevereDamage,2_SevereDamage,grid_0.005_23287_19589,grid_0.005_23287_19589,cK9RIBTNm6s1M7DYd2raCk,874443520268013,874443520268013,2022-10-21T19:27:15Z,train
003995,train,26.44205503166532,-82.03509986400604,2,2_SevereDamage,2_SevereDamage,grid_0.005_23288_19592,grid_0.005_23288_19592,n8NHRsX3PiA1YpCSMoy20F,875532440258815,875532440258815,2022-10-21T18:49:48Z,train
003996,train,26.439096209979425,-82.05427765846252,2,2_SevereDamage,2_SevereDamage,grid_0.005_23287_19589,grid_0.005_23287_19589,ZD02REoSqG75BNbzd4CTlv,876484433591974,876484433591974,2022-10-21T19:14:24Z,train
003997,test,26.44888981136513,-82.027707695961,2,2_SevereDamage,2_SevereDamage,grid_0.005_23289_19594,grid_0.005_23289_19594,nyw9GxcmVequiNU27Ka6LA,877188670098591,877188670098591,2022-10-21T18:43:39Z,train
003998,test,26.445042595942155,-82.02849090099335,2,2_SevereDamage,2_SevereDamage,grid_0.005_23289_19594,grid_0.005_23289_19594,n8NHRsX3PiA1YpCSMoy20F,877274263543839,877274263543839,2022-10-21T18:48:34Z,test
003999,train,26.439907972193765,-82.04170346260071,2,2_SevereDamage,2_SevereDamage,grid_0.005_23287_19591,grid_0.005_23287_19591,PioLgY63BXl1ItahOyTeME,877893960127883,877893960127883,2022-10-21T17:11:42Z,train
004000,train,26.435344737536383,-82.05711007118225,2,2_SevereDamage,2_SevereDamage,grid_0.005_23287_19588,grid_0.005_23287_19588,X52NQsIPtuAZHEwoBkDhqv,878485896631888,878485896631888,2022-10-21T16:58:09Z,train
004001,train,26.4337883930245,-82.05420792102814,2,2_SevereDamage,2_SevereDamage,grid_0.005_23286_19589,grid_0.005_23286_19589,NyYzSUec6DpPEo8ZrBnL17,879317040006677,879317040006677,2022-10-21T19:19:25Z,train
004002,train,26.435339934036293,-82.05732464790344,2,2_SevereDamage,2_SevereDamage,grid_0.005_23287_19588,grid_0.005_23287_19588,X52NQsIPtuAZHEwoBkDhqv,879586423356964,879586423356964,2022-10-21T16:58:04Z,train
004003,train,26.443582445589527,-82.03990638256073,2,2_SevereDamage,2_SevereDamage,grid_0.005_23288_19592,grid_0.005_23288_19592,PioLgY63BXl1ItahOyTeME,879738893234637,879738893234637,2022-10-21T17:13:01Z,train
004004,train,26.43975906949401,-82.05028116703033,2,2_SevereDamage,2_SevereDamage,grid_0.005_23287_19589,grid_0.005_23287_19589,ZD02REoSqG75BNbzd4CTlv,880114043138917,880114043138917,2022-10-21T19:11:48Z,train
004005,train,26.438236408261403,-82.0791095495224,2,2_SevereDamage,2_SevereDamage,grid_0.005_23287_19584,grid_0.005_23287_19584,FDdzYnaCWL8jJN0GwxMkmV,880472823153790,880472823153790,2022-10-21T16:40:14Z,train
004006,train,26.431501873461627,-82.05861747264862,2,2_SevereDamage,2_SevereDamage,grid_0.005_23286_19588,grid_0.005_23286_19588,NyYzSUec6DpPEo8ZrBnL17,882488402896712,882488402896712,2022-10-21T19:20:33Z,train
004007,train,26.439927185431326,-82.04119920730591,2,2_SevereDamage,2_SevereDamage,grid_0.005_23287_19591,grid_0.005_23287_19591,PioLgY63BXl1ItahOyTeME,885509989155537,885509989155537,2022-10-21T17:11:47Z,train
004008,val,26.4405516139081,-82.04830706119537,2,2_SevereDamage,2_SevereDamage,grid_0.005_23288_19590,grid_0.005_23288_19590,cK9RIBTNm6s1M7DYd2raCk,886017152643929,886017152643929,2022-10-21T19:28:55Z,train
004009,train,26.44452386043648,-82.03842580318451,2,2_SevereDamage,2_SevereDamage,grid_0.005_23288_19592,grid_0.005_23288_19592,n8NHRsX3PiA1YpCSMoy20F,887072135652584,887072135652584,2022-10-21T18:51:26Z,train
004010,train,26.43784733386713,-82.06452369689941,2,2_SevereDamage,2_SevereDamage,grid_0.005_23287_19587,grid_0.005_23287_19587,ojkNER9alymT7XHIBhWvS2,891319108572003,891319108572003,2022-10-21T16:48:26Z,train
004011,train,26.4492452280287,-82.03084588050842,2,2_SevereDamage,2_SevereDamage,grid_0.005_23289_19593,grid_0.005_23289_19593,nyw9GxcmVequiNU27Ka6LA,891389475488121,891389475488121,2022-10-21T18:39:10Z,train
004012,train,26.43146344417381,-82.05885887145996,2,2_SevereDamage,2_SevereDamage,grid_0.005_23286_19588,grid_0.005_23286_19588,NyYzSUec6DpPEo8ZrBnL17,891624371884253,891624371884253,2022-10-21T19:20:39Z,train
004013,train,26.431122383683103,-82.05478727817535,2,2_SevereDamage,2_SevereDamage,grid_0.005_23286_19589,grid_0.005_23286_19589,d9OWh4IQeMXLPraFD8HZpy,891650855295531,891650855295531,2022-10-21T17:07:33Z,train
004014,train,26.44031625280269,-82.05062985420227,2,2_SevereDamage,2_SevereDamage,grid_0.005_23288_19589,grid_0.005_23288_19589,ZD02REoSqG75BNbzd4CTlv,892286512120325,892286512120325,2022-10-21T19:12:02Z,train
004015,test,26.44880335849737,-82.0286625623703,2,2_SevereDamage,2_SevereDamage,grid_0.005_23289_19594,grid_0.005_23289_19594,nyw9GxcmVequiNU27Ka6LA,893082228488061,893082228488061,2022-10-21T18:42:40Z,train
004016,train,26.436108491507,-82.0477545261383,2,2_SevereDamage,2_SevereDamage,grid_0.005_23287_19590,grid_0.005_23287_19590,PioLgY63BXl1ItahOyTeME,893823535092517,893823535092517,2022-10-21T17:09:16Z,train
004017,train,26.43391808920324,-82.05397725105287,2,2_SevereDamage,2_SevereDamage,grid_0.005_23286_19589,grid_0.005_23286_19589,cK9RIBTNm6s1M7DYd2raCk,894853574985616,894853574985616,2022-10-21T19:26:23Z,train
004018,train,26.432241634754604,-82.05732464790344,2,2_SevereDamage,2_SevereDamage,grid_0.005_23286_19588,grid_0.005_23286_19588,NyYzSUec6DpPEo8ZrBnL17,895411895141206,895411895141206,2022-10-21T19:25:37Z,train
004019,train,26.43897132297729,-82.0502918958664,2,2_SevereDamage,2_SevereDamage,grid_0.005_23287_19589,grid_0.005_23287_19589,ZD02REoSqG75BNbzd4CTlv,895518018267132,895518018267132,2022-10-21T19:16:59Z,train
004020,val,26.43796741869689,-82.06594526767731,2,2_SevereDamage,2_SevereDamage,grid_0.005_23287_19586,grid_0.005_23287_19586,ojkNER9alymT7XHIBhWvS2,896902614666938,896902614666938,2022-10-21T16:47:51Z,train
004021,train,26.441632347505163,-82.03581869602203,2,2_SevereDamage,2_SevereDamage,grid_0.005_23288_19592,grid_0.005_23288_19592,5bS0CBxDknPTVWIs6OLvru,897360445034864,897360445034864,2022-10-21T17:18:31Z,train
004022,train,26.44037869559179,-82.03814685344696,2,2_SevereDamage,2_SevereDamage,grid_0.005_23288_19592,grid_0.005_23288_19592,5bS0CBxDknPTVWIs6OLvru,898374891520531,898374891520531,2022-10-21T17:17:59Z,train
004023,train,26.4617609586018,-82.04788327217102,2,2_SevereDamage,2_SevereDamage,grid_0.005_23292_19590,grid_0.005_23292_19590,tTMujQinkPSmUalNr8ODYC,899090267785969,899090267785969,2022-10-21T18:59:12Z,train
004024,train,26.5550289108292,-81.96471869945526,2,2_SevereDamage,2_SevereDamage,grid_0.005_23311_19607,grid_0.005_23311_19607,ZPlHNo3BhFseuWtwfCJd26,899291577726801,899291577726801,2022-10-02T11:49:47Z,train
004025,train,26.44671886415162,-82.03023970127106,2,2_SevereDamage,2_SevereDamage,grid_0.005_23289_19593,grid_0.005_23289_19593,nyw9GxcmVequiNU27Ka6LA,899362047915939,899362047915939,2022-10-21T18:38:24Z,train
004026,train,26.44159392159554,-82.03846871852875,2,2_SevereDamage,2_SevereDamage,grid_0.005_23288_19592,grid_0.005_23288_19592,n8NHRsX3PiA1YpCSMoy20F,900423200973045,900423200973045,2022-10-21T18:50:54Z,test
004027,train,26.43985033246183,-82.05283999443054,2,2_SevereDamage,2_SevereDamage,grid_0.005_23287_19589,grid_0.005_23287_19589,ZD02REoSqG75BNbzd4CTlv,904601524055719,904601524055719,2022-10-21T19:15:37Z,train
004028,train,26.554371514318262,-81.96438610553741,2,2_SevereDamage,2_SevereDamage,grid_0.005_23310_19607,grid_0.005_23310_19607,lR0cupJwszIVy8CWaMS2jT,906666184075722,906666184075722,2022-10-02T11:49:57Z,train
004029,train,26.5695770422995,-81.8970787525177,2,2_SevereDamage,2_SevereDamage,grid_0.005_23313_19620,grid_0.005_23313_19620,M5eOhXKrUp6RGLtk7lZcbB,911108323320602,911108323320602,2022-10-11T15:29:28Z,train
004030,train,26.437765676111425,-82.04830169677734,2,2_SevereDamage,2_SevereDamage,grid_0.005_23287_19590,grid_0.005_23287_19590,cK9RIBTNm6s1M7DYd2raCk,911210059878438,911210059878438,2022-10-21T19:28:00Z,train
004031,train,26.43270758585913,-82.06234574317932,2,2_SevereDamage,2_SevereDamage,grid_0.005_23286_19587,grid_0.005_23286_19587,d9OWh4IQeMXLPraFD8HZpy,911315986720046,911315986720046,2022-10-21T17:04:57Z,train
004032,train,26.44086382687742,-82.03988492488861,2,2_SevereDamage,2_SevereDamage,grid_0.005_23288_19592,grid_0.005_23288_19592,5bS0CBxDknPTVWIs6OLvru,912662569727927,912662569727927,2022-10-21T17:17:15Z,train
004033,train,26.432376136297748,-82.05243766307831,2,2_SevereDamage,2_SevereDamage,grid_0.005_23286_19589,grid_0.005_23286_19589,PioLgY63BXl1ItahOyTeME,914180376405577,914180376405577,2022-10-21T17:07:58Z,train
004034,val,26.442655432636016,-82.04865038394928,2,2_SevereDamage,2_SevereDamage,grid_0.005_23288_19590,grid_0.005_23288_19590,cAwCT0DeaQh89tvBRsHUz4,914819149581211,914819149581211,2022-10-22T19:41:18Z,train
004035,train,26.443774571693325,-82.03990638256073,2,2_SevereDamage,2_SevereDamage,grid_0.005_23288_19592,grid_0.005_23288_19592,PioLgY63BXl1ItahOyTeME,917681579669395,917681579669395,2022-10-21T17:13:04Z,train
004036,train,26.44081579416796,-82.03731000423431,2,2_SevereDamage,2_SevereDamage,grid_0.005_23288_19592,grid_0.005_23288_19592,5bS0CBxDknPTVWIs6OLvru,918728669296182,918728669296182,2022-10-21T17:18:11Z,train
004037,train,26.449062716906028,-82.03081369400024,2,2_SevereDamage,2_SevereDamage,grid_0.005_23289_19593,grid_0.005_23289_19593,nyw9GxcmVequiNU27Ka6LA,918753076148892,918753076148892,2022-10-21T18:39:02Z,test
004038,val,26.45271768718173,-82.03919291496277,2,2_SevereDamage,2_SevereDamage,grid_0.005_23290_19592,grid_0.005_23290_19592,YokgWzSGxZtXC8EUIeavm5,919332559369624,919332559369624,2022-10-20T16:37:18Z,train
004039,train,26.46449829315924,-82.1525913476944,2,2_SevereDamage,2_SevereDamage,grid_0.005_23292_19569,grid_0.005_23292_19569,5bepm7EUv2gLRdyB0VZTJ1,921142375644798,921142375644798,2022-10-20T15:36:45Z,train
004040,train,26.448433531608188,-82.03188121318817,2,2_SevereDamage,2_SevereDamage,grid_0.005_23289_19593,grid_0.005_23289_19593,9oftQ5hvKsIWYCqU7guZaA,921316092212734,921316092212734,2022-10-21T18:32:41Z,train
004041,train,26.42595831632388,-82.09071815013885,2,2_SevereDamage,2_SevereDamage,grid_0.005_23285_19581,grid_0.005_23285_19581,yILRGFcu1KtAQg0WzVjEhZ,922413868825698,922413868825698,2022-10-22T19:04:00Z,train
004042,test,26.443985910037394,-82.06288754940033,2,2_SevereDamage,2_SevereDamage,grid_0.005_23288_19587,grid_0.005_23288_19587,wsuK3zob9RL5EY1FcZThlt,924529271972692,924529271972692,2022-10-22T17:02:53Z,train
004043,train,26.45179555056326,-82.02942430973053,2,2_SevereDamage,2_SevereDamage,grid_0.005_23290_19594,grid_0.005_23290_19594,oA4ekOPWvzdE6Gc3J0qSLM,924739185564589,924739185564589,2022-10-21T17:56:38Z,train
004044,train,26.435104562285645,-82.04756677150726,2,2_SevereDamage,2_SevereDamage,grid_0.005_23287_19590,grid_0.005_23287_19590,PioLgY63BXl1ItahOyTeME,925687811757066,925687811757066,2022-10-21T17:08:52Z,train
004045,test,26.44094067917088,-82.06296265125275,2,2_SevereDamage,2_SevereDamage,grid_0.005_23288_19587,grid_0.005_23288_19587,wJ8ZYp4KuVjgI6xsXOUWkA,925815431814489,925815431814489,2022-10-22T17:12:49Z,train
004046,train,26.45825515436321,-82.04972326755524,2,2_SevereDamage,2_SevereDamage,grid_0.005_23291_19590,grid_0.005_23291_19590,YokgWzSGxZtXC8EUIeavm5,926945931735908,926945931735908,2022-10-20T16:41:49Z,test
004047,val,26.442665039026124,-82.048419713974,2,2_SevereDamage,2_SevereDamage,grid_0.005_23288_19590,grid_0.005_23288_19590,cAwCT0DeaQh89tvBRsHUz4,928621508226653,928621508226653,2022-10-22T19:44:14Z,train
004048,train,26.42953235596373,-82.09243476390839,2,2_SevereDamage,2_SevereDamage,grid_0.005_23285_19581,grid_0.005_23285_19581,8DuCakHvNX3A4ErGBom1lf,928703791763894,928703791763894,2022-10-22T18:45:08Z,train
004049,train,26.49793173945305,-81.97035133838652,2,2_SevereDamage,2_SevereDamage,grid_0.005_23299_19605,grid_0.005_23299_19605,RXf0eK8SQjNG3mF96dHBPA,928872845084265,928872845084265,2022-09-30T16:08:28Z,train
004050,test,26.42661164367385,-82.09570169448853,2,2_SevereDamage,2_SevereDamage,grid_0.005_23285_19580,grid_0.005_23285_19580,mlt8kfA0uSC5rYi7VQhg2P,928976201519708,928976201519708,2022-10-20T15:51:40Z,train
004051,train,26.569601031756136,-81.89644575119019,2,2_SevereDamage,2_SevereDamage,grid_0.005_23313_19620,grid_0.005_23313_19620,M5eOhXKrUp6RGLtk7lZcbB,930046268031490,930046268031490,2022-10-11T15:29:18Z,train
004052,train,26.448966658304258,-82.0307868719101,2,2_SevereDamage,2_SevereDamage,grid_0.005_23289_19593,grid_0.005_23289_19593,nyw9GxcmVequiNU27Ka6LA,930271068134441,930271068134441,2022-10-21T18:39:00Z,train
004053,val,26.440018448266,-82.04829633235931,2,2_SevereDamage,2_SevereDamage,grid_0.005_23288_19590,grid_0.005_23288_19590,cK9RIBTNm6s1M7DYd2raCk,931549534508342,931549534508342,2022-10-21T19:28:47Z,train
004054,train,26.453846333930382,-82.04846262931824,2,2_SevereDamage,2_SevereDamage,grid_0.005_23290_19590,grid_0.005_23290_19590,cy8maM4ht0X3eRY9jKSwxo,933154954582045,933154954582045,2022-10-20T16:52:27Z,train
004055,train,26.45339487655839,-82.04007804393768,2,2_SevereDamage,2_SevereDamage,grid_0.005_23290_19591,grid_0.005_23290_19591,YokgWzSGxZtXC8EUIeavm5,935338351096626,935338351096626,2022-10-20T16:37:35Z,train
004056,train,26.42860522998048,-82.1016401052475,2,2_SevereDamage,2_SevereDamage,grid_0.005_23285_19579,grid_0.005_23285_19579,5ZrTVbvnpkBCqAUuj4foc1,935818657641867,935818657641867,2022-10-22T18:29:34Z,train
004057,train,26.476186459365493,-82.17392027378082,2,2_SevereDamage,2_SevereDamage,grid_0.005_23295_19565,grid_0.005_23295_19565,V9j3Lpa2hEK7wUbA8cGd65,936270480940434,936270480940434,2022-10-20T14:28:47Z,train
004058,train,26.447511360686363,-82.03043282032013,2,2_SevereDamage,2_SevereDamage,grid_0.005_23289_19593,grid_0.005_23289_19593,9oftQ5hvKsIWYCqU7guZaA,936553104391016,936553104391016,2022-10-21T18:33:48Z,test
004059,train,26.43966780645385,-82.04297482967377,2,2_SevereDamage,2_SevereDamage,grid_0.005_23287_19591,grid_0.005_23287_19591,PioLgY63BXl1ItahOyTeME,936908364319782,936908364319782,2022-10-21T17:11:22Z,train
004060,train,26.446171317906263,-82.06057548522949,2,2_SevereDamage,2_SevereDamage,grid_0.005_23289_19587,grid_0.005_23289_19587,mOxFlgIhNsDMV6H72nawdZ,936955594072141,936955594072141,2022-10-22T16:52:56Z,train
004061,train,26.43789536781404,-82.0502918958664,2,2_SevereDamage,2_SevereDamage,grid_0.005_23287_19589,grid_0.005_23287_19589,ZD02REoSqG75BNbzd4CTlv,937487174081543,937487174081543,2022-10-21T19:17:17Z,train
004062,train,26.456833592360013,-82.05099463462828,2,2_SevereDamage,2_SevereDamage,grid_0.005_23291_19589,grid_0.005_23291_19589,YokgWzSGxZtXC8EUIeavm5,937861330848826,937861330848826,2022-10-20T16:44:23Z,train
004063,train,26.493202767069818,-82.18540012836456,2,2_SevereDamage,2_SevereDamage,grid_0.005_23298_19562,grid_0.005_23298_19562,SyLB57XMjdtCGqc6ZnJ4Pv,939350164026448,939350164026448,2022-10-20T14:32:02Z,train
004064,train,26.423743701218218,-82.08488166332245,2,2_SevereDamage,2_SevereDamage,grid_0.005_23284_19583,grid_0.005_23284_19583,yILRGFcu1KtAQg0WzVjEhZ,939793777140360,939793777140360,2022-10-22T19:05:57Z,test
004065,train,26.48516066682322,-82.00644850730896,2,2_SevereDamage,2_SevereDamage,grid_0.005_23297_19598,grid_0.005_23297_19598,o3urlx7HenjaMLPT9hqkEs,940150323768874,940150323768874,2022-10-22T19:57:05Z,train
004066,train,26.571975963099103,-81.90315663814545,2,2_SevereDamage,2_SevereDamage,grid_0.005_23314_19619,grid_0.005_23314_19619,R6NX8Ev17S4qMjZcJWGtfd,941391607298069,941391607298069,2022-10-11T15:18:20Z,train
004067,train,26.43320235661942,-82.05532908439636,2,2_SevereDamage,2_SevereDamage,grid_0.005_23286_19588,grid_0.005_23286_19588,cK9RIBTNm6s1M7DYd2raCk,943795783190361,943795783190361,2022-10-21T19:26:05Z,train
004068,train,26.44421646051603,-82.06568241119383,2,2_SevereDamage,2_SevereDamage,grid_0.005_23288_19586,grid_0.005_23288_19586,wsuK3zob9RL5EY1FcZThlt,943810333514679,943810333514679,2022-10-22T17:00:14Z,train
004069,test,26.44970150457001,-82.02935457229614,2,2_SevereDamage,2_SevereDamage,grid_0.005_23289_19594,grid_0.005_23289_19594,nyw9GxcmVequiNU27Ka6LA,944020846535970,944020846535970,2022-10-21T18:41:21Z,test
004070,train,26.57047424455889,-81.89789950847626,2,2_SevereDamage,2_SevereDamage,grid_0.005_23314_19620,grid_0.005_23314_19620,M5eOhXKrUp6RGLtk7lZcbB,946452663246761,946452663246761,2022-10-11T15:30:35Z,train
004071,train,26.433173535079973,-82.05102145671844,2,2_SevereDamage,2_SevereDamage,grid_0.005_23286_19589,grid_0.005_23286_19589,njtp7LVIeUbyEwXSkgYzCT,946882403194600,946882403194600,2022-10-20T13:38:34Z,train
004072,val,26.43951890344374,-82.06717371940613,2,2_SevereDamage,2_SevereDamage,grid_0.005_23287_19586,grid_0.005_23287_19586,bHW0YasAr5m2fTOgSIokNq,946901799864395,946901799864395,2022-10-22T17:19:21Z,train
004073,train,26.446800515561705,-82.03403234481812,2,2_SevereDamage,2_SevereDamage,grid_0.005_23289_19593,grid_0.005_23289_19593,9UT5ZHyS3c7kMrjfsgzh10,950907976165526,950907976165526,2022-10-20T18:13:27Z,train
004074,train,26.438308458930976,-82.07067131996155,2,2_SevereDamage,2_SevereDamage,grid_0.005_23287_19585,grid_0.005_23287_19585,GIdmeE2xtHZPsDkr8qAcoB,951220966147557,951220966147557,2022-10-22T17:25:21Z,train
004075,train,26.44281874115876,-82.0330935716629,2,2_SevereDamage,2_SevereDamage,grid_0.005_23288_19593,grid_0.005_23288_19593,oAbgmNBZR9JTjufiX5eCxP,951462892621395,951462892621395,2022-10-20T17:04:56Z,train
004076,train,26.45891310110501,-82.04521179199219,2,2_SevereDamage,2_SevereDamage,grid_0.005_23291_19590,grid_0.005_23291_19590,tTMujQinkPSmUalNr8ODYC,951470699168081,951470699168081,2022-10-21T19:00:45Z,train
004077,test,26.449831182836093,-82.03543782234192,2,2_SevereDamage,2_SevereDamage,grid_0.005_23289_19592,grid_0.005_23289_19592,9UT5ZHyS3c7kMrjfsgzh10,952085039406741,952085039406741,2022-10-20T18:11:58Z,train
004078,train,26.42419527477909,-82.08867967128754,2,2_SevereDamage,2_SevereDamage,grid_0.005_23284_19582,grid_0.005_23284_19582,aLbXpouwqyjD4cWNZMfF2Y,952805042606625,952805042606625,2022-10-20T13:46:15Z,train
004079,test,26.43987915233141,-82.12922930717468,2,2_SevereDamage,2_SevereDamage,grid_0.005_23287_19574,grid_0.005_23287_19574,FM0vhu18zH3yVEaAb4LYT6,952945625959435,952945625959435,2022-10-20T14:01:22Z,train
004080,train,26.44614249961073,-82.06341326236725,2,2_SevereDamage,2_SevereDamage,grid_0.005_23289_19587,grid_0.005_23289_19587,mOxFlgIhNsDMV6H72nawdZ,955053075639310,955053075639310,2022-10-22T16:55:21Z,train
004081,train,26.43650237522418,-82.0502597093582,2,2_SevereDamage,2_SevereDamage,grid_0.005_23287_19589,grid_0.005_23287_19589,ZD02REoSqG75BNbzd4CTlv,955132318781632,955132318781632,2022-10-21T19:10:55Z,train
004082,train,26.480584820819544,-82.17806160449983,2,2_SevereDamage,2_SevereDamage,grid_0.005_23296_19564,grid_0.005_23296_19564,2FqKfe7p8ltGyoBMwk1naW,955982552316901,955982552316901,2022-10-20T15:16:45Z,train
004083,train,26.43615172271248,-82.0775055885315,2,2_SevereDamage,2_SevereDamage,grid_0.005_23287_19584,grid_0.005_23287_19584,lAtIQeO0Rwg2YVoC6Pa93F,956300558931489,956300558931489,2022-10-22T19:29:15Z,train
004084,train,26.45085419514889,-82.04408526420593,2,2_SevereDamage,2_SevereDamage,grid_0.005_23290_19591,grid_0.005_23290_19591,6e3WJg5uL72BZAq0QDM9hj,960748371740702,960748371740702,2022-10-20T16:59:02Z,train
004085,train,26.43991757881296,-82.05253422260284,2,2_SevereDamage,2_SevereDamage,grid_0.005_23287_19589,grid_0.005_23287_19589,ZD02REoSqG75BNbzd4CTlv,962050035179353,962050035179353,2022-10-21T19:15:44Z,test
004086,train,26.444307719953017,-82.06569314002991,2,2_SevereDamage,2_SevereDamage,grid_0.005_23288_19586,grid_0.005_23288_19586,wsuK3zob9RL5EY1FcZThlt,962783848114379,962783848114379,2022-10-22T17:00:11Z,train
004088,train,26.440955088970185,-82.03707933425903,2,2_SevereDamage,2_SevereDamage,grid_0.005_23288_19592,grid_0.005_23288_19592,oAbgmNBZR9JTjufiX5eCxP,963341728051093,963341728051093,2022-10-20T17:03:52Z,train
004089,train,26.52107449151106,-81.96262657642365,2,2_SevereDamage,2_SevereDamage,grid_0.005_23304_19607,grid_0.005_23304_19607,dVQlYJ0PO3AqDIKywBcUbt,964910417884932,964910417884932,2022-10-02T16:32:57Z,train
004090,val,26.43797702547785,-82.06593990325928,2,2_SevereDamage,2_SevereDamage,grid_0.005_23287_19586,grid_0.005_23287_19586,ojkNER9alymT7XHIBhWvS2,967009174709971,967009174709971,2022-10-21T16:45:37Z,train
004091,train,26.50563690705061,-82.18934297561646,2,2_SevereDamage,2_SevereDamage,grid_0.005_23301_19562,grid_0.005_23301_19562,5lx9r3DNnpsEXKTiPI0abv,967476901161766,967476901161766,2022-10-20T14:34:07Z,train
004092,train,26.43067083725556,-82.09495604038239,2,2_SevereDamage,2_SevereDamage,grid_0.005_23286_19581,grid_0.005_23286_19581,8DuCakHvNX3A4ErGBom1lf,967909051123247,967909051123247,2022-10-22T18:42:39Z,train
004093,val,26.450268245546354,-82.03534662723541,2,2_SevereDamage,2_SevereDamage,grid_0.005_23290_19592,grid_0.005_23290_19592,9UT5ZHyS3c7kMrjfsgzh10,968461821061225,968461821061225,2022-10-20T18:08:58Z,train
004094,train,26.450767743755648,-82.05165445804595,2,2_SevereDamage,2_SevereDamage,grid_0.005_23290_19589,grid_0.005_23290_19589,6e3WJg5uL72BZAq0QDM9hj,968952234148831,968952234148831,2022-10-20T16:54:33Z,train
004095,train,26.442650629440674,-82.05054938793182,2,2_SevereDamage,2_SevereDamage,grid_0.005_23288_19589,grid_0.005_23288_19589,cAwCT0DeaQh89tvBRsHUz4,971237534324984,971237534324984,2022-10-22T19:43:03Z,train
004096,val,26.45036430306253,-82.03531444072723,2,2_SevereDamage,2_SevereDamage,grid_0.005_23290_19592,grid_0.005_23290_19592,9UT5ZHyS3c7kMrjfsgzh10,971631224163490,971631224163490,2022-10-20T18:09:00Z,train
004097,train,26.423753309184733,-82.08495140075684,2,2_SevereDamage,2_SevereDamage,grid_0.005_23284_19583,grid_0.005_23284_19583,8isur9JBeVPXWMDpmQNSqw,973344923689127,973344923689127,2022-10-20T15:54:48Z,train
004098,val,26.438332475810824,-82.0697432756424,2,2_SevereDamage,2_SevereDamage,grid_0.005_23287_19586,grid_0.005_23287_19586,GIdmeE2xtHZPsDkr8qAcoB,973581443833412,973581443833412,2022-10-22T17:24:07Z,train
004099,test,26.42743310148469,-82.09977865219116,2,2_SevereDamage,2_SevereDamage,grid_0.005_23285_19580,grid_0.005_23285_19580,mlt8kfA0uSC5rYi7VQhg2P,975713926892681,975713926892681,2022-10-20T15:50:53Z,train
004100,train,26.48068085303622,-82.17716574668884,2,2_SevereDamage,2_SevereDamage,grid_0.005_23296_19564,grid_0.005_23296_19564,2FqKfe7p8ltGyoBMwk1naW,976898150397229,976898150397229,2022-10-20T15:17:55Z,train
004101,train,26.455777014635487,-82.0459520816803,2,2_SevereDamage,2_SevereDamage,grid_0.005_23291_19590,grid_0.005_23291_19590,YokgWzSGxZtXC8EUIeavm5,977241903515008,977241903515008,2022-10-20T16:39:04Z,train
004102,train,26.440253809979737,-82.06708788871765,2,2_SevereDamage,2_SevereDamage,grid_0.005_23288_19586,grid_0.005_23288_19586,wJ8ZYp4KuVjgI6xsXOUWkA,977459093504044,977459093504044,2022-10-22T17:16:03Z,train
004103,train,26.44840471387863,-82.03418254852295,2,2_SevereDamage,2_SevereDamage,grid_0.005_23289_19593,grid_0.005_23289_19593,9UT5ZHyS3c7kMrjfsgzh10,978873863541725,978873863541725,2022-10-20T18:12:59Z,train
004104,train,26.44833747248165,-82.04676747322083,2,2_SevereDamage,2_SevereDamage,grid_0.005_23289_19590,grid_0.005_23289_19590,6e3WJg5uL72BZAq0QDM9hj,979254199941413,979254199941413,2022-10-20T16:57:45Z,train
004105,val,26.44103194120278,-82.04592525959015,2,2_SevereDamage,2_SevereDamage,grid_0.005_23288_19590,grid_0.005_23288_19590,CDu3ifjIyq6W2ZEgm9Jecs,979431413339725,979431413339725,2022-10-22T19:34:56Z,train
004106,train,26.445229916522905,-82.0570832490921,2,2_SevereDamage,2_SevereDamage,grid_0.005_23289_19588,grid_0.005_23289_19588,mOxFlgIhNsDMV6H72nawdZ,981266969678460,981266969678460,2022-10-22T16:51:43Z,train
004107,train,26.429364224862223,-82.10210144519806,2,2_SevereDamage,2_SevereDamage,grid_0.005_23285_19579,grid_0.005_23285_19579,5ZrTVbvnpkBCqAUuj4foc1,983761812964355,983761812964355,2022-10-22T18:29:10Z,train
004108,train,26.4238589967636,-82.08571314811707,2,2_SevereDamage,2_SevereDamage,grid_0.005_23284_19582,grid_0.005_23284_19582,aLbXpouwqyjD4cWNZMfF2Y,983939806078935,983939806078935,2022-10-20T13:45:26Z,train
004109,train,26.57221585241622,-81.9034731388092,2,2_SevereDamage,2_SevereDamage,grid_0.005_23314_19619,grid_0.005_23314_19619,R6NX8Ev17S4qMjZcJWGtfd,984009289712375,984009289712375,2022-10-11T15:18:12Z,train
004110,val,26.452909798047813,-82.03933775424957,2,2_SevereDamage,2_SevereDamage,grid_0.005_23290_19592,grid_0.005_23290_19592,YokgWzSGxZtXC8EUIeavm5,985233522673991,985233522673991,2022-10-20T16:37:22Z,train
004111,train,26.43917786679222,-82.07621812820435,2,2_SevereDamage,2_SevereDamage,grid_0.005_23287_19584,grid_0.005_23287_19584,eGaqwKdfoI8yJ7kgjAtD3F,985707599288404,985707599288404,2022-10-22T17:31:44Z,train
004112,train,26.43005115895957,-82.09330916404724,2,2_SevereDamage,2_SevereDamage,grid_0.005_23286_19581,grid_0.005_23286_19581,8DuCakHvNX3A4ErGBom1lf,986112789509537,986112789509537,2022-10-22T18:47:41Z,train
004114,train,26.44716074167991,-82.04915463924408,2,2_SevereDamage,2_SevereDamage,grid_0.005_23289_19590,grid_0.005_23289_19590,6e3WJg5uL72BZAq0QDM9hj,988527658830337,988527658830337,2022-10-20T16:56:58Z,test
004115,val,26.4410799738221,-82.04567313194275,2,2_SevereDamage,2_SevereDamage,grid_0.005_23288_19590,grid_0.005_23288_19590,CDu3ifjIyq6W2ZEgm9Jecs,9914096205274907,9914096205274907,2022-10-22T19:35:01Z,train
004116,train,26.521031292211305,-82.18977212905884,2,2_SevereDamage,2_SevereDamage,grid_0.005_23304_19562,grid_0.005_23304_19562,5lx9r3DNnpsEXKTiPI0abv,992918858569781,992918858569781,2022-10-20T14:37:14Z,train
004117,train,26.45295782571428,-82.0468533039093,2,2_SevereDamage,2_SevereDamage,grid_0.005_23290_19590,grid_0.005_23290_19590,cy8maM4ht0X3eRY9jKSwxo,993596978488978,993596978488978,2022-10-20T16:51:43Z,train
004118,train,26.447689071282056,-82.03403770923615,2,2_SevereDamage,2_SevereDamage,grid_0.005_23289_19593,grid_0.005_23289_19593,9UT5ZHyS3c7kMrjfsgzh10,996333938050866,996333938050866,2022-10-20T18:13:12Z,train
004119,train,26.431252082861874,-82.10373222827911,2,2_SevereDamage,2_SevereDamage,grid_0.005_23286_19579,grid_0.005_23286_19579,5ZrTVbvnpkBCqAUuj4foc1,997435777936275,997435777936275,2022-10-22T18:22:34Z,train
004120,train,26.42498792622077,-82.09142088890076,2,2_SevereDamage,2_SevereDamage,grid_0.005_23284_19581,grid_0.005_23284_19581,aLbXpouwqyjD4cWNZMfF2Y,998859738218060,998859738218060,2022-10-20T13:48:12Z,train
